Date,Time,Tournament,Player 1,Player 2,player_id,opponent_id,Tour,Surface,player_P1,surface_P1,match_id_P1,date_P1,opponent_P1,games_won_P1,games_lost_P1,sets_won_P1,sets_lost_P1,close_sets_P1,total_sets_P1,won_P1,game_diff_P1,total_games_P1,is_3set_P1,avg_game_diff_P1,avg_total_games_P1,three_set_rate_P1,close_set_rate_P1,player_P2,surface_P2,match_id_P2,date_P2,opponent_P2,games_won_P2,games_lost_P2,sets_won_P2,sets_lost_P2,close_sets_P2,total_sets_P2,won_P2,game_diff_P2,total_games_P2,is_3set_P2,avg_game_diff_P2,avg_total_games_P2,three_set_rate_P2,close_set_rate_P2,game_diff_diff,combined_total_games,combined_3set_rate,prob_over_22_5
2026-03-30,19:00,Fayez Sarofim & Co. U.S. Men's Clay Court Championship,Adolfo Daniel Vallejo,Zachary Svajda,atp_9021,atp_106,ATP,Clay,,,,,,,,,,,,,,,,,,,,,,,,,,,,,,,,,,,,,,,,,,
2026-03-30,20:30,Fayez Sarofim & Co. U.S. Men's Clay Court Championship,Jack Pinnington Jones,Zhang Zhizhen,atp_138,atp_449,ATP,Clay,,,,,,,,,,,,,,,,,,,,,,,,,,,,,,,,,,,,,,,,,,
2026-03-30,22:00,Fayez Sarofim & Co. U.S. Men's Clay Court Championship,Alex Bolt,Wu Yibing,atp_167,atp_145,ATP,Clay,,,,,,,,,,,,,,,,,,,,,,,,,,,,,,,,,,,,,,,,,,
2026-03-30,23:00,Fayez Sarofim & Co. U.S. Men's Clay Court Championship,Mackenzie McDonald,Jenson Brooksby,atp_115,atp_46,ATP,Clay,,,,,,,,,,,,,,,,,,,,,,,,,,,,,,,,,,,,,,,,,,
2026-03-30,00:30,Fayez Sarofim & Co. U.S. Men's Clay Court Championship,Colton Smith,Thiago Agustin Tirante,atp_141,atp_92,ATP,Clay,,,,,,,,,,,,,,,,,,,,,,,,,,,,,,,,,,,,,,,,,,
2026-03-30,Live,Grand Prix Hassan II,Jesper de Jong,Yannick Hanfmann,atp_86,atp_90,ATP,Clay,,,,,,,,,,,,,,,,,,,,,,,,,,,,,,,,,,,,,,,,,,
2026-03-30,Final,Grand Prix Hassan II,Karim Bennani,Quentin Halys,atp_778,atp_72,ATP,Clay,,,,,,,,,,,,,,,,,,,,,,,,,,,,,,,,,,,,,,,,,,
2026-03-30,Final,Grand Prix Hassan II,Aleksandar Vukic,Taha Baadi,atp_88,atp_9016,ATP,Clay,,,,,,,,,,,,,,,,,,,,,,,,,,,,,,,,,,,,,,,,,,
2026-03-30,Final,Grand Prix Hassan II,Marco Trungelliti,Rei Sakamoto,atp_131,atp_173,ATP,Clay,,,,,,,,,,,,,,,,,,,,,,,,,,,,,,,,,,,,,,,,,,
2026-03-30,Final,Grand Prix Hassan II,Henrique Rocha,Nicolai Budkov Kjaer,atp_170,atp_133,ATP,Clay,,,,,,,,,,,,,,,,,,,,,,,,,,,,,,,,,,,,,,,,,,
2026-03-30,Final,Grand Prix Hassan II,Dusan Lajovic,Lloyd Harris,atp_129,atp_179,ATP,Clay,,,,,,,,,,,,,,,,,,,,,,,,,,,,,,,,,,,,,,,,,,
2026-03-30,Final,Grand Prix Hassan II,Timofey Skatov,Moez Echargui,atp_193,atp_139,ATP,Clay,,,,,,,,,,,,,,,,,,,,,,,,,,,,,,,,,,,,,,,,,,
2026-03-30,Final,Tiriac Open presented by UniCredit Bank,Nikoloz Basilashvili,Jurij Rodionov,atp_136,atp_175,ATP,,,,,,,,,,,,,,,,,,,,,,,,,,,,,,,,,,,,,,,,,,,
2026-03-30,Final,Tiriac Open presented by UniCredit Bank,Stefan Horia Haita,Joel Josef Schwaerzler,atp_9100,atp_9030,ATP,,,,,,,,,,,,,,,,,,,,,,,,,,,,,,,,,,,,,,,,,,,
2026-03-30,Final,Tiriac Open presented by UniCredit Bank,Daniel Merida,Saba Purtseladze,atp_402,atp_279,ATP,,,,,,,,,,,,,,,,,,,,,,,,,,,,,,,,,,,,,,,,,,,
2026-03-30,Final,Tiriac Open presented by UniCredit Bank,Billy Harris,Alex Molcan,atp_179,atp_415,ATP,,,,,,,,,,,,,,,,,,,,,,,,,,,,,,,,,,,,,,,,,,,
2026-03-30,Final,Tiriac Open presented by UniCredit Bank,Gabriel Ghetu,Jay Clarke,atp_39,atp_184,ATP,,,,,,,,,,,,,,,,,,,,,,,,,,,,,,,,,,,,,,,,,,,
2026-03-30,Final,Tiriac Open presented by UniCredit Bank,Dimitar Kuzmanov,Stefano Travaglia,atp_264,atp_164,ATP,,,,,,,,,,,,,,,,,,,,,,,,,,,,,,,,,,,,,,,,,,,
2026-03-30,Final,Tiriac Open presented by UniCredit Bank,Chun-Hsin Tseng,Stefanos Sakellaridis,atp_114,atp_275,ATP,,,,,,,,,,,,,,,,,,,,,,,,,,,,,,,,,,,,,,,,,,,
2026-03-30,Final,Tiriac Open presented by UniCredit Bank,George Loffhagen,Jurij Rodionov,atp_203,atp_175,ATP,,,,,,,,,,,,,,,,,,,,,,,,,,,,,,,,,,,,,,,,,,,
2026-03-30,Final,Tiriac Open presented by UniCredit Bank,Nikoloz Basilashvili,Daniel Michalski,atp_136,atp_402,ATP,,,,,,,,,,,,,,,,,,,,,,,,,,,,,,,,,,,,,,,,,,,
2026-03-30,Live,Copa Colsanitas Colsubsidio,Anastasia Tikhonova,Despina Papamichail,wta_443,wta_157,WTA,Clay,,,,,,,,,,,,,,,,,,,,,,,,,,,,,,,,,,,,,,,,,,
2026-03-30,18:50,Copa Colsanitas Colsubsidio,Valentina Mediorreal Arias,Tatjana Maria,wta_9013,wta_54,WTA,Clay,,,,,,,,,,,,,,,,,,,,,,,,,,,,,,,,,,,,,,,,,,
2026-03-30,23:00,Copa Colsanitas Colsubsidio,Panna Udvardy,Maria Camila Torres Murcia,wta_93,wta_9016,WTA,Clay,,,,,,,,,,,,,,,,,,,,,,,,,,,,,,,,,,,,,,,,,,
2026-03-30,Final,Copa Colsanitas Colsubsidio,Elizabeth Mandlik,Julieta Pareja,wta_168,wta_349,WTA,Clay,,,,,,,,,,,,,,,,,,,,,,,,,,,,,,,,,,,,,,,,,,
2026-03-30,Final,Copa Colsanitas Colsubsidio,Selena Janicijevic,Julia Riera,wta_261,wta_187,WTA,Clay,,,,,,,,,,,,,,,,,,,,,,,,,,,,,,,,,,,,,,,,,,
2026-03-30,Final,Copa Colsanitas Colsubsidio,Carole Monnet,Katarzyna Kawa,wta_177,wta_143,WTA,Clay,,,,,,,,,,,,,,,,,,,,,,,,,,,,,,,,,,,,,,,,,,
2026-03-30,Live,Credit One Charleston Open,Elvina Kalieva,McCartney Kessler,wta_158,wta_31,WTA,Clay,,,,,,,,,,,,,,,,,,,,,,,,,,,,,,,,,,,,,,,,,,
2026-03-30,Live,Credit One Charleston Open,Sloane Stephens,Renata Zarazua,wta_775,wta_87,WTA,Clay,,,,,,,,,,,,,,,,,,,,,,,,,,,,,,,,,,,,,,,,,,
2026-03-30,18:50,Credit One Charleston Open,Viktoriya Tomova,Jennifer Brady,wta_153,wta_315,WTA,Clay,,,,,,,,,,,,,,,,,,,,,,,,,,,,,,,,,,,,,,,,,,
2026-03-30,19:00,Credit One Charleston Open,Darja Vidmanova,Anna Bondar,wta_127,wta_65,WTA,Clay,,,,,,,,,,,,,,,,,,,,,,,,,,,,,,,,,,,,,,,,,,
2026-03-30,22:00,Credit One Charleston Open,Ajla Tomljanovic,Donna Vekic,wta_73,wta_99,WTA,Clay,,,,,,,,,,,,,,,,,,,,,,,,,,,,,,,,,,,,,,,,,,
2026-03-30,23:30,Credit One Charleston Open,Alycia Parks,Mary Stoiana,wta_76,wta_185,WTA,Clay,,,,,,,,,,,,,,,,,,,,,,,,,,,,,,,,,,,,,,,,,,
2026-03-30,TBD,Credit One Charleston Open,Solana Sierra,Akasha Urhobo,wta_64,wta_307,WTA,Clay,,,,,,,,,,,,,,,,,,,,,,,,,,,,,,,,,,,,,,,,,,
2026-03-30,Final,Credit One Charleston Open,Anastasia Zakharova,Dayana Yastremska,wta_103,wta_43,WTA,Clay,,,,,,,,,,,,,,,,,,,,,,,,,,,,,,,,,,,,,,,,,,
2026-03-30,Final,Credit One Charleston Open,Yulia Putintseva,Lulu Sun,wta_77,wta_98,WTA,Clay,,,,,,,,,,,,,,,,,,,,,,,,,,,,,,,,,,,,,,,,,,
2026-03-30,Final,Credit One Charleston Open,Eva Lys,Katie Volynets,wta_56,wta_96,WTA,Clay,,,,,,,,,,,,,,,,,,,,,,,,,,,,,,,,,,,,,,,,,,
2026-03-31,TBD,Fayez Sarofim & Co. U.S. Men's Clay Court Championship,Alex Michelsen,Chak Lam Coleman Wong,atp_41,atp_137,ATP,Clay,,,,,,,,,,,,,,,,,,,,,,,,,,,,,,,,,,,,,,,,,,
2026-03-31,TBD,Fayez Sarofim & Co. U.S. Men's Clay Court Championship,Martin Damm,Brandon Nakashima,atp_383,atp_29,ATP,Clay,,,,,,,,,,,,,,,,,,,,,,,,,,,,,,,,,,,,,,,,,,
2026-03-31,TBD,Fayez Sarofim & Co. U.S. Men's Clay Court Championship,Tomas Martin Etcheverry,Federico Agustin Gomez,atp_53,atp_188,ATP,Clay,,,,,,,,,,,,,,,,,,,,,,,,,,,,,,,,,,,,,,,,,,
2026-03-31,TBD,Fayez Sarofim & Co. U.S. Men's Clay Court Championship,Roman Andres Burruchaga,Adam Walton,atp_102,atp_93,ATP,Clay,,,,,,,,,,,,,,,,,,,,,,,,,,,,,,,,,,,,,,,,,,
2026-03-31,TBD,Fayez Sarofim & Co. U.S. Men's Clay Court Championship,Nishesh Basavareddy,Liam Draxl,atp_190,atp_148,ATP,Clay,,,,,,,,,,,,,,,,,,,,,,,,,,,,,,,,,,,,,,,,,,
2026-03-31,TBD,Fayez Sarofim & Co. U.S. Men's Clay Court Championship,Alexei Popyrin,Patrick Kypson,atp_51,atp_105,ATP,Clay,,,,,,,,,,,,,,,,,,,,,,,,,,,,,,,,,,,,,,,,,,
2026-03-31,TBD,Fayez Sarofim & Co. U.S. Men's Clay Court Championship,Aleksandar Kovacevic,Rinky Hijikata,atp_75,atp_112,ATP,Clay,,,,,,,,,,,,,,,,,,,,,,,,,,,,,,,,,,,,,,,,,,
2026-03-31,10:00,Grand Prix Hassan II,Juan Manuel Cerundolo,Kamil Majchrzak,atp_19,atp_56,ATP,Clay,,,,,,,,,,,,,,,,,,,,,,,,,,,,,,,,,,,,,,,,,,
2026-03-31,10:00,Grand Prix Hassan II,Federico Cina,Alexandre Muller,atp_224,atp_50,ATP,Clay,,,,,,,,,,,,,,,,,,,,,,,,,,,,,,,,,,,,,,,,,,
2026-03-31,11:30,Grand Prix Hassan II,Mattia Bellucci,Reda Bennani,atp_109,atp_562,ATP,Clay,,,,,,,,,,,,,,,,,,,,,,,,,,,,,,,,,,,,,,,,,,
2026-03-31,11:30,Grand Prix Hassan II,Henrique Rocha,Marco Trungelliti,atp_170,atp_131,ATP,Clay,,,,,,,,,,,,,,,,,,,,,,,,,,,,,,,,,,,,,,,,,,
2026-03-31,13:00,Grand Prix Hassan II,Ignacio Buse,Matteo Berrettini,atp_91,atp_57,ATP,Clay,,,,,,,,,,,,,,,,,,,,,,,,,,,,,,,,,,,,,,,,,,
2026-03-31,13:00,Grand Prix Hassan II,Timofey Skatov,Camilo Ugo Carabelli,atp_193,atp_45,ATP,Clay,,,,,,,,,,,,,,,,,,,,,,,,,,,,,,,,,,,,,,,,,,
2026-03-31,14:30,Grand Prix Hassan II,Luca Van Assche,Hugo Gaston,atp_130,atp_96,ATP,Clay,,,,,,,,,,,,,,,,,,,,,,,,,,,,,,,,,,,,,,,,,,
2026-03-31,14:30,Grand Prix Hassan II,Rafael Jodar,Dusan Lajovic,atp_117,atp_129,ATP,Clay,,,,,,,,,,,,,,,,,,,,,,,,,,,,,,,,,,,,,,,,,,
2026-03-31,08:00,Tiriac Open presented by UniCredit Bank,Christopher O'Connell,Mariano Navone,atp_95,atp_74,ATP,,,,,,,,,,,,,,,,,,,,,,,,,,,,,,,,,,,,,,,,,,,
2026-03-31,08:00,Tiriac Open presented by UniCredit Bank,Gabi Adrian Boitan,Elmer Moller,atp_313,atp_120,ATP,,,,,,,,,,,,,,,,,,,,,,,,,,,,,,,,,,,,,,,,,,,
2026-03-31,08:00,Tiriac Open presented by UniCredit Bank,Alexander Shevchenko,Radu David Turcanu,atp_79,atp_671,ATP,,,,,,,,,,,,,,,,,,,,,,,,,,,,,,,,,,,,,,,,,,,
2026-03-31,09:30,Tiriac Open presented by UniCredit Bank,Roberto Bautista Agut,Titouan Droguet,atp_82,atp_119,ATP,,,,,,,,,,,,,,,,,,,,,,,,,,,,,,,,,,,,,,,,,,,
2026-03-31,09:30,Tiriac Open presented by UniCredit Bank,Stefanos Sakellaridis,Dimitar Kuzmanov,atp_275,atp_264,ATP,,,,,,,,,,,,,,,,,,,,,,,,,,,,,,,,,,,,,,,,,,,
2026-03-31,09:30,Tiriac Open presented by UniCredit Bank,Alex Molcan,Jay Clarke,atp_415,atp_184,ATP,,,,,,,,,,,,,,,,,,,,,,,,,,,,,,,,,,,,,,,,,,,
2026-03-31,09:30,Tiriac Open presented by UniCredit Bank,Daniel Merida,Joel Josef Schwaerzler,atp_402,atp_9030,ATP,,,,,,,,,,,,,,,,,,,,,,,,,,,,,,,,,,,,,,,,,,,
2026-03-31,11:00,Tiriac Open presented by UniCredit Bank,Francesco Maestrelli,Botic Van De Zandschulp,atp_110,atp_55,ATP,,,,,,,,,,,,,,,,,,,,,,,,,,,,,,,,,,,,,,,,,,,
2026-03-31,11:00,Tiriac Open presented by UniCredit Bank,Damir Dzumhur,Filip Cristian Jianu,atp_61,atp_245,ATP,,,,,,,,,,,,,,,,,,,,,,,,,,,,,,,,,,,,,,,,,,,
2026-03-31,11:00,Tiriac Open presented by UniCredit Bank,Sebastian Baez,Vilius Gaubas,atp_33,atp_126,ATP,,,,,,,,,,,,,,,,,,,,,,,,,,,,,,,,,,,,,,,,,,,
2026-03-31,14:00,Tiriac Open presented by UniCredit Bank,Daniel Altmaier,Pedro Martinez,atp_54,atp_101,ATP,,,,,,,,,,,,,,,,,,,,,,,,,,,,,,,,,,,,,,,,,,,
2026-03-31,TBD,Copa Colsanitas Colsubsidio,Robin Montgomery,Anna Blinkova,wta_293,wta_65,WTA,Clay,,,,,,,,,,,,,,,,,,,,,,,,,,,,,,,,,,,,,,,,,,
2026-03-31,TBD,Copa Colsanitas Colsubsidio,Lia Karatancheva,Varvara Lepchenko,wta_36,wta_149,WTA,Clay,,,,,,,,,,,,,,,,,,,,,,,,,,,,,,,,,,,,,,,,,,
2026-03-31,TBD,Copa Colsanitas Colsubsidio,Darja Semenistaja,Ella Seidel,wta_97,wta_95,WTA,Clay,,,,,,,,,,,,,,,,,,,,,,,,,,,,,,,,,,,,,,,,,,
2026-03-31,TBD,Copa Colsanitas Colsubsidio,Tiantsoa Rakotomanga Rajaonah,Jessica Bouzas Maneiro,wta_120,wta_48,WTA,Clay,,,,,,,,,,,,,,,,,,,,,,,,,,,,,,,,,,,,,,,,,,
2026-03-31,TBD,Copa Colsanitas Colsubsidio,Camila Osorio,Caroline Dolehide,wta_63,wta_121,WTA,Clay,,,,,,,,,,,,,,,,,,,,,,,,,,,,,,,,,,,,,,,,,,
2026-03-31,TBD,Copa Colsanitas Colsubsidio,Irene Burillo,Jazmin Ortenzi,wta_249,wta_216,WTA,Clay,,,,,,,,,,,,,,,,,,,,,,,,,,,,,,,,,,,,,,,,,,
2026-03-31,TBD,Copa Colsanitas Colsubsidio,Marie Bouzkova,Ana Sofia Sanchez,wta_39,wta_195,WTA,Clay,,,,,,,,,,,,,,,,,,,,,,,,,,,,,,,,,,,,,,,,,,
2026-03-31,TBD,Copa Colsanitas Colsubsidio,Francesca Jones,Guiomar Maristany Zuleta De Reales,wta_72,wta_165,WTA,Clay,,,,,,,,,,,,,,,,,,,,,,,,,,,,,,,,,,,,,,,,,,
2026-03-31,TBD,Copa Colsanitas Colsubsidio,Hanne Vandewinkel,Sofia Costoulas,wta_128,wta_142,WTA,Clay,,,,,,,,,,,,,,,,,,,,,,,,,,,,,,,,,,,,,,,,,,
2026-03-31,TBD,Copa Colsanitas Colsubsidio,Emiliana Arango,Maria Lourdes Carle,wta_58,wta_155,WTA,Clay,,,,,,,,,,,,,,,,,,,,,,,,,,,,,,,,,,,,,,,,,,
2026-03-31,TBD,Credit One Charleston Open,Bianca Andreescu,Dalma Galfi,wta_161,wta_86,WTA,Clay,,,,,,,,,,,,,,,,,,,,,,,,,,,,,,,,,,,,,,,,,,
2026-03-31,TBD,Credit One Charleston Open,Kayla Day,Paula Badosa,wta_194,wta_70,WTA,Clay,,,,,,,,,,,,,,,,,,,,,,,,,,,,,,,,,,,,,,,,,,
2026-03-31,TBD,Credit One Charleston Open,Polina Kudermetova,Oleksandra Oliynykova,wta_144,wta_71,WTA,Clay,,,,,,,,,,,,,,,,,,,,,,,,,,,,,,,,,,,,,,,,,,
2026-03-31,TBD,Credit One Charleston Open,Ashlyn Krueger,Catherine McNally,wta_100,wta_68,WTA,Clay,,,,,,,,,,,,,,,,,,,,,,,,,,,,,,,,,,,,,,,,,,
2026-03-31,TBD,Credit One Charleston Open,Mayar Sherif,Yuan Yue,wta_108,wta_122,WTA,Clay,,,,,,,,,,,,,,,,,,,,,,,,,,,,,,,,,,,,,,,,,,
2026-03-31,TBD,Credit One Charleston Open,Zhang Shuai,Yuliia Starodubtseva,atp_449,wta_101,ATP,Clay,,,,,,,,,,,,,,,,,,,,,,,,,,,,,,,,,,,,,,,,,,
