Rank	Player	Country	Birthdate
1	Carlos Alcaraz	ESP	2003-05-05
2	Jannik Sinner	ITA	2001-08-16
3	Alexander Zverev	GER	1997-04-20
4	Novak Djokovic	SRB	1987-05-22
5	Lorenzo Musetti	ITA	2002-03-03
6	Alex De Minaur	AUS	1999-02-17
7	Felix Auger Aliassime	CAN	2000-08-08
8	Taylor Fritz	USA	1997-10-28
9	Ben Shelton	USA	2002-10-09
10	Daniil Medvedev	RUS	1996-02-11
11	Alexander Bublik	KAZ	1997-06-17
12	Casper Ruud	NOR	1998-12-22
13	Flavio Cobolli	ITA	2002-05-06
14	Jiri Lehecka	CZE	2001-11-08
15	Karen Khachanov	RUS	1996-05-21
16	Andrey Rublev	RUS	1997-10-20
17	Alejandro Davidovich Fokina	ESP	1999-06-05
18	Frances Tiafoe	USA	1998-01-20
19	Luciano Darderi	ITA	2002-02-14
20	Francisco Cerundolo	ARG	1998-08-13
21	Tommy Paul	USA	1997-05-17
22	Learner Tien	USA	2005-12-02
23	Valentin Vacherot	MON	1998-11-16
24	Cameron Norrie	GBR	1995-08-23
25	Jack Draper	GBR	2001-12-22
26	Jakub Mensik	CZE	2005-09-01
27	Arthur Rinderknech	FRA	1995-07-23
28	Arthur Fils	FRA	2004-06-12
29	Holger Rune	DEN	2003-04-29
30	Tallon Griekspoor	NED	1996-07-02
31	Tomas Martin Etcheverry	ARG	1999-07-18
32	Corentin Moutet	FRA	1999-04-19
33	Brandon Nakashima	USA	2001-08-03
34	Ugo Humbert	FRA	1998-06-26
35	Alex Michelsen	USA	2004-08-25
36	Gabriel Diallo	CAN	2001-09-24
37	Jaume Munar	ESP	1997-05-05
38	Denis Shapovalov	CAN	1999-04-15
39	Alejandro Tabilo	CHI	1997-06-02
40	Joao Fonseca	BRA	2006-08-21
41	Jenson Brooksby	USA	2000-10-26
42	Sebastian Korda	USA	2000-07-05
43	Adrian Mannarino	FRA	1988-06-29
44	Terence Atmane	FRA	2002-01-09
45	Alexei Popyrin	AUS	1999-08-05
46	Zizou Bergs	BEL	1999-06-03
47	Fabian Marozsan	HUN	1999-10-08
48	Nuno Borges	POR	1997-02-19
49	Stefanos Tsitsipas	GRE	1998-08-12
50	Sebastian Baez	ARG	2000-12-28
51	Marton Fucsovics	HUN	1992-02-08
52	Daniel Altmaier	GER	1998-09-12
53	Kamil Majchrzak	POL	1996-01-13
54	Marin Cilic	CRO	1988-09-28
55	Tomas Machac	CZE	2000-10-13
56	Ethan Quinn	USA	2004-03-12
57	Giovanni Mpetshi Perricard	FRA	2003-07-08
58	Miomir Kecmanovic	SRB	1999-08-31
59	Ignacio Buse	PER	2004-03-25
60	Mariano Navone	ARG	2001-02-27
61	Yannick Hanfmann	GER	1991-11-13
62	Botic Van De Zandschulp	NED	1995-10-04
63	Lorenzo Sonego	ITA	1995-05-11
64	Reilly Opelka	USA	1997-08-28
65	Raphael Collignon	BEL	2002-01-13
66	Marcos Giron	USA	1993-07-24
67	Camilo Ugo Carabelli	ARG	1999-06-17
68	Arthur Cazaux	FRA	2002-08-23
69	Juan Manuel Cerundolo	ARG	2001-11-15
70	Vit Kopriva	CZE	1997-06-15
71	Valentin Royer	FRA	2001-05-29
72	Hubert Hurkacz	POL	1997-02-11
73	Mattia Bellucci	ITA	2001-06-01
74	Damir Dzumhur	BIH	1992-05-20
75	Jan Lennard Struff	GER	1990-04-25
76	Alexander Shevchenko	KAZ	2000-11-29
77	Roman Andres Burruchaga	ARG	2002-01-23
78	Sebastian Ofner	AUT	1996-05-12
79	Eliot Spizzirri	USA	2001-12-23
80	Roberto Bautista Agut	ESP	1988-04-14
81	Hamad Medjedovic	SRB	2003-07-18
82	Zachary Svajda	USA	2002-11-29
83	Thiago Agustin Tirante	ARG	2001-04-10
84	Aleksandar Vukic	AUS	1996-04-06
85	Aleksandar Kovacevic	USA	1998-08-29
86	Filip Misolic	AUT	2001-08-08
87	Francisco Comesana	ARG	2000-10-06
88	Pablo Carreno Busta	ESP	1991-07-12
89	Rafael Jodar	ESP	2006-09-17
90	Quentin Halys	FRA	1996-10-26
91	Matteo Berrettini	ITA	1996-04-12
92	Alexander Blockx	BEL	2005-04-08
93	Grigor Dimitrov	BUL	1991-05-16
94	Alexandre Muller	FRA	1997-02-01
95	James Duckworth	AUS	1992-01-21
96	Patrick Kypson	USA	1999-10-28
97	Jacob Fearnley	GBR	2001-07-15
98	Stan Wawrinka	SUI	1985-03-28
99	Jesper De Jong	NED	2000-05-31
100	Cristian Garin	CHI	1996-05-30
101	Adolfo Daniel Vallejo	PAR	2004-04-28
102	Rinky Hijikata	AUS	2001-02-23
103	Benjamin Bonzi	FRA	1996-06-09
104	Emilio Nava	USA	2001-12-02
105	Adam Walton	AUS	1999-04-17
106	Martin Landaluce	ESP	2006-01-08
107	Matteo Arnaldi	ITA	2001-02-22
108	Vilius Gaubas	LTU	2004-12-29
109	Luca Van Assche	FRA	2004-05-11
110	Dalibor Svrcina	CZE	2002-10-02
111	Sho Shimabukuro	JPN	1997-07-30
112	Dino Prizmic	CRO	2005-08-05
113	Pedro Martinez	ESP	1997-04-26
114	Francesco Maestrelli	ITA	2002-12-21
115	Tomas Barrios Vera	CHI	1997-12-10
116	Hugo Gaston	FRA	2000-09-26
117	Marco Trungelliti	ARG	1990-01-31
118	Yibing Wu	CHN	1999-10-14
119	Tristan Schoolkate	AUS	2001-02-26
120	Jan Choinski	GBR	1996-06-10
121	Carlos Taberner	ESP	1997-08-08
122	Titouan Droguet	FRA	2001-06-15
123	Otto Virtanen	FIN	2001-06-21
124	Coleman Wong	HKG	2004-06-06
125	Mackenzie Mcdonald	USA	1995-04-16
126	Martin Damm	USA	2003-09-30
127	Shintaro Mochizuki	JPN	2003-06-02
128	Christopher Oconnell	AUS	1994-06-03
129	Nikoloz Basilashvili	GEO	1992-02-23
130	Andrea Pellegrino	ITA	1997-03-23
131	Jordan Thompson	AUS	1994-04-20
132	Dusan Lajovic	SRB	1990-06-30
133	Henrique Rocha	POR	2004-04-06
134	Elmer Moller	DEN	2003-07-09
135	Dane Sweeny	AUS	2001-02-12
136	Daniel Merida Aguilar	ESP	2004-09-26
137	Arthur Gea	FRA	2005-01-02
138	Jack Pinnington Jones	GBR	2003-03-30
139	Borna Gojo	CRO	1998-02-27
140	Luca Nardi	ITA	2003-08-06
141	Nicolai Budkov Kjaer	NOR	2006-09-01
142	Stefano Travaglia	ITA	1991-12-28
143	Jaime Faria	POR	2003-08-06
144	Moez Echargui	TUN	1993-01-10
145	Chris Rodesch	LUX	2001-07-18
146	Francesco Passaro	ITA	2001-01-07
147	Liam Draxl	CAN	2001-12-05
148	Billy Harris	GBR	1995-01-25
149	Kyrian Jacquet	FRA	2001-05-11
150	Michael Zheng	USA	2004-01-27
151	Pablo Llamas Ruiz	ESP	2002-10-13
152	Lloyd Harris	RSA	1997-02-24
153	Zsombor Piros	HUN	1999-10-13
154	Nicolas Jarry	CHI	1995-10-11
155	Lukas Klein	SVK	1998-03-22
156	Chun Hsin Tseng	TPE	2001-08-08
157	Ugo Blanchet	FRA	1999-01-05
158	Bu Yunchaokete	CHN	2002-01-19
159	Roberto Carballes Baena	ESP	1993-03-23
160	Hugo Dellien	BOL	1993-06-16
161	Mark Lajal	EST	2003-05-12
162	Giulio Zeppieri	ITA	2001-12-07
163	Arthur Fery	GBR	2002-07-12
164	Colton Smith	USA	2003-03-05
165	Alex Bolt	AUS	1993-01-05
166	Rei Sakamoto	JPN	2006-06-24
167	Alex Barrena	ARG	2002-10-10
168	Leandro Riedi	SUI	2002-01-27
169	Vitaliy Sachko	UKR	1997-07-14
170	Jerome Kym	SUI	2003-02-12
171	Nicolas Mejia	COL	2000-02-11
172	Toby Samuel	GBR	2002-09-06
173	Yoshihito Nishioka	JPN	1995-09-27
174	Luka Mikrut	CRO	2004-04-16
175	Elias Ymer	SWE	1996-04-10
176	Guy Den Ouden	NED	2002-04-08
177	Joel Schwaerzler	AUT	2006-01-27
178	Jurij Rodionov	AUT	1999-05-16
179	David Goffin	BEL	1990-12-07
180	Harold Mayot	FRA	2002-02-04
181	Clement Chidekh	FRA	2001-06-13
182	Federico Agustin Gomez	ARG	1996-11-26
183	Zdenek Kolar	CZE	1996-10-09
184	Daniil Glinka	EST	2000-05-12
185	Jay Clarke	GBR	1998-07-27
186	Justin Engel	GER	2007-10-01
187	Clement Tabur	FRA	2000-01-24
188	Marco Cecchinato	ITA	1992-09-30
189	Alex Molcan	SVK	1997-12-01
190	Bernard Tomic	AUS	1992-10-21
191	August Holmgren	DEN	1998-04-22
192	Matteo Gigante	ITA	2002-01-04
193	Nishesh Basavareddy	USA	2005-05-02
194	Pierre Hugues Herbert	FRA	1991-03-18
195	Juan Carlos Prado Angelo	BOL	2005-03-06
196	Alexis Galarneau	CAN	1999-03-02
197	Daniel Evans	GBR	1990-05-23
198	Juan Pablo Ficovich	ARG	1997-01-24
199	Matej Dodig	CRO	2005-07-19
200	Dan Added	FRA	1999-04-13
201	Genaro Alberto Olivieri	ARG	1998-08-04
202	Timofey Skatov	KAZ	2001-01-21
203	Gael Monfils	FRA	1986-09-01
204	Laslo Djere	SRB	1995-06-02
205	Gilles Arnaud Bailly	BEL	2005-09-19
206	Gonzalo Bueno	PER	2004-04-03
207	Remy Bertola	SUI	1998-08-31
208	Federico Cina	ITA	2007-03-30
209	Luka Pavlovic	FRA	2000-03-30
210	Lorenzo Giustino	ITA	1991-09-10
211	Alvaro Guillen Meza	ECU	2003-01-02
212	Joao Lucas Reis Da Silva	BRA	2000-03-26
213	Hugo Grenier	FRA	1996-03-23
214	Oliver Crawford	GBR	1999-04-30
215	Rio Noguchi	JPN	1998-12-28
216	Yu Hsiou Hsu	TPE	1999-04-02
217	Lautaro Midon	ARG	2004-03-29
218	Andres Andrade	ECU	1998-12-14
219	Marc Andrea Huesler	SUI	1996-06-24
220	Ilia Simakin	RUS	2003-10-27
221	Borna Coric	CRO	1996-11-14
222	Facundo Diaz Acosta	ARG	2000-12-15
223	Yi Zhou	CHN	2005-03-14
224	Lukas Neumayer	AUT	2002-09-06
225	Stefanos Sakellaridis	GRE	2004-09-13
226	Santiago Fa Rodriguez Taverna	ARG	1999-07-16
227	Gianluca Cadenasso	ITA	2004-09-29
228	Tom Gentzsch	GER	2003-09-05
229	Roman Safiullin	RUS	1997-08-07
230	Jason Kubler	AUS	1993-05-19
231	Andrea Collarini	ARG	1992-01-31
232	Kimmer Coppejans	BEL	1994-02-07
233	Yosuke Watanuki	JPN	1998-04-12
234	Alejandro Moro Canas	ESP	2000-12-07
235	Kaichi Uchida	JPN	1994-08-23
236	George Loffhagen	GBR	2001-04-19
237	Frederico Ferreira Silva	POR	1995-03-18
238	Max Houkes	NED	2000-07-03
239	James Mccabe	AUS	2003-07-05
240	Pedro Boscardin Dias	BRA	2003-01-28
241	Tristan Boyer	USA	2001-04-21
242	Felix Gill	GBR	2002-06-01
243	Daniel Elahi Galan	COL	1996-06-18
244	Charles Broom	GBR	1998-04-24
245	Thiago Seyboth Wild	BRA	2000-03-10
246	Filip Cristian Jianu	ROU	2001-09-18
247	Gauthier Onclin	BEL	2001-02-26
248	Nerman Fatic	BIH	1994-10-24
249	Murphy Cassone	USA	2002-08-16
250	Andres Martin	USA	2001-07-07
251	Mitchell Krueger	USA	1994-01-12
252	Fajing Sun	CHN	1996-10-03
253	Darwin Blanch	USA	2007-09-28
254	Brandon Holt	USA	1998-04-06
255	Henri Squire	GER	2000-09-27
256	Michael Mmoh	USA	1998-01-10
257	Marko Topo	GER	2003-09-13
258	Sascha Gueymard Wayenburg	FRA	2003-08-01
259	Harry Wendelken	GBR	2001-12-18
260	Stefan Kozlov	USA	1998-02-01
261	Nikolas Sanchez Izquierdo	ESP	1999-03-15
262	Juncheng Shang	CHN	2005-02-02
263	Zhizhen Zhang	CHN	1996-10-16
264	Diego Dedura Palomero	GER	2008-03-12
265	Daniel Michalski	POL	2000-01-11
266	Ivan Gakhov	RUS	1996-11-04
267	Franco Roncadelli	URU	2000-02-06
268	Pol Martin Tiffon	ESP	1999-07-30
269	Edas Butvilas	LTU	2004-07-23
270	Guido Ivan Justo	ARG	1997-12-17
271	Juan Pablo Varillas	PER	1995-10-06
272	Johannus Monday	GBR	2002-01-22
273	Florent Bax	FRA	1999-06-16
274	Miguel Damas	ESP	1999-12-21
275	Thiago Monteiro	BRA	1994-05-31
276	Yasutaka Uchiyama	JPN	1992-08-05
277	Maxim Mrva	CZE	2007-08-02
278	Liam Broady	GBR	1994-01-04
279	Mikhail Kukushkin	KAZ	1987-12-26
280	Rodrigo Pacheco Mendez	MEX	2005-04-25
281	Sumit Nagal	IND	1997-08-16
282	Eliakim Coulibaly	CIV	2002-05-05
283	Franco Agamenone	ITA	1993-04-15
284	Paul Jubb	GBR	1999-10-31
285	Gustavo Heide	BRA	2002-02-28
286	Robin Bertrand	FRA	2003-03-15
287	Andrej Nedic	BIH	2004-10-16
288	Ryan Peniston	GBR	1995-11-10
289	Tiago Pereira	POR	2004-06-20
290	Igor Ribeiro Marcondes	BRA	1997-06-16
291	Stefan Dostanic	USA	2001-11-04
292	Lilian Marmousez	FRA	2002-01-03
293	Duje Ajdukovic	CRO	2001-02-05
294	Matias Soto	CHI	1999-04-27
295	Norbert Gombos	SVK	1990-08-13
296	Hynek Barton	CZE	2004-04-05
297	Michael Geerts	BEL	1995-01-17
298	Pavel Kotov	RUS	1998-11-18
299	Daniel Rincon	ESP	2003-01-07
300	Abedallah Shelbayh	JOR	2003-11-16
301	Keegan Smith	USA	1998-06-23
302	Saba Purtseladze	GEO	2001-08-20
303	Stefano Napolitano	ITA	1995-04-11
304	Mili Poljicak	CRO	2004-07-13
305	Facundo Mena	ARG	1992-09-22
306	Gabi Adrian Boitan	ROU	1999-07-11
307	Jacopo Berrettini	ITA	1998-11-27
308	Sandro Kopp	AUT	2000-05-26
309	Murkel Alejandro Dellien Velasco	BOL	1997-09-16
310	Petr Brunclik	CZE	2006-07-17
311	Mats Rosenkranz	GER	1998-08-23
312	Dimitar Kuzmanov	BUL	1993-07-28
313	Max Basing	GBR	2002-10-02
314	Benjamin Hassan	LBN	1995-02-04
315	Antoine Ghibaudo	FRA	2005-01-25
316	Philip Henning	RSA	2000-11-10
317	Geoffrey Blancaneaux	FRA	1998-08-08
318	Maximus Jones	THA	2004-09-05
319	Giles Hussey	GBR	1997-05-26
320	Renta Tokuda	JPN	1998-03-29
321	Tyler Zink	USA	2001-01-30
322	Federico Bondioli	ITA	2005-05-16
323	Cedrik Marcel Stebe	GER	1990-10-09
324	Felipe Meligeni Alves	BRA	1998-02-19
325	Maks Kasnikowski	POL	2003-07-06
326	Jonas Forejtek	CZE	2001-03-10
327	Juan Bautista Torres	ARG	2002-04-02
328	Moise Kouame	FRA	2009-03-06
329	Akira Santillan	AUS	1997-05-22
330	Matteo Martineau	FRA	1999-01-16
331	Martin Krumich	CZE	2002-12-26
332	Oliver Tarvet	GBR	2003-10-29
333	Soon Woo Kwon	KOR	1997-12-02
334	Dominic Stricker	SUI	2002-08-16
335	Sean Cuenin	FRA	2004-02-16
336	Sergey Fomin	UZB	2001-02-01
337	Petr Bar Biryukov	RUS	2002-02-28
338	Calvin Hemery	FRA	1995-01-28
339	Nicolas Kicker	ARG	1992-08-16
340	Taro Daniel	JPN	1993-01-27
341	Alex Rybakov	USA	1997-01-27
342	Mathys Erhard	FRA	2001-10-26
343	Hady Habib	LIB	1998-08-21
344	Tom Paris	FRA	2002-09-02
345	Inaki Montes De La Torre	ESP	2002-10-03
346	Marc Polmans	AUS	1997-05-02
347	Carlos Sanchez Jover	ESP	2000-07-21
348	Andre Ilagan	USA	2000-11-16
349	James Trotter	JPN	1999-07-29
350	Michele Ribecai	ITA	2003-02-04
351	Fabrizio Andaloro	ITA	2001-01-31
352	Ioannis Xilas	GRE	2001-05-12
353	Beibit Zhukayev	KAZ	2000-10-12
354	Eduardo Ribeiro	BRA	1998-03-17
355	Juan Manuel La Serna	ARG	2004-02-05
356	Oleg Prihodko	UKR	1997-10-03
357	Matheus Pucinelli De Almeida	BRA	2001-04-01
358	Tung Lin Wu	TPE	1998-05-12
359	Buvaysar Gadamauri	BEL	2000-07-10
360	Gabriele Piraino	ITA	2003-11-12
361	Philip Sekulic	AUS	2003-09-05
362	Florian Broska	GER	1998-01-01
363	San Hui Sin	KOR	1997-03-18
364	Alastair Gray	GBR	1998-06-22
365	Mika Brunold	SUI	2004-10-02
366	Hayato Matsuoka	JPN	2005-01-15
367	Daniel Dutra Da Silva	BRA	1988-07-05
368	Garrett Johns	USA	2000-12-17
369	Daniel Masur	GER	1994-11-06
370	Cezar Cretu	ROU	2001-04-24
371	Mert Alkaya	TUR	2000-06-14
372	Daniel Milavsky	USA	2001-09-12
373	Yuta Shimizu	JPN	1999-06-09
374	Filippo Romano	ITA	2005-07-07
375	Carlo Alberto Caniato	ITA	2005-10-31
376	Javier Barranco Cosano	ESP	1998-11-17
377	Blaise Bicknell	JAM	2001-11-26
378	Max Alcala Gurri	ESP	2002-09-11
379	Raul Brancaccio	ITA	1997-05-04
380	David Jorda Sanchis	ESP	1994-06-14
381	Gonzalo Villanueva	ARG	1995-01-13
382	Andrea Guerrieri	ITA	1998-12-03
383	Marat Sharipov	RUS	2002-10-09
384	Richard Gasquet	FRA	1986-06-18
385	Adria Soriano Barrera	COL	1999-06-02
386	Hamish Stewart	GBR	1999-07-30
387	Dan Martin	CAN	1999-05-09
388	Trevor Svajda	USA	2006-04-20
389	Andrew Fenty	USA	2000-03-08
390	Luciano Emanuel Ambrogi	ARG	2003-11-19
391	Tommaso Compagnucci	ITA	1999-11-05
392	Olle Wallin	SWE	2001-10-22
393	Marvin Moeller	GER	1999-01-18
394	Yanki Erel	TUR	2000-09-25
395	Jie Cui	CHN	1998-01-24
396	Christoph Negritu	GER	1994-03-21
397	Facundo Bagnis	ARG	1990-02-27
398	Lui Maxted	GBR	2003-12-02
399	Denis Yevseyev	KAZ	1993-05-22
400	Lucas Poullain	FRA	1995-12-05
401	Oriol Roca Batalla	ESP	1993-04-30
402	Corentin Denolly	FRA	1997-06-06
403	Patrick Zahraj	GER	1999-07-17
404	Viacheslav Bielinskyi	UKR	2003-12-02
405	Luca Castelnuovo	SUI	1997-01-29
406	Stefan Palosi	ROU	2000-01-28
407	Andrea Picchione	ITA	1998-06-07
408	Raphael Perot	FRA	2001-06-30
409	Juan Estevez	ARG	2005-09-22
410	Dali Blanch	USA	2003-03-05
411	Samir Banerjee	USA	2003-10-02
412	Milos Karol	SVK	2002-12-13
413	Karan Singh	IND	2003-06-30
414	Aryan Shah	IND	2005-11-21
415	Arthur Weber	FRA	1992-05-09
416	Thomas Faurel	FRA	2006-01-21
417	Kei Nishikori	JPN	1989-12-29
418	Kasidit Samrej	THA	2001-01-20
419	Albert Ramos	ESP	1988-01-17
420	Christopher Eubanks	USA	1996-05-05
421	Braden Shick	USA	2003-10-24
422	Alex Martinez	ESP	2001-03-19
423	Andrej Martin	SVK	1989-09-20
424	Li Tu	AUS	1996-05-27
425	Ognjen Milic	SRB	2007-06-22
426	Viktor Durasovic	NOR	1997-03-19
427	Kilian Feldbausch	SUI	2005-09-07
428	Pedro Sakamoto	BRA	1993-06-29
429	Federico Arnaboldi	ITA	2000-06-18
430	Rudolf Molleker	GER	2000-10-26
431	Vadym Ursu	UKR	1997-01-01
432	Dmitry Popko	KAZ	1996-10-24
433	Jay Dylan Hara Friend	JPN	2003-12-22
434	Hernan Casanova	ARG	1994-02-06
435	Laurent Lokoli	FRA	1994-10-18
436	Carl Emil Overbeck	DEN	2001-08-11
437	Alfredo Perez	USA	1997-05-22
438	Luca Potenza	ITA	2000-07-28
439	Andrey Chepelev	RUS	1998-08-02
440	Aidan Mchugh	GBR	2000-07-09
441	Marek Gengel	CZE	1995-09-17
442	Joao Eduardo Schiessl	BRA	2004-08-19
443	Cannon Kingsley	USA	2001-05-06
444	Jack Loge	BEL	2004-11-16
445	Alexey Vatutin	RUS	1992-10-27
446	Petr Nesterov	BUL	2003-03-07
447	Neil Oberleitner	AUT	1999-08-05
448	Eero Vasa	FIN	1997-02-01
449	Faris Zakaryia	EGY	2001-05-13
450	Jelle Sels	NED	1995-08-10
451	Edward Winter	AUS	2004-09-15
452	Max Wiskandt	GER	2002-02-01
453	Enrico Dalla Valle	ITA	1998-03-21
454	Manas Dhamne	IND	2007-12-29
455	Omar Jasika	AUS	1997-05-18
456	Lukas Pokorny	SVK	2002-02-28
457	Hiroki Moriya	JPN	1990-10-16
458	Justin Boulais	CAN	2001-10-20
459	Robert Strombachs	LAT	1999-09-15
460	Gianmarco Ferrari	ITA	2000-10-04
461	Quinn Vandecasteele	USA	2002-09-01
462	Cyril Vandermeersch	FRA	1999-05-06
463	Moerani Bouzige	AUS	1999-07-13
464	Radu Albot	MDA	1989-11-11
465	Lorenzo Carboni	ITA	2006-02-27
466	Roberto Cid	DOM	1993-08-30
467	Dhakshineswar Suresh	IND	2000-03-29
468	Nicolas Alvarez Varona	ESP	2001-05-18
469	Antoine Escoffier	FRA	1992-02-29
470	Henry Searle	GBR	2006-03-29
471	Olaf Pieczkowski	POL	2004-04-01
472	Masamichi Imamura	JPN	1998-11-23
473	Sebastian Sorger	AUT	2005-12-19
474	Samuele Pieri	ITA	2002-02-28
475	Christian Langmo	USA	1996-06-01
476	Mees Rottgering	NED	2007-07-07
477	Alexandr Binda	ITA	2001-09-22
478	Filip Peliwo	POL	1994-01-30
479	Lorenzo Joaquin Rodriguez	ARG	1999-09-29
480	Aziz Dougaz	TUN	1997-03-26
481	James Story	GBR	2001-03-05
482	Hikaru Shiraishi	JPN	2000-05-22
483	Filippo Moroni	ITA	2001-02-01
484	Tomasz Berkieta	POL	2006-07-21
485	Lucio Ratti	ARG	2004-01-27
486	Dusan Obradovic	SRB	2001-03-23
487	Patrick Maloney	USA	2000-02-09
488	Maxim Zhukov	RUS	2005-01-30
489	Juan Alejandro Hernandez Serrano	MEX	1999-06-23
490	Aristotelis Thanos	GRE	2001-04-07
491	Robin Catry	FRA	2002-03-06
492	Tsung Hao Huang	TPE	1999-11-22
493	Hyeon Chung	KOR	1996-05-19
494	Pietro Fellin	ITA	2001-08-02
495	Ryan Nijboer	NED	1999-07-28
496	Matthew Dellavedova	AUS	2000-05-30
497	Gastao Elias	POR	1990-11-24
498	Erik Arutiunian	BLR	2004-10-19
499	Olukayode Alafia Damina Ayeni	USA	1999-08-10
500	Carlos Lopez Montagud	ESP	2000-07-06
501	Henry Bernet	SUI	2007-01-25
502	Yusuke Takahashi	JPN	1997-10-17
503	Miguel Tobon	COL	2006-06-19
504	Mateus Alves	BRA	2001-01-23
505	Jake Delaney	AUS	1997-05-14
506	Jakub Paul	SUI	1999-03-22
507	Etienne Donnet	FRA	2001-02-16
508	Jacopo Vasami	ITA	2007-12-09
509	Bor Artnak	SLO	2004-06-04
510	Valerio Aboian	ARG	2002-06-14
511	Radu Mihai Papoe	ROU	2002-08-28
512	Sergio Callejon Hernando	ESP	2004-09-16
513	Takuya Kumasaka	JPN	1998-10-12
514	Francesco Forti	ITA	1999-07-26
515	Arthur Nagel	FRA	2003-04-14
516	Svyatoslav Gulin	RUS	2002-12-04
517	Tibo Colson	BEL	2000-07-12
518	Johan Nikles	SUI	1997-03-23
519	Tai Sach	AUS	2002-09-16
520	Tristan Mccormick	USA	1999-04-01
521	Kirill Kivattsev	RUS	1997-10-10
522	Mirza Basic	BIH	1991-07-12
523	Mariano Kestelboim	ARG	1996-02-06
524	Alibek Kachmazov	RUS	2002-08-17
525	Anton Matusevich	GBR	2001-05-30
526	Dominik Palan	CZE	2000-09-30
527	Shunsuke Mitsui	JPN	2002-05-20
528	Alejo Sanchez Quilez	ESP	2005-06-25
529	Vladyslav Orlov	UKR	1995-05-17
530	Pedro Vives Marcos	ESP	2001-04-13
531	Stuart Parker	GBR	1997-07-30
532	Koki Matsuda	JPN	2000-10-31
533	Maxime Chazal	FRA	1993-04-24
534	Ryuki Matsuda	JPN	1999-12-28
535	Sasi Kumar Mukund	IND	1997-01-14
536	Leo Borg	SWE	2003-05-15
537	Eric Vanshelboim	UKR	2001-07-15
538	Max Schoenhaus	GER	2007-08-01
539	Giovanni Fonio	ITA	1998-05-07
540	Ivan Marrero Curbelo	ESP	1998-09-27
541	Semen Pankin	RUS	1999-09-04
542	Maxwell Mckennon	USA	2002-05-17
543	Sergi Perez Contri	ESP	1998-01-20
544	Nicolas Moreno De Alboran	USA	1997-07-14
545	Mae Malige	FRA	2006-03-29
546	Carlos Maria Zarate	ARG	
547	Niels Visker	NED	2001-10-05
548	Maxime Janvier	FRA	1996-10-18
549	Stefan Adrian Andreescu	ROU	2001-12-24
550	Peter Fajta	HUN	2002-05-23
551	Joaquin Aguilar Cardozo	URU	2005-04-08
552	Oleksandr Ovcharenko	UKR	2001-10-17
553	Amr Elsayed Abdou Ahmed Mohamed	EGY	1999-03-04
554	Kokoro Isomura	JPN	2003-01-22
555	Reda Bennani	MAR	2007-02-16
556	Filip Jeff Planinsek	SLO	2001-06-29
557	Nicolas Arseneault	CAN	2007-01-18
558	Yuki Mochizuki	JPN	1997-11-23
559	Alberto Barroso Campos	ESP	1996-06-04
560	Igor Gimenez	BRA	2000-02-20
561	Constantin Bittoun Kouzmine	FRA	1999-01-04
562	Stefan Popovic	SRB	2003-05-25
563	Bernabe Zapata Miralles	ESP	1997-01-12
564	Aleksandre Bakshi	GEO	1997-07-15
565	Georgii Kravchenko	UKR	2000-07-28
566	Louis Wessels	GER	1998-08-27
567	Alexander Ritschard	SUI	1994-03-24
568	Arda Azkara	TUR	2003-03-14
569	Alan Fernando Rubio Fierros	MEX	1999-02-03
570	Michael Vrbensky	CZE	1999-12-26
571	Sidharth Rawat	IND	1993-04-21
572	Juan Cruz Martin Manzano	ITA	2004-12-15
573	Massimo Giunta	ITA	2004-07-09
574	Sebastian Gima	ROU	2002-05-17
575	Nick Hardt	DOM	2000-09-20
576	Digvijaypratap Singh	IND	2000-06-02
577	Karl Poling	USA	1999-08-04
578	Juan Sebastian Gomez	COL	1992-03-05
579	Elmar Ejupovic	GER	1993-02-01
580	Dragos Nicolae Madaras	SWE	1997-09-12
581	Ergi Kirkin	TUR	1999-01-27
582	Branko Djuric	SRB	2005-02-10
583	Mario Gonzalez Fernandez	ESP	2002-04-28
584	Bruno Kuzuhara	USA	2004-04-01
585	Enzo Aguiard	AUS	2002-08-10
586	Matthew William Donald	CZE	2004-11-08
587	Taha Baadi	CAN	2001-07-19
588	Paulo Andre Saraiva Dos Santos	BRA	2000-06-23
589	Dan Alexandru Tomescu	ROU	1999-03-30
590	Arthur Bouquier	FRA	2000-12-25
591	Manuel Mazza	ITA	1999-04-16
592	Oleksii Krutykh	UKR	2000-03-10
593	Pavle Marinkov	AUS	2006-02-04
594	Federico Iannaccone	ITA	1999-03-26
595	Blake Ellis	AUS	1999-01-06
596	Alec Deckers	NED	2000-05-02
597	Adhithya Ganesan	USA	2005-10-24
598	Felix Balshaw	FRA	2006-06-15
599	Gerard Campana Lee	KOR	2004-10-01
600	Joshua Sheehy	USA	1997-01-28
601	Alessandro Pecci	ITA	2001-03-23
602	Alex Marti Pujolras	ESP	1999-02-10
603	Amir Omarkhanov	KAZ	2007-11-17
604	Karol Filar	POL	1998-08-31
605	Denys Klok	RUS	1998-05-26
606	Michal Krajci	SVK	2005-01-14
607	Andrea Vavassori	ITA	1995-05-05
608	Luis Carlos Alvarez	MEX	2004-09-03
609	Ricardas Berankis	LTU	1990-06-21
610	Aidan Mayo	USA	2003-05-14
611	Alexander Weis	ITA	1997-04-24
612	Pawit Sornlaksup	THA	1999-08-24
613	Imanol Lopez Morillo	ESP	1999-11-18
614	Daniel Siniakov	CZE	2003-01-15
615	Jakub Nicod	CZE	2004-07-21
616	Yassine Dlimi	MAR	2003-05-05
617	Egor Agafonov	RUS	2002-09-05
618	Karlis Ozolins	LAT	2002-06-15
619	Nikolay Vylegzhanin	RUS	2000-04-18
620	S D Prajwal Dev	IND	1996-05-27
621	Kuan Yi Lee	TPE	1996-09-09
622	Nino Ehrenschneider	GER	2001-03-31
623	Adrian Oetzbach	GER	1997-10-29
624	Colin Sinclair	NMI	1994-12-19
625	Aziz Ouakaa	TUN	1999-08-07
626	Mate Valkusz	HUN	1998-08-13
627	Cesar Bouchelaghem	FRA	2004-06-28
628	Tadeas Paroulek	CZE	1999-12-30
629	Maxence Beauge	FRA	2000-06-08
630	Emilien Demanet	BEL	2005-04-25
631	Giuseppe La Vela	ITA	2000-10-16
632	Kenta Miyoshi	JPN	2004-03-16
633	Andres Santamarta Roig	ESP	2007-01-23
634	Lorenzo Sciahbasi	ITA	2005-11-04
635	Luca Staeheli	SUI	2000-03-08
636	Yan Bai	CHN	1989-05-21
637	Tiago Torres	POR	2002-07-08
638	Woobin Shin	KOR	2004-01-20
639	Maximilian Neuchrist	AUT	1991-07-22
640	Michael Bassem Sobhy	EGY	2004-05-07
641	Yurii Dzhavakian	UKR	1993-05-07
642	Andrew Paulson	CZE	2001-11-16
643	Yusuke Kusuhara	JPN	1997-08-09
644	Mika Petkovic	GER	2006-12-29
645	Giovanni Oradini	ITA	1997-09-14
646	Johan Alexander Rodriguez Rodriguez	COL	2003-09-26
647	Karue Sell	BRA	1993-11-13
648	Yuta Kawahashi	JPN	1998-01-26
649	Jan Kumstat	CZE	2007-01-02
650	Igor Kudriashov	RUS	2003-09-27
651	Timofei Derepasko	RUS	2007-01-07
652	Dominik Kellovsky	CZE	1996-07-24
653	Bruno Fernandez	BRA	2004-07-26
654	Yanis Ghazouani Durand	FRA	2000-07-04
655	Federico Coria	ARG	1992-03-09
656	Kyle Kang	USA	2005-01-27
657	Aidan Kim	USA	2004-11-24
658	Tristan Lamasine	FRA	1993-03-05
659	Radu David Turcanu	ROU	2006-03-16
660	Emile Hudd	GBR	2000-05-27
661	Daniel De Jonge	NED	1999-08-17
662	Ryan Dickerson	USA	1997-05-08
663	Mitsuki Wei Kang Leong	MAS	2004-08-06
664	Nicholas David Ionel	ROU	2002-10-12
665	Duncan Chan	CAN	2005-07-29
666	James Watt	NZL	2000-06-09
667	Iliyan Radulov	BUL	2005-06-11
668	Naoki Nakagawa	JPN	1996-11-19
669	Dimitris Sakellaridis	GRE	2006-04-30
670	Gavin Young	USA	2002-09-17
671	Shintaro Imai	JPN	1993-09-07
672	Rigele Te	CHN	1997-10-09
673	Yuta Kikuchi	JPN	1999-09-27
674	Daniel Antonio Nunez	CHI	2001-06-02
675	Chase Ferguson	AUS	1999-01-02
676	Millen Hurrion	GBR	1999-06-22
677	Toufik Sahtali	ALG	1999-01-07
678	Nicolas Tepmahc	FRA	2001-05-23
679	Govind Nanda	USA	2001-02-17
680	Pierluigi Basile	ITA	2007-01-07
681	Ilya Ivashka	BLR	1994-02-24
682	Michael Agwi	IRL	2003-09-04
683	Marcel Zielinski	POL	2000-10-27
684	Loann Massard	FRA	2005-07-27
685	John Echeverria	ESP	2001-11-30
686	Maik Steiner	GER	1994-06-19
687	Ali Yazdani	IRI	2003-09-09
688	Michiel De Krom	NED	1998-06-27
689	Leonardo Rossi	ITA	2002-08-05
690	Peter Makk	HUN	2001-10-20
691	Peter Bertran	DOM	1996-03-05
692	Arthur Reymond	FRA	1999-04-02
693	Samuel Vincent Ruggeri	ITA	2002-05-22
694	Facundo Juarez	ITA	1997-09-23
695	Sora Fukuda	JPN	1997-10-03
696	Santiago De La Fuente	ARG	2002-02-06
697	Kaylan Bigun	USA	2006-05-23
698	Maximo Zeitune	ARG	2007-03-28
699	Leo Raquillet	FRA	2005-10-04
700	Ignacio Monzon	ARG	1998-01-05