scoreboard_name,player_id,canonical_name
Vukic A.,atp_88,vukic a
Goffin D.,atp_118,goffin d
Michelsen A.,atp_41,michelsen a
Bonzi B.,atp_123,bonzi b
Tabilo A.,atp_67,tabilo a
Nishioka Y.,atp_166,nishioka y
Rinderknech A.,atp_30,rinderknech a
Thompson J.,atp_111,thompson j
Berrettini M.,atp_57,berrettini m
Jarry N.,atp_143,jarry n
Navone M.,atp_74,navone m
Dimitrov G.,atp_42,dimitrov g
Hanfmann Y.,atp_90,hanfmann y
Lehecka J.,atp_21,lehecka j
Rune H.,atp_18,rune h
Opelka R.,atp_69,opelka r
Arnaldi M.,atp_85,arnaldi m
Popyrin A.,atp_51,popyrin a
Tiafoe F.,atp_28,tiafoe f
Walton A.,atp_93,walton a
Mensik J.,atp_16,mensik j
Kukushkin M.,atp_262,kukushkin m
Lajovic D.,atp_129,lajovic d
Cazaux A.,atp_73,cazaux a
Monfils G.,atp_168,monfils g
Basavareddy N.,atp_190,basavareddy n
Djokovic N.,atp_3,djokovic n
Hijikata R.,atp_112,hijikata r
Kecmanovic M.,atp_83,kecmanovic m
Darderi L.,atp_22,darderi l
Marozsan F.,atp_47,marozsan f
Safiullin R.,atp_185,safiullin r
Sonego L.,atp_64,sonego l
Nakashima B.,atp_29,nakashima b
Norrie C.,atp_27,norrie c
Tien L.,atp_23,tien l
Bergs Z.,atp_43,bergs z
Moro Canas A.,atp_271,moro canas a
Muller A.,atp_50,muller a
Borges N.,atp_44,borges n
Bu Y.,atp_147,bu y
Munar J.,atp_35,munar j
Davidovich Fokina A.,atp_15,davidovich fokina a
Martinez P.,atp_101,martinez p
Passaro F.,atp_161,passaro f
Nishikori K.,atp_283,nishikori k
Shapovalov D.,atp_36,shapovalov d
Diallo G.,atp_39,diallo g
Carballes Baena R.,atp_174,carballes baena r
Shang J.,atp_259,shang j
Wong C.,atp_137,wong c
Fils A.,atp_40,fils a
Khachanov K.,atp_17,khachanov k
Musetti L.,atp_5,musetti l
Rublev A.,atp_14,rublev a
Zhang Zh.,atp_449,zhang z
Bautista Agut R.,atp_82,bautista agut r
Tu L.,atp_371,tu l
Duckworth J.,atp_80,duckworth j
Giron M.,atp_63,giron m
Bublik A.,atp_10,bublik a
Schoolkate T.,atp_108,schoolkate t
Auger-Aliassime F.,atp_6,auger aliassime f
Korda S.,atp_49,korda s
Paul T.,atp_24,paul t
Altmaier D.,atp_54,altmaier d
Nagal S.,atp_297,nagal s
Mannarino A.,atp_48,mannarino a
Nardi L.,atp_94,nardi l
Cobolli F.,atp_20,cobolli f
Diaz Acosta F.,atp_284,diaz acosta f
Comesana F.,atp_62,comesana f
Carreno Busta P.,atp_122,carreno busta p
Baez S.,atp_33,baez s
Cerundolo F.,atp_19,cerundolo f
Shelton B.,atp_9,shelton b
Gaston H.,atp_96,gaston h
Jasika O.,atp_376,jasika o
Virtanen O.,atp_128,virtanen o
Monteiro T.,atp_208,monteiro t
Ruud C.,atp_13,ruud c
Habib H.,atp_333,habib h
Machac T.,atp_31,machac t
Humbert U.,atp_38,humbert u
Gigante M.,atp_165,gigante m
Onclin G.,atp_312,onclin g
Halys Q.,atp_72,halys q
Zverev A.,atp_4,zverev a
Basilashvili N.,atp_136,basilashvili n
Tsitsipas S.,atp_32,tsitsipas s
Seyboth Wild T.,atp_219,seyboth wild t
Stricker D.,atp_372,stricker d
Mccabe J.,atp_210,mccabe j
Landaluce M.,atp_158,landaluce m
Sinner J.,atp_2,sinner j
Daniel T.,atp_402,daniel t
Dzumhur D.,atp_61,dzumhur d
Draper J.,atp_12,draper j
Dougaz A.,atp_400,dougaz a
Klein L.,atp_150,klein l
Faria J.,atp_146,faria j
Kotov P.,atp_335,kotov p
Alcaraz C.,atp_1,alcaraz c
Shevchenko A.,atp_79,shevchenko a
Fearnley J.,atp_84,fearnley j
Fritz T.,atp_7,fritz t
Brooksby J.,atp_46,brooksby j
Garin C.,atp_89,garin c
Coric B.,atp_127,coric b
Ugo Carabelli C.,atp_45,ugo carabelli c
Hurkacz H.,atp_71,hurkacz h
Griekspoor T.,atp_25,griekspoor t
Medvedev D.,atp_11,medvedev d
Samrej K.,atp_396,samrej k
Wawrinka S.,atp_98,wawrinka s
Boyer T.,atp_216,boyer t
Coria F.,atp_377,coria f
Krueger M.,atp_246,krueger m
Moutet C.,atp_34,moutet c
De Minaur A.,atp_8,de minaur a
Van De Zandschulp B.,atp_55,van de zandschulp b
Majchrzak K.,atp_56,majchrzak k
Fonseca J.,atp_37,fonseca j
Eubanks C.,atp_391,eubanks c
Kachmazov A.,atp_455,kachmazov a
Bellucci M.,atp_109,bellucci m
Gasquet R.,atp_355,gasquet r
Mayot H.,atp_172,mayot h
De Jong J.,atp_86,de jong j
Kovacevic A.,atp_75,kovacevic a
Holt B.,atp_151,holt b
Quinn E.,atp_70,quinn e
Svajda T.,atp_359,svajda t
Mmoh M.,atp_353,mmoh m
Djere L.,atp_113,djere l
Gojo B.,atp_235,gojo b
Svajda Z.,atp_106,svajda z
Trotter J.K.,atp_331,trotter j
Popko D.,atp_234,popko d
McDonald M.,atp_115,mcdonald m
Medjedovic H.,atp_97,medjedovic h
Collignon R.,atp_68,collignon r
Van Assche L.,atp_130,van assche l
Chidekh C.,atp_205,chidekh c
Grenier H.,atp_191,grenier h
Gea A.,atp_160,gea a
Cilic M.,atp_52,cilic m
Shelbayh A.,atp_318,shelbayh a
Meligeni Alves F.,atp_236,meligeni alves f
Heide G.,atp_256,heide g
Dellien H.,atp_157,dellien h
Pacheco Mendez R.,atp_227,pacheco mendez r
Evans D.,atp_196,evans d
Fucsovics M.,atp_60,fucsovics m
Buse I.,atp_91,buse i
Smith C.,atp_141,smith c
Watanuki Y.,atp_176,watanuki y
Zeppieri G.,atp_155,zeppieri g
Cina F.,atp_224,cina f
Blockx A.,atp_104,blockx a
Sakamoto R.,atp_173,sakamoto r
Spizzirri E.,atp_66,spizzirri e
Harris B.,atp_144,harris b
Wu Y.,atp_145,wu y
Jianu F.C.,atp_245,jianu f
Vacherot V.,atp_26,vacherot v
Misolic F.,atp_81,misolic f
Albot R.,atp_424,albot r
Skatov T.,atp_193,skatov t
Denolly C.,atp_398,denolly c
Kopriva V.,atp_87,kopriva v
Engel J.,atp_192,engel j
Ofner S.,atp_132,ofner s
Taberner C.,atp_100,taberner c
Gaubas V.,atp_126,gaubas v
Gakhov I.,atp_249,gakhov i
Dedura D.,atp_310,dedura d
Ymer E.,atp_187,ymer e
Sachko V.,atp_181,sachko v
Royer V.,atp_59,royer v
Hassan B.,atp_287,hassan b
Nava E.,atp_76,nava e
Jacquet K.,atp_153,jacquet k
Blanchet U.,atp_162,blanchet u
Llamas Ruiz P.,atp_197,llamas ruiz p
Atmane T.,atp_65,atmane t
Rocha H.,atp_170,rocha h
Harris L.,atp_179,harris l
Tabur C.,atp_204,tabur c
Lajal M.,atp_159,lajal m
Bolt A.,atp_167,bolt a
Loffhagen G.,atp_203,loffhagen g
Pinnington Jones J.,atp_138,pinnington jones j
Tomic B.,atp_186,tomic b
Tarvet O.,atp_323,tarvet o
Riedi L.,atp_171,riedi l
Crawford O.,atp_214,crawford o
Fery A.,atp_156,fery a
Searle H.,atp_475,searle h
Rodesch C.,atp_142,rodesch c
Monday J.,atp_238,monday j
Mochizuki S.,atp_116,mochizuki s
Clarke J.,atp_184,clarke j
Holmgren A.,atp_198,holmgren a
Zhukayev B.,atp_292,zhukayev b
Pellegrino A.,atp_140,pellegrino a
Budkov Kjaer N.,atp_133,budkov kjaer n
Svrcina D.,atp_99,svrcina d
Trungelliti M.,atp_131,trungelliti m
Kym J.,atp_195,kym j
Hemery C.,atp_294,hemery c
Zahraj P.,atp_255,zahraj p
Hernandez A.,atp_414,hernandez a
Mejia N.,atp_178,mejia n
Gombos N.,atp_298,gombos n
Bagnis F.,atp_390,bagnis f
Neumayer L.,atp_222,neumayer l
Dodig M.,atp_230,dodig m
Droguet T.,atp_119,droguet t
Guillen Meza A.,atp_201,guillen meza a
Poljicak M.,atp_388,poljicak m
Prizmic D.,atp_121,prizmic d
Cassone M.,atp_239,cassone m
Martin D.,atp_383,martin d
Draxl L.,atp_148,draxl l
Galarneau A.,atp_242,galarneau a
Kypson P.,atp_105,kypson p
Blanch Dar.,atp_446,blanch d
Suresh D.,atp_470,suresh d
Dostanic S.,atp_473,dostanic s
Piros Z.,atp_177,piros z
Damm M.,atp_125,damm m
Zhou Y.,atp_220,zhou y
Sun F.,atp_263,sun f
Shimabukuro S.,atp_135,shimabukuro s
Topo M.,atp_237,topo m
Bertola R.,atp_213,bertola r
Rodionov J.,atp_175,rodionov j
Mpetshi Perricard G.,atp_58,mpetshi perricard g
Sakellaridis S.,atp_275,sakellaridis s
Choinski J.,atp_124,choinski j
Added D.,atp_200,added d
Echargui M.,atp_139,echargui m
Sweeny D.,atp_134,sweeny d
Zheng M.,atp_152,zheng m
Kubler J.,atp_202,kubler j
Maestrelli F.,atp_110,maestrelli f
Jodar R.,atp_117,jodar r
Midon L.,atp_225,midon l
Barrena A.,atp_180,barrena a
Pavlovic L.,atp_209,pavlovic l
Den Ouden G.,atp_154,den ouden g
O Connell C.,atp_95,o connell c
Kyrgios N.,atp_9001,kyrgios n
Huesler M.A.,atp_9002,huesler ma
Kokkinakis T.,atp_9003,kokkinakis t
Guinard M.,atp_9004,guinard m
Becroft I.,atp_9005,becroft i
Pouille L.,atp_9006,pouille l
Koepfer D.,atp_9007,koepfer d
Barrere G.,atp_9008,barrere g
Lestienne C.,atp_9009,lestienne c
Rottgering M.,atp_9010,rottgering m
Vavassori A.,atp_9011,vavassori a
Schwartzman D.,atp_9012,schwartzman d
Barrios M.,atp_9013,barrios m
Klizan M.,atp_9014,klizan m
Ritschard A.,atp_9015,ritschard a
Baadi T.,atp_9016,baadi t
Fognini F.,atp_9017,fognini f
Benchetrit E.,atp_9018,benchetrit e
Lalami Laaroussi Y.,atp_9019,lalami laaroussi y
Dedura-Palomero D.,atp_310,dedura palomero d
Moller E.,atp_120,moller e
Moreno De Alboran N.,atp_9022,moreno de alboran n
Sell K.,atp_9023,sell k
Marterer M.,atp_9024,marterer m
Rejchtman Vinciguerra W.,atp_9025,rejchtman vinciguerra w
Ymer M.,atp_9026,ymer m
Nanda G.,atp_9027,nanda g
Magadan A.,atp_9028,magadan a
Alvarez Valdes L.C.,atp_9029,alvarez valdes lc
Schwaerzler J.J.,atp_9030,schwaerzler jj
Arseneault N.,atp_9031,arseneault n
Pospisil V.,atp_9032,pospisil v
Ruusuvuori E.,atp_9033,ruusuvuori e
Omarkhanov A.,atp_9034,omarkhanov a
Borg L.,atp_9035,borg l
Bernet H.,atp_9036,bernet h
Etcheverry T. M.,atp_53,etcheverry t m
Ivanov I.,atp_9038,ivanov i
Watt J.,atp_9039,watt j
Kouame M.,atp_9040,kouame m
Boogaard T.,atp_9041,boogaard t
Hibino N.,wta_196,hibino n
Niemeier J.,wta_302,niemeier j
Tauson C.,wta_15,tauson c
Stefanini L.,wta_136,stefanini l
Marino R.,wta_246,marino r
Sun L.,wta_98,sun l
Pera B.,wta_174,pera b
Jimenez Kasintseva V.,wta_119,jimenez kasintseva v
Osaka N.,wta_16,osaka n
Glushko L.,wta_9000,glushko l
Grabher J.,wta_80,grabher j
Romero Gormaz L.,wta_140,romero gormaz l
Li A.,wta_36,li a
Stephens S.,wta_775,stephens s
Volynets K.,wta_96,volynets k
Andreeva E.,wta_362,andreeva e
Cristian J.,wta_38,cristian j
Starodubtseva Y.,wta_101,starodubtseva y
Kenin S.,wta_32,kenin s
Wang Xiy.,wta_223,wang x
Baptiste H.,wta_44,baptiste h
Jamrichova R.,wta_303,jamrichova r
Keys M.,wta_17,keys m
Bronzetti L.,wta_138,bronzetti l
Minnen G.,wta_129,minnen g
Friedsam A.L.,wta_204,friedsam a
Burrage J.,wta_399,burrage j
Yang V.,wta_9002,yang v
Montgomery R.,wta_293,montgomery r
Hontama M.,wta_220,hontama m
Parks A.,wta_76,parks a
Anisimova A.,wta_6,anisimova a
Lamens S.,wta_109,lamens s
Rakhimova K.,wta_91,rakhimova k
Krueger A.,wta_100,krueger a
Uchijima M.,wta_90,uchijima m
Joint M.,wta_29,joint m
Inglis M.,wta_123,inglis m
Zarazua R.,wta_87,zarazua r
Tomova V.,wta_153,tomova v
Avanesyan E.,wta_178,avanesyan e
Sramkova R.,wta_102,sramkova r
Blinkova A.,wta_82,blinkova a
Bejlek S.,wta_41,bejlek s
Bouzkova M.,wta_39,bouzkova m
Gibson T.,wta_111,gibson t
Kessler M.,wta_31,kessler m
Linette M.,wta_50,linette m
Birrell K.,wta_94,birrell k
Hon P.,wta_130,hon p
Stearns P.,wta_59,stearns p
Kudermetova V.,wta_49,kudermetova v
Kalinina A.,wta_191,kalinina a
Wang Y.,wta_355,wang y
Kudermetova P.,wta_144,kudermetova p
Wang Xin.,wta_223,wang x
Todoni A.,wta_180,todoni a
Bucsa C.,wta_62,bucsa c
Yuan Y.,wta_122,yuan y
Rus A.,wta_134,rus a
Potapova A.,wta_75,potapova a
Bogdan A.,wta_9003,bogdan a
Jabeur O.,wta_258,jabeur o
Zheng S.,wta_9004,zheng s
Badosa P.,wta_70,badosa p
Putintseva Y.,wta_77,putintseva y
Kalinskaya A.,wta_24,kalinskaya a
Sabalenka A.,wta_1,sabalenka a
Andreeva M.,wta_7,andreeva m
Ostapenko J.,wta_27,ostapenko j
Alexandrova E.,wta_11,alexandrova e
Shnaider D.,wta_21,shnaider d
Navarro E.,wta_19,navarro e
Samsonova L.,wta_18,samsonova l
Kasatkina D.,wta_61,kasatkina d
Yastremska D.,wta_43,yastremska d
Frech M.,wta_55,frech m
Kostyuk M.,wta_26,kostyuk m
Azarenka V.,wta_150,azarenka v
Noskova L.,wta_14,noskova l
Vekic D.,wta_99,vekic d
Jones E.,wta_152,jones e
Fernandez L.A.,wta_28,fernandez l
Gadecki O.,wta_179,gadecki o
Vondrousova M.,wta_37,vondrousova m
Pavlyuchenkova A.,wta_110,pavlyuchenkova a
Haddad Maia B.,wta_66,haddad maia b
Sakkari M.,wta_33,sakkari m
Siniakova K.,wta_46,siniakova k
Bencic B.,wta_12,bencic b
Collins D.,wta_78,collins d
Pegula J.,wta_5,pegula j
Bondar A.,wta_65,bondar a
Sherif M.,wta_108,sherif m
Carle M.,wta_155,carle m
Bouzas Maneiro J.,wta_48,bouzas maneiro j
Osorio M.,wta_63,osorio m
Cocciaretto E.,wta_40,cocciaretto e
Danilovic O.,wta_89,danilovic o
Gracheva V.,wta_60,gracheva v
Saville D.,wta_222,saville d
Mertens E.,wta_22,mertens e
Parrizas Diaz N.,wta_235,parrizas diaz n
Erjavec V.,wta_112,erjavec v
Maria T.,wta_54,maria t
Zheng Q.,wta_23,zheng q
Parry D.,wta_107,parry d
Kartal S.,wta_51,kartal s
Paquet C.,wta_215,paquet c
Jeanjean L.,wta_115,jeanjean l
Siegemund L.,wta_52,siegemund l
Sonmez Z.,wta_84,sonmez z
Tomljanovic A.,wta_73,tomljanovic a
Gauff C.,wta_4,gauff c
Svitolina E.,wta_9,svitolina e
Cirstea S.,wta_30,cirstea s
Dart H.,wta_169,dart h
Fett J.,wta_210,fett j
Dolehide C.,wta_121,dolehide c
Swiatek I.,wta_2,swiatek i
Zidansek T.,wta_145,zidansek t
Chwalinska M.,wta_126,chwalinska m
Martic P.,wta_345,martic p
Golubic V.,wta_88,golubic v
Aiava D.,wta_319,aiava d
Muchova K.,wta_13,muchova k
Podoroska N.,wta_9006,podoroska n
Snigur D.,wta_132,snigur d
Garcia C.,wta_437,garcia c
Riera J.,wta_187,riera j
Raducanu E.,wta_25,raducanu e
Jovic I.,wta_20,jovic i
Lys E.,wta_56,lys e
Mcnally C.,wta_68,mcnally c
Rybakina E.,wta_3,rybakina e
Kovinic D.,wta_9007,kovinic d
Ruse E.G.,wta_79,ruse e
Begu I.,wta_148,begu i
Zhang S.,wta_85,zhang s
Paolini J.,wta_8,paolini j
Wei S.,wta_358,wei s
Townsend T.,wta_116,townsend t
Boulter K.,wta_83,boulter k
Ruzic A.,wta_67,ruzic a
Sorribes Tormo S.,wta_451,sorribes tormo s
Sasnovich A.,wta_113,sasnovich a
Zakharova A.,wta_103,zakharova a
Kraus S.,wta_105,kraus s
Sawangkaew M.,wta_198,sawangkaew m
Salkova D.,wta_151,salkova d
Waltert S.,wta_81,waltert s
Timofeeva M.,wta_154,timofeeva m
Teichmann J.,wta_175,teichmann j
Sonobe W.,wta_288,sonobe w
Stakusic M.,wta_137,stakusic m
Halep S.,wta_9008,halep s
Jones F.,wta_72,jones f
Seidel E.,wta_95,seidel e
Ito A.,wta_176,ito a
Rapolu M.,wta_9009,rapolu m
Kvitova P.,wta_9010,kvitova p
Shibahara E.,wta_200,shibahara e
Juvan K.,wta_92,juvan k
Prozorova T.,wta_166,prozorova t
Arango E.,wta_58,arango e
Osuigwe W.,wta_162,osuigwe w
Ngounoue C.,wta_259,ngounoue c
Liu C.,wta_213,liu c
Lepchenko V.,wta_149,lepchenko v
Davis L.,wta_463,davis l
Fruhvirtova L.,wta_118,fruhvirtova l
Masarova R.,wta_117,masarova r
Mboko V.,wta_10,mboko v
Ishii S.,wta_9011,ishii s
Eala A.,wta_45,eala a
Grant T.C.,wta_269,grant t
Chang H.,wta_341,chang h
Janicijevic S.,wta_261,janicijevic s
Higuita Barraza M.,wta_9012,higuita barraza m
Kawa K.,wta_143,kawa k
Mediorreal A.V.,wta_9013,mediorreal av
Tig P.M.,wta_415,tig p
Pigossi L.,wta_214,pigossi l
Serban R.,wta_244,serban r
Krunic A.,wta_9014,krunic a
Boskovic L.,wta_311,boskovic l
Bara I.,wta_386,bara i
Pareja J.,wta_349,pareja j
Sanchez Uribe M.J.,wta_9015,sanchez uribe mj
Bektas E.,wta_369,bektas e
Torres Murcia M.C.,wta_9016,torres murcia mc
Von Deichmann K.,wta_226,von deichmann k
Kung L.,wta_447,kung l
Sebov K.,wta_270,sebov k
Mateas M.,wta_429,mateas m
Okamura K.,wta_297,okamura k
Shymanovich I.,wta_156,shymanovich i
Watson H.,wta_278,watson h
Loeb J.,wta_9017,loeb j
Chirico L.,wta_173,chirico l
Rakotomanga Rajaonah T.,wta_120,rakotomanga rajaonah t
Jacquemot E.,wta_57,jacquemot e
Ferro F.,wta_239,ferro f
Ponchet J.,wta_159,ponchet j
Rouvroy M.,wta_316,rouvroy m
Boisson L.,wta_35,boisson l
Rosatello C.,wta_217,rosatello c
Brancaccio N.,wta_164,brancaccio n
Andreescu B.,wta_161,andreescu b
Errani S.,wta_9018,errani s
Sevastova A.,wta_183,sevastova a
Martinez Cirez C.,wta_359,martinez cirez c
Udvardy P.,wta_93,udvardy p
Kostovic T.,wta_171,kostovic t
Pedone G.,wta_367,pedone g
Zucchini A.,wta_9019,zucchini a
Urgesi F.,wta_438,urgesi f
Alves C.,wta_230,alves c
Kotliar Y.,wta_499,kotliar y
Pieri T.,wta_383,pieri t
Mandlik E.,wta_168,mandlik e
Kabbaj Y.,wta_361,kabbaj y
Konjuh A.,wta_9020,konjuh a
Fossa Huergo N.,wta_423,fossa huergo n
Nahimana S.,wta_219,nahimana s
El Aouni A.,wta_9021,el aouni a
Bolsova Zadoinov A.,wta_225,bolsova zadoinov a
Krejcikova B.,wta_53,krejcikova b
Cornet A.,wta_9023,cornet a
Sobolieva A.,wta_268,sobolieva a
Stojanovic N.,wta_342,stojanovic n
Korpatsch T.,wta_106,korpatsch t
Monnet C.,wta_177,monnet c
Selekhmeteva O.,wta_74,selekhmeteva o
Wickmayer Y.,wta_9025,wickmayer y
Valentova T.,wta_42,valentova t
Sierra S.,wta_64,sierra s
Garland J.,wta_125,garland j
Hartono A.,wta_251,hartono a
Vrancken Peeters A.,wta_294,vrancken peeters a
Bolkvadze M.,wta_388,bolkvadze m
Van den Broek I.L.,wta_483,van den broek il
Koevermans A.,wta_172,koevermans a
Branstine C.,wta_241,branstine c
Klugman H.,wta_9027,klugman h
Zhu L.,wta_141,zhu l
Xu M.,wta_238,xu m
Galfi D.,wta_86,galfi d
Stojsavljevic M.,wta_280,stojsavljevic m
Wuerth T.,wta_224,wuerth t
Schunk N.,wta_365,schunk n
Noha Akugue N.,wta_255,noha akugue n
Cengiz B.,wta_480,cengiz b
Sharma A.,wta_190,sharma a
Geerlings Martinez A.,wta_343,geerlings martinez a
Werner C.,wta_234,werner c
Steiner V.,wta_9030,steiner v
Vedder E.,wta_254,vedder e
Bulgaru M.,wta_208,bulgaru m
Maristany G.,wta_165,maristany g
Popa G.S.,wta_9031,popa gs
Siskova A.,wta_227,siskova a
Prisacariu A.,wta_441,prisacariu a
Burillo Escorihuela I.,wta_249,burillo escorihuela i
Lodikova D.,wta_9033,lodikova d
Herrero Linana A.,wta_308,herrero linana a
Buzarnescu M.,wta_9034,buzarnescu m
Gao X.,wta_262,gao x
Maleckova J.,wta_9035,maleckova j
Samson L.,wta_212,samson l
Palicova B.,wta_221,palicova b
Havlickova L.,wta_276,havlickova l
Kovackova A.,wta_9036,kovackova a
Gasanova A.,wta_189,gasanova a
Williams V.,wta_555,williams v
Guo H.,wta_186,guo h
Cross K.,wta_197,cross k
Arseneault A.,wta_476,arseneault a
Bouchard E.,wta_9038,bouchard e
Scott K.,wta_282,scott k
Rodriguez V.,wta_418,rodriguez v
Tjen J.,wta_47,tjen j
Inoue H.,wta_237,inoue h
Ahn A.,wta_9039,ahn a
Semenistaja D.,wta_97,semenistaja d
Glozman V.,wta_9040,glozman v
Vidmanova D.,wta_127,vidmanova d
Bartunkova N.,wta_104,bartunkova n
Pridankina E.,wta_192,pridankina e
Trevisan M.,wta_9041,trevisan m
Hunter S.,wta_231,hunter s
Sanchez A.S.,wta_195,sanchez a
Leme Da Silva N.V.,wta_9042,leme da silva nv
Okalova M.,wta_421,okalova m
Rodionova Ar.,wta_211,rodionova a
Diatchenko V.,wta_9043,diatchenko v
Barros V.L.,wta_9044,barros vl
Fullana L.,wta_9045,fullana l
Rogers A.S.,wta_284,rogers a
Ortenzi J.,wta_216,ortenzi j
Candiotto A.,wta_9046,candiotto a
Strakhova V.,wta_405,strakhova v
Mansouri Y.,wta_406,mansouri y
Tona M.,wta_384,tona m
Park S.,wta_243,park s
Ku Y.,wta_188,ku y
Back D.,wta_305,back d
Shi H.,wta_330,shi h
Zhang R.,wta_9047,zhang r
Korneeva A.,wta_146,korneeva a
Charaeva A.,wta_163,charaeva a
Lew Yan Foon A.,wta_410,lew yan foon a
Bhamidipaty S.R.,wta_9048,bhamidipaty sr
Rajeshwaran Revathi M.,wta_9049,rajeshwaran revathi m
Yamaguchi M.,wta_285,yamaguchi m
Adkar V.,wta_9050,adkar v
Tararudee L.,wta_124,tararudee l
Iatcenko P.,wta_160,iatcenko p
Yamalapalli S.,wta_416,yamalapalli s
Nugroho P.M.,wta_428,nugroho p
Naklo T.,wta_9051,naklo t
Pohankova M.,wta_346,pohankova m
Ma Y.,wta_182,ma y
Sidorova K.,wta_434,sidorova k
Kobori M.,wta_427,kobori m
Morvayova V.,wta_328,morvayova v
Wong Hong Yi C.,wta_9052,wong hong yi c
Sakatsume H.,wta_135,sakatsume h
Chong E.,wta_9053,chong e
Falei A.,wta_356,falei a
Zheng W.,wta_372,zheng w
Saigo R.,wta_298,saigo r
Tagger L.,wta_114,tagger l
Zhu C.,wta_9054,zhu c
Bai Z.,wta_379,bai z
Knutson G.,wta_184,knutson g
Costoulas S.,wta_142,costoulas s
Quevedo K.,wta_131,quevedo k
Marcinko P.,wta_69,marcinko p
Barry M.,wta_9055,barry m
Preston T.,wta_147,preston t
Shimizu A.,wta_403,shimizu a
Klimovicova L.,wta_133,klimovicova l
Diyas Z.,wta_292,diyas z
Oliynykova O.,wta_71,oliynykova o
Pliskova Ka.,wta_267,pliskova k
Bertea E.R.,wta_300,bertea e
Martincova T.,wta_351,martincova t
Dodin O.,wta_9056,dodin o
Fruhvirtova B.,wta_9057,fruhvirtova b
Barthel M.,wta_203,barthel m
Valdmannova V.,wta_286,valdmannova v
Zvonareva V.,wta_357,zvonareva v
Chak Lam Coleman Wong,atp_137,chak lam coleman wong
Nicolas Mejia,atp_178,nicolas mejia
Wu Yibing,atp_145,wu yibing
Daniel Elahi Galan,atp_183,daniel elahi galan
Dino Prizmic,atp_121,dino prizmic
Pablo Carreno Busta,atp_122,pablo carreno busta
Tomas Martin Etcheverry,atp_53,tomas martin etcheverry
Vit Kopriva,atp_87,vit kopriva
Yuan Yue,wta_122,yuan yue
Nikola Bartunkova,wta_104,nikola bartunkova
Linda Fruhvirtova,wta_118,linda fruhvirtova
Guo Hanyu,wta_186,guo hanyu
Mia Ristic,wta_273,mia ristic
Defne Cirpanli,wta_862,defne cirpanli
Amarissa Toth,wta_250,amarissa toth
Deniz Cakil,wta_9114,deniz cakil
Zhang Shuai,wta_85,zhang shuai
Martina Trevisan,wta_685,martina trevisan
Maria Lourdes Carle,wta_155,maria lourdes carle
Dominika Salkova,wta_151,dominika salkova
Andrea Lazaro Garcia,wta_206,andrea lazaro garcia
Miomir Kecmanovic,atp_83,miomir kecmanovic
Rafael Jodar,atp_117,rafael jodar
Aleksandar Kovacevic,atp_75,aleksandar kovacevic
Dusan Lajovic,atp_129,dusan lajovic
Francisco Comesana,atp_62,francisco comesana
Pedro Martinez Portero,atp_101,pedro martinez portero
Nicolas Jarry,atp_143,nicolas jarry
Jan-Lennard Struff,atp_77,jan-lennard struff
Felix Auger-Aliassime,atp_6,felix auger-aliassime
Zhang Zhizhen,atp_449,zhang zhizhen
Anna Bondar,wta_65,anna bondar
Wang Xinyu,wta_34,wang xinyu
Guiomar Maristany Zuleta De Reales,wta_165,guiomar maristany zuleta de reales
Shang Juncheng,atp_259,shang juncheng
Ada Kumru,wta_1100,ada kumru
Gomez F.,atp_188,gomez f
Mpetshi G.,atp_58,mpetshi g
Etcheverry T.,atp_53,etcheverry t
Struff J.L.,atp_77,struff j
Cerundolo J.M.,atp_78,cerundolo j
Burruchaga R.,atp_102,burruchaga r
Herbert P.,atp_189,herbert p
Tseng C.H.,atp_114,tseng c
Ficovich J.P.,atp_182,ficovich j
Tirante T.A.,atp_92,tirante t
Galan D.E.,atp_183,galan d
Ramos A.,atp_399,ramos a
Gomez F.A.,atp_188,gomez f
Bailly G.A.,atp_211,bailly g
Zayid M.S.,atp_9000,zayid ms
Marcondes I.,atp_347,marcondes i
Reis Da Silva J.,atp_207,reis da silva j
Miguel L.,atp_9037,miguel l
Soto M.,atp_317,soto m
Vallejo D.,atp_9021,vallejo d
Stoiana M.,wta_185,stoiana m
Brace C.,wta_202,brace c
