Date,Time,Tournament,Player 1,Player 2
2026-10-02,03:00,China Open,Alex de Minaur,Quentin Halys
2026-10-02,05:00,China Open,Andrey Rublev,Roman Safiullin
2026-10-02,Final,China Open,Daniil Medvedev,Pablo Carreno Busta
2026-10-02,Final,China Open,Bu Yunchaokete,Novak Djokovic
2026-10-02,Final,China Open,Hubert Hurkacz,Arthur Gea
2026-10-02,03:00,China Open,Coco Gauff,Camila Osorio
2026-10-02,03:00,China Open,Katie Volynets,Elise Mertens
2026-10-02,03:00,China Open,Donna Vekic,Zhu Lin
2026-10-02,03:00,China Open,Ashlyn Krueger,Ann Li
2026-10-02,04:30,China Open,Katerina Siniakova,Elina Svitolina
2026-10-02,04:30,China Open,Maria Sakkari,Storm Hunter
2026-10-02,04:30,China Open,Jelena Ostapenko,Paula Badosa
2026-10-02,05:00,China Open,Gao Xinyu,Iga Swiatek
2026-10-02,06:00,China Open,Kamilla Rakhimova,Leylah Fernandez
2026-10-02,06:00,China Open,Iva Jovic,Harriet Dart
2026-10-02,06:30,China Open,Zheng Qinwen,Anna Kalinskaya
2026-10-02,06:30,China Open,Belinda Bencic,Anastasia Zakharova
2026-10-02,Final,China Open,Renata Zarazua,Aryna Sabalenka
2026-10-02,Final,China Open,Karolina Muchova,Katie Boulter
2026-10-02,Final,China Open,Maria Timofeeva,Naomi Osaka
2026-10-02,Final,China Open,Sara Bejlek,Maddison Inglis
2026-10-02,Final,China Open,Nikola Bartunkova,Magdalena Frech
2026-10-02,Final,China Open,Clara Tauson,Polina Kudermetova
2026-10-02,Live,Kinoshita Group Japan Open Tennis Championships,Denis Shapovalov,Alejandro Tabilo
2026-10-02,03:30,Kinoshita Group Japan Open Tennis Championships,Carlos Alcaraz,Matteo Arnaldi
2026-10-02,Final,Kinoshita Group Japan Open Tennis Championships,Arthur Fils,Frances Tiafoe
2026-10-02,Final,Kinoshita Group Japan Open Tennis Championships,Kyrian Jacquet,Luciano Darderi
2026-10-02,Final,Adana Open,Antonia Ruzic,Teodora Kostovic
2026-10-02,Final,Adana Open,Leolia Jeanjean,Lucrezia Stefanini
2026-10-02,Final,Adana Open,Elena Pridankina,Erika Andreeva
2026-10-02,04:30,Jingshan Tennis Open,Emerson Jones,Alexandra Shubladze
2026-10-02,05:30,Jingshan Tennis Open,Jessica Bouzas Maneiro,Aliona Falei
2026-10-02,Final,Jingshan Tennis Open,Alexandra Shubladze,Wei Sijia
2026-10-02,03:00,China Open,Alex de Minaur,Quentin Halys
2026-10-02,05:00,China Open,Andrey Rublev,Roman Safiullin
2026-10-02,Final,China Open,Daniil Medvedev,Pablo Carreno Busta
2026-10-02,Final,China Open,Bu Yunchaokete,Novak Djokovic
2026-10-02,Final,China Open,Hubert Hurkacz,Arthur Gea
2026-10-02,03:00,China Open,Coco Gauff,Camila Osorio
2026-10-02,03:00,China Open,Katie Volynets,Elise Mertens
2026-10-02,03:00,China Open,Donna Vekic,Zhu Lin
2026-10-02,03:00,China Open,Ashlyn Krueger,Ann Li
2026-10-02,04:30,China Open,Katerina Siniakova,Elina Svitolina
2026-10-02,04:30,China Open,Maria Sakkari,Storm Hunter
2026-10-02,04:30,China Open,Jelena Ostapenko,Paula Badosa
2026-10-02,05:00,China Open,Gao Xinyu,Iga Swiatek
2026-10-02,06:00,China Open,Kamilla Rakhimova,Leylah Fernandez
2026-10-02,06:00,China Open,Iva Jovic,Harriet Dart
2026-10-02,06:30,China Open,Zheng Qinwen,Anna Kalinskaya
2026-10-02,06:30,China Open,Belinda Bencic,Anastasia Zakharova
2026-10-02,Final,China Open,Renata Zarazua,Aryna Sabalenka
2026-10-02,Final,China Open,Karolina Muchova,Katie Boulter
2026-10-02,Final,China Open,Maria Timofeeva,Naomi Osaka
2026-10-02,Final,China Open,Sara Bejlek,Maddison Inglis
2026-10-02,Final,China Open,Nikola Bartunkova,Magdalena Frech
2026-10-02,Final,China Open,Clara Tauson,Polina Kudermetova
2026-10-02,Live,Kinoshita Group Japan Open Tennis Championships,Denis Shapovalov,Alejandro Tabilo
2026-10-02,03:30,Kinoshita Group Japan Open Tennis Championships,Carlos Alcaraz,Matteo Arnaldi
2026-10-02,Final,Kinoshita Group Japan Open Tennis Championships,Arthur Fils,Frances Tiafoe
2026-10-02,Final,Kinoshita Group Japan Open Tennis Championships,Kyrian Jacquet,Luciano Darderi
2026-10-02,Final,Adana Open,Antonia Ruzic,Teodora Kostovic
2026-10-02,Final,Adana Open,Leolia Jeanjean,Lucrezia Stefanini
2026-10-02,Final,Adana Open,Elena Pridankina,Erika Andreeva
2026-10-02,04:30,Jingshan Tennis Open,Emerson Jones,Alexandra Shubladze
2026-10-02,05:30,Jingshan Tennis Open,Jessica Bouzas Maneiro,Aliona Falei
2026-10-02,Final,Jingshan Tennis Open,Alexandra Shubladze,Wei Sijia
