player_id,surface,matches_faced,avg_games_allowed,avg_total_games,win_allowed_rate,avg_game_diff_allowed,tour
atp_1,Clay,23,10.130434782608695,25.82608695652174,0.043478260869565216,5.565217391304348,ATP
atp_1,Grass,12,14.333333333333334,33.25,0.08333333333333333,4.583333333333333,ATP
atp_1,Hard,55,9.909090909090908,25.236363636363638,0.10909090909090909,5.418181818181818,ATP
atp_10,Clay,21,11.285714285714286,24.857142857142858,0.23809523809523808,2.2857142857142856,ATP
atp_10,Grass,6,13.5,29.166666666666668,0.16666666666666666,2.1666666666666665,ATP
atp_10,Hard,45,12.133333333333333,25.08888888888889,0.4,0.8222222222222222,ATP
atp_100,Clay,8,11.25,23.5,0.375,1.0,ATP
atp_100,Hard,1,18.0,25.0,1.0,-11.0,ATP
atp_101,Clay,23,11.608695652173912,21.217391304347824,0.6086956521739131,-2.0,ATP
atp_101,Grass,5,15.2,27.0,0.6,-3.4,ATP
atp_101,Hard,21,11.904761904761905,20.61904761904762,0.7142857142857143,-3.1904761904761907,ATP
atp_102,Clay,12,11.75,24.166666666666668,0.5833333333333334,0.6666666666666666,ATP
atp_103,Clay,2,9.5,18.0,0.5,-1.0,ATP
atp_104,Grass,1,14.0,29.0,1.0,1.0,ATP
atp_104,Hard,7,15.285714285714286,29.0,0.7142857142857143,-1.5714285714285714,ATP
atp_105,Hard,6,14.833333333333334,27.333333333333332,0.8333333333333334,-2.3333333333333335,ATP
atp_106,Hard,9,15.333333333333334,29.555555555555557,0.6666666666666666,-1.1111111111111112,ATP
atp_108,Clay,1,18.0,26.0,1.0,-10.0,ATP
atp_108,Hard,17,14.176470588235293,26.176470588235293,0.6470588235294118,-2.176470588235294,ATP
atp_109,Clay,6,12.666666666666666,23.166666666666668,0.6666666666666666,-2.1666666666666665,ATP
atp_109,Grass,6,14.166666666666666,28.666666666666668,0.5,0.3333333333333333,ATP
atp_109,Hard,23,11.391304347826088,21.130434782608695,0.6086956521739131,-1.6521739130434783,ATP
atp_11,Clay,11,10.818181818181818,22.818181818181817,0.36363636363636365,1.1818181818181819,ATP
atp_11,Grass,8,12.125,25.875,0.375,1.625,ATP
atp_11,Hard,64,10.53125,23.90625,0.296875,2.84375,ATP
atp_110,Hard,2,18.5,35.5,0.5,-1.5,ATP
atp_111,Clay,6,12.0,22.0,0.6666666666666666,-2.0,ATP
atp_111,Grass,7,14.857142857142858,30.0,0.42857142857142855,0.2857142857142857,ATP
atp_111,Hard,18,14.88888888888889,28.333333333333332,0.5555555555555556,-1.4444444444444444,ATP
atp_112,Clay,4,16.75,30.0,1.0,-3.5,ATP
atp_112,Grass,4,13.75,27.5,0.75,0.0,ATP
atp_112,Hard,26,12.115384615384615,22.26923076923077,0.6153846153846154,-1.9615384615384615,ATP
atp_113,Clay,20,10.4,22.35,0.4,1.55,ATP
atp_113,Grass,5,15.8,27.8,0.8,-3.8,ATP
atp_113,Hard,5,15.2,26.2,1.0,-4.2,ATP
atp_114,Clay,9,11.555555555555555,21.444444444444443,0.6666666666666666,-1.6666666666666667,ATP
atp_114,Grass,2,18.0,31.5,1.0,-4.5,ATP
atp_114,Hard,5,14.8,26.0,0.8,-3.6,ATP
atp_115,Clay,3,14.666666666666666,25.666666666666668,0.6666666666666666,-3.6666666666666665,ATP
atp_115,Grass,5,14.0,27.4,0.6,-0.6,ATP
atp_115,Hard,20,14.4,26.55,0.7,-2.25,ATP
atp_116,Grass,2,25.0,50.0,0.5,0.0,ATP
atp_116,Hard,9,13.666666666666666,24.666666666666668,0.6666666666666666,-2.6666666666666665,ATP
atp_117,Hard,7,13.142857142857142,25.142857142857142,0.5714285714285714,-1.1428571428571428,ATP
atp_118,Clay,6,12.166666666666666,24.0,0.5,-0.3333333333333333,ATP
atp_118,Grass,1,18.0,23.0,1.0,-13.0,ATP
atp_118,Hard,26,12.346153846153847,22.46153846153846,0.6923076923076923,-2.230769230769231,ATP
atp_119,Clay,3,9.0,21.333333333333332,0.3333333333333333,3.3333333333333335,ATP
atp_119,Hard,4,13.5,27.5,0.25,0.5,ATP
atp_12,Clay,16,10.25,24.0,0.25,3.5,ATP
atp_12,Grass,6,12.333333333333334,27.5,0.3333333333333333,2.8333333333333335,ATP
atp_12,Hard,20,12.45,27.3,0.25,2.4,ATP
atp_120,Clay,6,15.333333333333334,24.5,0.8333333333333334,-6.166666666666667,ATP
atp_120,Grass,1,18.0,27.0,1.0,-9.0,ATP
atp_120,Hard,1,18.0,25.0,1.0,-11.0,ATP
atp_121,Clay,6,12.0,24.666666666666668,0.5,0.6666666666666666,ATP
atp_121,Hard,4,16.25,32.0,0.75,-0.5,ATP
atp_122,Clay,7,13.714285714285714,26.714285714285715,0.7142857142857143,-0.7142857142857143,ATP
atp_122,Hard,17,13.941176470588236,26.529411764705884,0.6470588235294118,-1.3529411764705883,ATP
atp_123,Clay,4,13.0,28.0,0.5,2.0,ATP
atp_123,Grass,5,17.4,32.8,0.8,-2.0,ATP
atp_123,Hard,27,15.074074074074074,28.962962962962962,0.5555555555555556,-1.1851851851851851,ATP
atp_124,Hard,3,15.666666666666666,27.333333333333332,1.0,-4.0,ATP
atp_125,Hard,7,13.0,27.571428571428573,0.42857142857142855,1.5714285714285714,ATP
atp_126,Clay,8,11.75,23.625,0.375,0.125,ATP
atp_127,Clay,1,17.0,32.0,1.0,-2.0,ATP
atp_127,Hard,6,16.166666666666668,27.0,1.0,-5.333333333333333,ATP
atp_128,Clay,4,11.5,22.0,0.5,-1.0,ATP
atp_128,Grass,2,5.5,12.5,0.5,1.5,ATP
atp_128,Hard,5,15.2,27.6,0.8,-2.8,ATP
atp_129,Clay,14,12.071428571428571,20.642857142857142,0.7857142857142857,-3.5,ATP
atp_129,Grass,1,18.0,27.0,1.0,-9.0,ATP
atp_129,Hard,5,12.0,24.0,0.6,0.0,ATP
atp_13,Clay,19,10.105263157894736,22.210526315789473,0.2631578947368421,2.0,ATP
atp_13,Hard,40,11.85,25.175,0.4,1.475,ATP
atp_130,Hard,3,10.333333333333334,20.0,0.6666666666666666,-0.6666666666666666,ATP
atp_131,Clay,1,12.0,19.0,1.0,-5.0,ATP
atp_132,Clay,13,12.076923076923077,24.615384615384617,0.46153846153846156,0.46153846153846156,ATP
atp_132,Grass,4,14.5,27.25,0.5,-1.75,ATP
atp_132,Hard,6,15.333333333333334,26.0,1.0,-4.666666666666667,ATP
atp_133,Clay,2,16.0,31.5,0.5,-0.5,ATP
atp_133,Hard,4,13.75,21.0,1.0,-6.5,ATP
atp_134,Hard,3,17.333333333333332,31.0,0.6666666666666666,-3.6666666666666665,ATP
atp_135,Hard,6,12.166666666666666,22.666666666666668,0.6666666666666666,-1.6666666666666667,ATP
atp_136,Clay,4,15.75,32.25,0.75,0.75,ATP
atp_136,Grass,2,19.5,39.5,0.5,0.5,ATP
atp_136,Hard,12,10.583333333333334,20.416666666666668,0.5833333333333334,-0.75,ATP
atp_137,Clay,1,13.0,20.0,1.0,-6.0,ATP
atp_137,Hard,17,13.941176470588236,27.705882352941178,0.47058823529411764,-0.17647058823529413,ATP
atp_138,Grass,3,16.333333333333332,30.0,0.6666666666666666,-2.6666666666666665,ATP
atp_138,Hard,3,11.333333333333334,23.0,0.3333333333333333,0.3333333333333333,ATP
atp_139,Hard,3,15.0,27.0,1.0,-3.0,ATP
atp_14,Clay,16,9.6875,20.625,0.375,1.25,ATP
atp_14,Grass,6,16.5,35.833333333333336,0.3333333333333333,2.8333333333333335,ATP
atp_14,Hard,53,12.226415094339623,25.735849056603772,0.39622641509433965,1.2830188679245282,ATP
atp_140,Clay,6,13.5,26.833333333333332,0.5,-0.16666666666666666,ATP
atp_141,Clay,3,8.0,18.333333333333332,0.3333333333333333,2.3333333333333335,ATP
atp_141,Hard,6,12.5,21.333333333333332,0.8333333333333334,-3.6666666666666665,ATP
atp_142,Grass,1,19.0,33.0,1.0,-5.0,ATP
atp_143,Clay,15,15.133333333333333,28.266666666666666,0.8,-2.0,ATP
atp_143,Grass,6,18.5,38.5,0.3333333333333333,1.5,ATP
atp_143,Hard,7,13.285714285714286,25.142857142857142,0.7142857142857143,-1.4285714285714286,ATP
atp_144,Clay,1,18.0,31.0,1.0,-5.0,ATP
atp_144,Grass,6,11.833333333333334,24.0,0.5,0.3333333333333333,ATP
atp_144,Hard,4,15.25,26.75,1.0,-3.75,ATP
atp_145,Hard,17,13.411764705882353,26.58823529411765,0.47058823529411764,-0.23529411764705882,ATP
atp_146,Clay,12,12.5,24.833333333333332,0.5,-0.16666666666666666,ATP
atp_146,Grass,1,18.0,27.0,1.0,-9.0,ATP
atp_146,Hard,5,18.6,35.2,0.6,-2.0,ATP
atp_147,Clay,7,15.714285714285714,27.428571428571427,1.0,-4.0,ATP
atp_147,Grass,2,17.5,31.5,1.0,-3.5,ATP
atp_147,Hard,31,12.225806451612904,23.774193548387096,0.6129032258064516,-0.6774193548387096,ATP
atp_148,Hard,2,16.5,28.0,1.0,-5.0,ATP
atp_15,Clay,15,11.066666666666666,24.0,0.4,1.8666666666666667,ATP
atp_15,Grass,7,13.857142857142858,29.714285714285715,0.2857142857142857,2.0,ATP
atp_15,Hard,60,11.55,24.25,0.38333333333333336,1.15,ATP
atp_150,Hard,1,19.0,37.0,1.0,-1.0,ATP
atp_151,Clay,1,14.0,26.0,1.0,-2.0,ATP
atp_151,Grass,3,15.0,26.0,0.6666666666666666,-4.0,ATP
atp_151,Hard,5,15.6,27.0,1.0,-4.2,ATP
atp_152,Hard,3,17.666666666666668,32.333333333333336,0.6666666666666666,-3.0,ATP
atp_153,Clay,1,27.0,50.0,1.0,-4.0,ATP
atp_153,Hard,4,15.5,33.0,0.5,2.0,ATP
atp_154,Hard,2,9.5,19.5,0.5,0.5,ATP
atp_155,Clay,2,15.5,24.5,1.0,-6.5,ATP
atp_155,Grass,1,25.0,51.0,1.0,1.0,ATP
atp_155,Hard,4,10.5,18.25,0.75,-2.75,ATP
atp_156,Grass,2,16.5,32.5,0.5,-0.5,ATP
atp_156,Hard,3,14.0,25.666666666666668,0.6666666666666666,-2.3333333333333335,ATP
atp_157,Clay,9,13.444444444444445,24.666666666666668,0.6666666666666666,-2.2222222222222223,ATP
atp_157,Grass,1,23.0,39.0,1.0,-7.0,ATP
atp_157,Hard,3,16.666666666666668,27.0,1.0,-6.333333333333333,ATP
atp_158,Clay,2,16.0,28.5,1.0,-3.5,ATP
atp_158,Hard,3,14.0,25.666666666666668,0.6666666666666666,-2.3333333333333335,ATP
atp_159,Grass,3,6.666666666666667,14.666666666666666,0.3333333333333333,1.3333333333333333,ATP
atp_159,Hard,1,19.0,35.0,1.0,-3.0,ATP
atp_16,Clay,10,13.0,28.9,0.4,2.9,ATP
atp_16,Grass,7,14.142857142857142,28.714285714285715,0.42857142857142855,0.42857142857142855,ATP
atp_16,Hard,48,11.5625,25.145833333333332,0.3125,2.0208333333333335,ATP
atp_160,Hard,6,14.0,28.5,0.5,0.5,ATP
atp_161,Clay,12,12.916666666666666,25.833333333333332,0.5833333333333334,0.0,ATP
atp_161,Hard,5,16.0,30.0,0.8,-2.0,ATP
atp_162,Clay,1,22.0,41.0,1.0,-3.0,ATP
atp_162,Hard,9,15.555555555555555,28.444444444444443,0.6666666666666666,-2.6666666666666665,ATP
atp_165,Clay,5,13.4,28.6,0.4,1.8,ATP
atp_165,Hard,5,14.2,27.0,0.6,-1.4,ATP
atp_166,Clay,2,13.5,22.0,1.0,-5.0,ATP
atp_166,Grass,2,15.5,26.5,1.0,-4.5,ATP
atp_166,Hard,21,11.952380952380953,22.19047619047619,0.6190476190476191,-1.7142857142857142,ATP
atp_167,Grass,2,16.0,27.0,1.0,-5.0,ATP
atp_168,Clay,7,12.571428571428571,25.142857142857142,0.5714285714285714,0.0,ATP
atp_168,Grass,4,19.0,37.75,0.75,-0.25,ATP
atp_168,Hard,27,14.37037037037037,29.22222222222222,0.4444444444444444,0.48148148148148145,ATP
atp_17,Clay,15,13.733333333333333,28.666666666666668,0.4,1.2,ATP
atp_17,Grass,11,15.0,32.27272727272727,0.2727272727272727,2.272727272727273,ATP
atp_17,Hard,41,13.512195121951219,28.24390243902439,0.4878048780487805,1.2195121951219512,ATP
atp_170,Clay,3,22.333333333333332,40.0,0.3333333333333333,-4.666666666666667,ATP
atp_171,Grass,1,18.0,30.0,1.0,-6.0,ATP
atp_171,Hard,5,12.8,25.0,0.4,-0.6,ATP
atp_172,Clay,2,8.5,17.0,0.5,0.0,ATP
atp_172,Hard,3,14.333333333333334,25.333333333333332,1.0,-3.3333333333333335,ATP
atp_173,Hard,4,16.5,28.75,1.0,-4.25,ATP
atp_174,Clay,11,10.909090909090908,19.545454545454547,0.6363636363636364,-2.272727272727273,ATP
atp_174,Grass,1,19.0,29.0,1.0,-9.0,ATP
atp_174,Hard,18,13.944444444444445,27.0,0.6111111111111112,-0.8888888888888888,ATP
atp_175,Hard,1,12.0,17.0,1.0,-7.0,ATP
atp_176,Hard,7,11.857142857142858,24.142857142857142,0.42857142857142855,0.42857142857142855,ATP
atp_177,Hard,1,19.0,30.0,1.0,-8.0,ATP
atp_178,Hard,1,12.0,17.0,1.0,-7.0,ATP
atp_179,Clay,1,22.0,36.0,1.0,-8.0,ATP
atp_179,Grass,2,23.0,46.0,0.5,0.0,ATP
atp_179,Hard,2,17.5,36.0,0.5,1.0,ATP
atp_18,Clay,14,12.071428571428571,26.142857142857142,0.35714285714285715,2.0,ATP
atp_18,Grass,4,15.25,31.5,0.5,1.0,ATP
atp_18,Hard,35,12.057142857142857,25.485714285714284,0.34285714285714286,1.3714285714285714,ATP
atp_180,Clay,2,14.5,26.0,1.0,-3.0,ATP
atp_181,Clay,1,17.0,28.0,1.0,-6.0,ATP
atp_181,Hard,4,12.75,25.25,0.25,-0.25,ATP
atp_182,Clay,1,14.0,28.0,1.0,0.0,ATP
atp_182,Hard,5,9.6,20.0,0.4,0.8,ATP
atp_183,Clay,5,17.8,31.8,0.8,-3.8,ATP
atp_183,Hard,3,12.0,20.666666666666668,0.6666666666666666,-3.3333333333333335,ATP
atp_184,Grass,1,19.0,27.0,1.0,-11.0,ATP
atp_185,Clay,3,15.0,24.666666666666668,1.0,-5.333333333333333,ATP
atp_185,Grass,4,17.5,35.0,0.75,0.0,ATP
atp_185,Hard,17,14.529411764705882,27.470588235294116,0.6470588235294118,-1.588235294117647,ATP
atp_186,Grass,2,12.5,23.5,0.5,-1.5,ATP
atp_186,Hard,1,13.0,20.0,1.0,-6.0,ATP
atp_187,Clay,3,12.0,21.0,0.6666666666666666,-3.0,ATP
atp_187,Hard,5,12.8,24.8,0.6,-0.8,ATP
atp_188,Clay,2,17.0,32.5,0.5,-1.5,ATP
atp_188,Hard,2,19.0,32.5,1.0,-5.5,ATP
atp_189,Clay,6,16.166666666666668,30.833333333333332,0.6666666666666666,-1.5,ATP
atp_189,Grass,2,9.0,19.0,0.5,1.0,ATP
atp_189,Hard,4,13.75,23.5,0.75,-4.0,ATP
atp_19,Clay,41,9.512195121951219,21.536585365853657,0.3170731707317073,2.5121951219512195,ATP
atp_19,Grass,2,19.0,34.0,1.0,-4.0,ATP
atp_19,Hard,30,12.1,25.566666666666666,0.4,1.3666666666666667,ATP
atp_190,Clay,1,12.0,19.0,1.0,-5.0,ATP
atp_190,Grass,3,14.666666666666666,22.333333333333332,1.0,-7.0,ATP
atp_190,Hard,19,13.052631578947368,24.36842105263158,0.5789473684210527,-1.736842105263158,ATP
atp_191,Hard,3,12.666666666666666,23.333333333333332,0.6666666666666666,-2.0,ATP
atp_192,Clay,4,12.5,21.25,0.75,-3.75,ATP
atp_192,Grass,4,12.25,23.75,0.5,-0.75,ATP
atp_193,Clay,1,19.0,36.0,1.0,-2.0,ATP
atp_193,Hard,1,15.0,30.0,1.0,0.0,ATP
atp_195,Clay,3,15.0,31.333333333333332,0.3333333333333333,1.3333333333333333,ATP
atp_195,Hard,3,23.666666666666668,47.333333333333336,0.3333333333333333,0.0,ATP
atp_196,Grass,9,12.444444444444445,24.22222222222222,0.4444444444444444,-0.6666666666666666,ATP
atp_196,Hard,4,11.5,21.25,0.5,-1.75,ATP
atp_197,Clay,4,11.75,23.0,0.5,-0.5,ATP
atp_197,Hard,1,19.0,31.0,1.0,-7.0,ATP
atp_198,Grass,3,21.0,42.666666666666664,0.3333333333333333,0.6666666666666666,ATP
atp_198,Hard,1,16.0,29.0,1.0,-3.0,ATP
atp_2,Clay,13,9.692307692307692,25.846153846153847,0.15384615384615385,6.461538461538462,ATP
atp_2,Grass,9,10.777777777777779,27.333333333333332,0.1111111111111111,5.777777777777778,ATP
atp_2,Hard,51,8.882352941176471,23.96078431372549,0.09803921568627451,6.196078431372549,ATP
atp_20,Clay,19,10.105263157894736,22.789473684210527,0.2631578947368421,2.5789473684210527,ATP
atp_20,Grass,9,15.0,31.666666666666668,0.3333333333333333,1.6666666666666667,ATP
atp_20,Hard,37,13.108108108108109,24.72972972972973,0.5675675675675675,-1.4864864864864864,ATP
atp_200,Hard,1,12.0,14.0,1.0,-10.0,ATP
atp_201,Clay,1,12.0,17.0,1.0,-7.0,ATP
atp_202,Hard,1,19.0,30.0,1.0,-8.0,ATP
atp_203,Grass,2,18.5,34.5,1.0,-2.5,ATP
atp_204,Clay,1,19.0,31.0,1.0,-7.0,ATP
atp_204,Hard,3,13.0,28.333333333333332,0.3333333333333333,2.3333333333333335,ATP
atp_205,Hard,1,12.0,20.0,1.0,-4.0,ATP
atp_207,Clay,1,13.0,23.0,1.0,-3.0,ATP
atp_208,Clay,7,17.857142857142858,33.142857142857146,0.7142857142857143,-2.5714285714285716,ATP
atp_208,Hard,1,29.0,52.0,1.0,-6.0,ATP
atp_209,Hard,1,13.0,22.0,1.0,-4.0,ATP
atp_21,Clay,10,12.1,25.0,0.5,0.8,ATP
atp_21,Grass,10,11.8,25.4,0.3,1.8,ATP
atp_21,Hard,49,11.673469387755102,24.73469387755102,0.3673469387755102,1.3877551020408163,ATP
atp_210,Grass,1,18.0,26.0,1.0,-10.0,ATP
atp_210,Hard,3,14.333333333333334,26.0,0.6666666666666666,-2.6666666666666665,ATP
atp_211,Hard,2,13.0,24.5,0.5,-1.5,ATP
atp_213,Hard,1,12.0,18.0,1.0,-6.0,ATP
atp_214,Grass,1,24.0,42.0,1.0,-6.0,ATP
atp_216,Clay,3,13.333333333333334,22.666666666666668,1.0,-4.0,ATP
atp_216,Hard,11,15.363636363636363,29.727272727272727,0.5454545454545454,-1.0,ATP
atp_219,Clay,11,11.545454545454545,23.181818181818183,0.5454545454545454,0.09090909090909091,ATP
atp_219,Hard,4,18.0,32.5,0.75,-3.5,ATP
atp_22,Clay,38,10.210526315789474,22.263157894736842,0.2631578947368421,1.8421052631578947,ATP
atp_22,Grass,6,16.833333333333332,34.0,0.6666666666666666,0.3333333333333333,ATP
atp_22,Hard,27,13.185185185185185,24.703703703703702,0.6296296296296297,-1.6666666666666667,ATP
atp_220,Hard,3,16.0,29.333333333333332,0.6666666666666666,-2.6666666666666665,ATP
atp_222,Clay,1,13.0,20.0,1.0,-6.0,ATP
atp_224,Clay,3,11.333333333333334,21.0,0.6666666666666666,-1.6666666666666667,ATP
atp_224,Hard,3,14.333333333333334,25.666666666666668,0.6666666666666666,-3.0,ATP
atp_225,Clay,1,12.0,17.0,1.0,-7.0,ATP
atp_227,Hard,5,11.2,19.6,0.6,-2.8,ATP
atp_23,Clay,7,13.428571428571429,23.428571428571427,0.8571428571428571,-3.4285714285714284,ATP
atp_23,Grass,7,12.285714285714286,23.714285714285715,0.42857142857142855,-0.8571428571428571,ATP
atp_23,Hard,52,12.788461538461538,26.73076923076923,0.34615384615384615,1.1538461538461537,ATP
atp_230,Clay,1,16.0,25.0,1.0,-7.0,ATP
atp_234,Hard,1,12.0,18.0,1.0,-6.0,ATP
atp_235,Clay,4,15.0,28.5,1.0,-1.5,ATP
atp_235,Hard,1,12.0,20.0,1.0,-4.0,ATP
atp_236,Clay,2,13.0,22.0,1.0,-4.0,ATP
atp_237,Hard,1,15.0,26.0,1.0,-4.0,ATP
atp_238,Grass,1,18.0,28.0,1.0,-8.0,ATP
atp_239,Hard,1,19.0,35.0,1.0,-3.0,ATP
atp_24,Clay,16,13.125,28.1875,0.25,1.9375,ATP
atp_24,Grass,3,15.333333333333334,32.333333333333336,0.6666666666666666,1.6666666666666667,ATP
atp_24,Hard,39,11.974358974358974,26.974358974358974,0.3333333333333333,3.0256410256410255,ATP
atp_242,Hard,2,13.0,27.0,0.5,1.0,ATP
atp_245,Clay,2,11.0,23.5,0.5,1.5,ATP
atp_246,Clay,1,12.0,18.0,1.0,-6.0,ATP
atp_246,Hard,3,15.333333333333334,30.333333333333332,0.6666666666666666,-0.3333333333333333,ATP
atp_249,Clay,1,12.0,15.0,1.0,-9.0,ATP
atp_25,Clay,18,13.055555555555555,27.27777777777778,0.3888888888888889,1.1666666666666667,ATP
atp_25,Grass,5,11.0,23.2,0.2,1.2,ATP
atp_25,Hard,43,12.837209302325581,25.325581395348838,0.4883720930232558,-0.3488372093023256,ATP
atp_255,Clay,1,16.0,27.0,1.0,-5.0,ATP
atp_256,Clay,4,14.5,28.0,0.75,-1.0,ATP
atp_259,Hard,21,12.047619047619047,24.0,0.5714285714285714,-0.09523809523809523,ATP
atp_26,Clay,3,10.333333333333334,18.666666666666668,0.6666666666666666,-2.0,ATP
atp_26,Hard,23,11.0,23.73913043478261,0.30434782608695654,1.7391304347826086,ATP
atp_262,Hard,2,13.5,23.0,1.0,-4.0,ATP
atp_263,Hard,1,12.0,17.0,1.0,-7.0,ATP
atp_27,Clay,14,13.285714285714286,27.571428571428573,0.35714285714285715,1.0,ATP
atp_27,Grass,7,17.142857142857142,34.857142857142854,0.42857142857142855,0.5714285714285714,ATP
atp_27,Hard,47,13.808510638297872,27.595744680851062,0.48936170212765956,-0.02127659574468085,ATP
atp_271,Hard,1,12.0,20.0,1.0,-4.0,ATP
atp_275,Hard,1,13.0,22.0,1.0,-4.0,ATP
atp_28,Clay,18,11.833333333333334,25.0,0.3888888888888889,1.3333333333333333,ATP
atp_28,Grass,3,15.0,29.333333333333332,0.6666666666666666,-0.6666666666666666,ATP
atp_28,Hard,41,13.390243902439025,27.365853658536587,0.4146341463414634,0.5853658536585366,ATP
atp_283,Clay,6,10.0,19.833333333333332,0.5,-0.16666666666666666,ATP
atp_283,Hard,12,13.666666666666666,26.333333333333332,0.5,-1.0,ATP
atp_284,Clay,4,14.25,25.0,1.0,-3.5,ATP
atp_284,Hard,5,11.6,22.8,0.4,-0.4,ATP
atp_287,Clay,1,18.0,24.0,1.0,-12.0,ATP
atp_287,Hard,1,13.0,21.0,1.0,-5.0,ATP
atp_29,Clay,13,11.384615384615385,21.846153846153847,0.5384615384615384,-0.9230769230769231,ATP
atp_29,Grass,9,16.333333333333332,34.77777777777778,0.3333333333333333,2.111111111111111,ATP
atp_29,Hard,54,11.907407407407407,24.462962962962962,0.4444444444444444,0.6481481481481481,ATP
atp_292,Grass,1,19.0,29.0,1.0,-9.0,ATP
atp_292,Hard,2,12.0,18.5,1.0,-5.5,ATP
atp_294,Clay,1,18.0,34.0,1.0,-2.0,ATP
atp_297,Clay,1,13.0,20.0,1.0,-6.0,ATP
atp_297,Hard,2,18.5,29.5,1.0,-7.5,ATP
atp_298,Clay,2,12.5,26.0,0.5,1.0,ATP
atp_3,Clay,12,11.583333333333334,27.0,0.25,3.8333333333333335,ATP
atp_3,Grass,6,13.0,32.0,0.16666666666666666,6.0,ATP
atp_3,Hard,39,11.128205128205128,26.076923076923077,0.20512820512820512,3.8205128205128207,ATP
atp_30,Clay,12,12.916666666666666,24.166666666666668,0.5833333333333334,-1.6666666666666667,ATP
atp_30,Grass,10,15.8,31.5,0.4,-0.1,ATP
atp_30,Hard,38,13.552631578947368,26.289473684210527,0.5526315789473685,-0.8157894736842105,ATP
atp_31,Clay,7,12.714285714285714,24.0,0.7142857142857143,-1.4285714285714286,ATP
atp_31,Grass,5,14.8,32.0,0.4,2.4,ATP
atp_31,Hard,37,11.756756756756756,24.405405405405407,0.40540540540540543,0.8918918918918919,ATP
atp_310,Clay,3,10.0,15.666666666666666,0.6666666666666666,-4.333333333333333,ATP
atp_312,Hard,1,22.0,39.0,1.0,-5.0,ATP
atp_317,Clay,1,12.0,17.0,1.0,-7.0,ATP
atp_318,Hard,1,13.0,21.0,1.0,-5.0,ATP
atp_32,Clay,12,10.583333333333334,23.333333333333332,0.4166666666666667,2.1666666666666665,ATP
atp_32,Grass,3,14.0,24.666666666666668,0.6666666666666666,-3.3333333333333335,ATP
atp_32,Hard,30,12.866666666666667,26.666666666666668,0.4666666666666667,0.9333333333333333,ATP
atp_323,Grass,2,15.0,28.5,0.5,-1.5,ATP
atp_33,Clay,32,11.875,24.09375,0.4375,0.34375,ATP
atp_33,Grass,1,14.0,19.0,1.0,-9.0,ATP
atp_33,Hard,22,12.863636363636363,24.59090909090909,0.6363636363636364,-1.1363636363636365,ATP
atp_331,Hard,2,13.0,20.0,1.0,-6.0,ATP
atp_333,Hard,6,14.5,25.333333333333332,0.8333333333333334,-3.6666666666666665,ATP
atp_335,Clay,1,12.0,20.0,1.0,-4.0,ATP
atp_335,Hard,1,19.0,26.0,1.0,-12.0,ATP
atp_34,Clay,12,12.5,24.25,0.6666666666666666,-0.75,ATP
atp_34,Grass,11,13.272727272727273,28.09090909090909,0.36363636363636365,1.5454545454545454,ATP
atp_34,Hard,38,12.157894736842104,24.92105263157895,0.4473684210526316,0.6052631578947368,ATP
atp_347,Clay,1,17.0,32.0,1.0,-2.0,ATP
atp_35,Clay,13,12.153846153846153,26.153846153846153,0.5384615384615384,1.8461538461538463,ATP
atp_35,Grass,6,15.5,30.666666666666668,0.5,-0.3333333333333333,ATP
atp_35,Hard,43,11.837209302325581,25.232558139534884,0.3953488372093023,1.558139534883721,ATP
atp_353,Clay,1,13.0,22.0,1.0,-4.0,ATP
atp_353,Hard,7,10.142857142857142,20.285714285714285,0.42857142857142855,0.0,ATP
atp_355,Clay,6,14.666666666666666,28.833333333333332,0.5,-0.5,ATP
atp_355,Hard,3,11.0,22.333333333333332,0.6666666666666666,0.3333333333333333,ATP
atp_359,Hard,2,13.0,21.5,1.0,-4.5,ATP
atp_36,Clay,7,12.285714285714286,24.857142857142858,0.7142857142857143,0.2857142857142857,ATP
atp_36,Grass,4,17.25,32.25,0.75,-2.25,ATP
atp_36,Hard,45,11.533333333333333,24.511111111111113,0.4,1.4444444444444444,ATP
atp_37,Clay,15,12.266666666666667,25.6,0.4,1.0666666666666667,ATP
atp_37,Grass,6,16.333333333333332,35.166666666666664,0.5,2.5,ATP
atp_37,Hard,22,13.045454545454545,25.818181818181817,0.4090909090909091,-0.2727272727272727,ATP
atp_371,Hard,4,13.0,22.25,0.75,-3.75,ATP
atp_372,Clay,3,13.0,25.0,0.6666666666666666,-1.0,ATP
atp_372,Hard,1,18.0,26.0,1.0,-10.0,ATP
atp_376,Hard,1,21.0,33.0,1.0,-9.0,ATP
atp_377,Clay,7,11.0,22.571428571428573,0.5714285714285714,0.5714285714285714,ATP
atp_377,Hard,1,29.0,51.0,1.0,-7.0,ATP
atp_38,Clay,7,13.142857142857142,25.285714285714285,0.5714285714285714,-1.0,ATP
atp_38,Grass,8,13.125,27.5,0.5,1.25,ATP
atp_38,Hard,43,11.465116279069768,23.930232558139537,0.3953488372093023,1.0,ATP
atp_383,Hard,1,12.0,15.0,1.0,-9.0,ATP
atp_388,Clay,1,12.0,18.0,1.0,-6.0,ATP
atp_39,Clay,10,13.0,27.1,0.4,1.1,ATP
atp_39,Grass,12,11.75,25.916666666666668,0.25,2.4166666666666665,ATP
atp_39,Hard,35,12.714285714285714,24.514285714285716,0.6,-0.9142857142857143,ATP
atp_390,Clay,1,17.0,32.0,1.0,-2.0,ATP
atp_390,Hard,2,14.5,29.5,0.5,0.5,ATP
atp_391,Clay,3,8.0,18.0,0.3333333333333333,2.0,ATP
atp_391,Grass,1,31.0,57.0,1.0,-5.0,ATP
atp_391,Hard,5,11.8,20.8,0.8,-2.8,ATP
atp_396,Hard,1,25.0,42.0,1.0,-8.0,ATP
atp_398,Clay,2,12.0,22.0,0.5,-2.0,ATP
atp_399,Clay,2,15.5,24.5,1.0,-6.5,ATP
atp_4,Clay,25,10.44,23.96,0.28,3.08,ATP
atp_4,Grass,9,13.444444444444445,28.333333333333332,0.3333333333333333,1.4444444444444444,ATP
atp_4,Hard,51,12.019607843137255,26.392156862745097,0.29411764705882354,2.3529411764705883,ATP
atp_40,Clay,15,10.266666666666667,22.133333333333333,0.3333333333333333,1.6,ATP
atp_40,Hard,27,12.407407407407407,25.62962962962963,0.37037037037037035,0.8148148148148148,ATP
atp_400,Hard,3,15.666666666666666,26.666666666666668,1.0,-4.666666666666667,ATP
atp_402,Clay,1,12.0,20.0,1.0,-4.0,ATP
atp_402,Hard,7,14.714285714285714,28.0,0.7142857142857143,-1.4285714285714286,ATP
atp_41,Clay,7,13.142857142857142,23.428571428571427,0.7142857142857143,-2.857142857142857,ATP
atp_41,Grass,9,13.222222222222221,26.333333333333332,0.4444444444444444,-0.1111111111111111,ATP
atp_41,Hard,45,12.466666666666667,24.733333333333334,0.4888888888888889,-0.2,ATP
atp_414,Hard,2,13.5,24.0,0.5,-3.0,ATP
atp_42,Clay,9,11.0,22.88888888888889,0.3333333333333333,0.8888888888888888,ATP
atp_42,Grass,4,13.25,32.5,0.25,6.0,ATP
atp_42,Hard,22,10.181818181818182,20.272727272727273,0.5,-0.09090909090909091,ATP
atp_424,Clay,1,12.0,19.0,1.0,-5.0,ATP
atp_43,Clay,6,13.0,24.166666666666668,0.6666666666666666,-1.8333333333333333,ATP
atp_43,Grass,8,14.75,28.375,0.5,-1.125,ATP
atp_43,Hard,44,11.840909090909092,23.318181818181817,0.45454545454545453,-0.36363636363636365,ATP
atp_44,Clay,14,14.0,27.928571428571427,0.5,-0.07142857142857142,ATP
atp_44,Grass,9,13.222222222222221,27.333333333333332,0.4444444444444444,0.8888888888888888,ATP
atp_44,Hard,45,13.733333333333333,27.355555555555554,0.4888888888888889,-0.1111111111111111,ATP
atp_446,Hard,3,15.666666666666666,28.666666666666668,0.6666666666666666,-2.6666666666666665,ATP
atp_449,Hard,17,13.705882352941176,25.0,0.7647058823529411,-2.411764705882353,ATP
atp_45,Clay,30,11.666666666666666,22.666666666666668,0.4666666666666667,-0.6666666666666666,ATP
atp_45,Grass,3,15.0,25.0,1.0,-5.0,ATP
atp_45,Hard,19,13.578947368421053,23.57894736842105,0.7368421052631579,-3.5789473684210527,ATP
atp_455,Hard,2,12.5,19.5,1.0,-5.5,ATP
atp_46,Clay,7,13.142857142857142,27.571428571428573,0.14285714285714285,1.2857142857142858,ATP
atp_46,Grass,8,12.0,24.625,0.375,0.625,ATP
atp_46,Hard,29,12.862068965517242,24.75862068965517,0.5517241379310345,-0.9655172413793104,ATP
atp_47,Clay,13,11.461538461538462,23.384615384615383,0.46153846153846156,0.46153846153846156,ATP
atp_47,Grass,5,13.2,24.8,0.6,-1.6,ATP
atp_47,Hard,42,13.0,26.642857142857142,0.47619047619047616,0.6428571428571429,ATP
atp_470,Hard,1,12.0,18.0,1.0,-6.0,ATP
atp_473,Hard,3,15.0,29.333333333333332,0.6666666666666666,-0.6666666666666666,ATP
atp_475,Grass,1,23.0,39.0,1.0,-7.0,ATP
atp_48,Clay,2,13.5,26.5,0.5,-0.5,ATP
atp_48,Grass,5,13.2,28.0,0.4,1.6,ATP
atp_48,Hard,32,12.9375,25.09375,0.5625,-0.78125,ATP
atp_49,Clay,10,11.9,24.6,0.5,0.8,ATP
atp_49,Hard,45,11.577777777777778,24.377777777777776,0.4,1.2222222222222223,ATP
atp_5,Clay,24,10.458333333333334,23.958333333333332,0.20833333333333334,3.0416666666666665,ATP
atp_5,Grass,1,23.0,37.0,1.0,-9.0,ATP
atp_5,Hard,52,12.365384615384615,26.846153846153847,0.36538461538461536,2.1153846153846154,ATP
atp_50,Clay,20,12.9,25.55,0.45,-0.25,ATP
atp_50,Grass,3,16.666666666666668,27.0,1.0,-6.333333333333333,ATP
atp_50,Hard,33,14.454545454545455,26.666666666666668,0.5454545454545454,-2.242424242424242,ATP
atp_51,Clay,14,12.785714285714286,25.642857142857142,0.35714285714285715,0.07142857142857142,ATP
atp_51,Grass,4,18.0,33.75,0.75,-2.25,ATP
atp_51,Hard,30,14.3,26.833333333333332,0.7,-1.7666666666666666,ATP
atp_52,Clay,2,15.0,20.5,1.0,-9.5,ATP
atp_52,Grass,4,16.75,36.5,0.25,3.0,ATP
atp_52,Hard,23,11.91304347826087,24.47826086956522,0.5217391304347826,0.6521739130434783,ATP
atp_53,Clay,29,12.448275862068966,24.82758620689655,0.4482758620689655,-0.06896551724137931,ATP
atp_53,Grass,6,13.833333333333334,26.0,0.6666666666666666,-1.6666666666666667,ATP
atp_53,Hard,30,13.766666666666667,28.266666666666666,0.5,0.7333333333333333,ATP
atp_54,Clay,15,13.466666666666667,25.4,0.6,-1.5333333333333334,ATP
atp_54,Grass,4,14.0,24.0,0.75,-4.0,ATP
atp_54,Hard,37,13.64864864864865,25.513513513513512,0.5945945945945946,-1.7837837837837838,ATP
atp_55,Clay,11,12.909090909090908,25.363636363636363,0.5454545454545454,-0.45454545454545453,ATP
atp_55,Grass,2,19.5,37.5,0.5,-1.5,ATP
atp_55,Hard,32,12.78125,25.3125,0.53125,-0.25,ATP
atp_56,Clay,9,12.333333333333334,24.444444444444443,0.5555555555555556,-0.2222222222222222,ATP
atp_56,Grass,4,15.75,34.25,0.25,2.75,ATP
atp_56,Hard,21,14.095238095238095,28.38095238095238,0.5238095238095238,0.19047619047619047,ATP
atp_57,Clay,13,11.153846153846153,22.307692307692307,0.46153846153846156,0.0,ATP
atp_57,Grass,1,27.0,49.0,1.0,-5.0,ATP
atp_57,Hard,28,12.392857142857142,25.678571428571427,0.4642857142857143,0.8928571428571429,ATP
atp_58,Clay,8,14.75,27.5,0.75,-2.0,ATP
atp_58,Grass,4,19.75,37.25,0.75,-2.25,ATP
atp_58,Hard,44,13.613636363636363,26.454545454545453,0.5454545454545454,-0.7727272727272727,ATP
atp_59,Clay,1,29.0,56.0,1.0,-2.0,ATP
atp_59,Grass,2,14.5,31.0,0.5,2.0,ATP
atp_59,Hard,26,13.423076923076923,26.153846153846153,0.6153846153846154,-0.6923076923076923,ATP
atp_6,Clay,8,13.25,26.375,0.625,-0.125,ATP
atp_6,Grass,10,13.0,27.7,0.4,1.7,ATP
atp_6,Hard,69,11.521739130434783,24.782608695652176,0.2463768115942029,1.7391304347826086,ATP
atp_60,Clay,10,10.8,23.4,0.4,1.8,ATP
atp_60,Grass,6,16.166666666666668,32.333333333333336,0.3333333333333333,0.0,ATP
atp_60,Hard,21,10.80952380952381,21.80952380952381,0.47619047619047616,0.19047619047619047,ATP
atp_61,Clay,28,12.0,23.821428571428573,0.4642857142857143,-0.17857142857142858,ATP
atp_61,Grass,3,14.666666666666666,24.0,1.0,-5.333333333333333,ATP
atp_61,Hard,21,14.666666666666666,26.666666666666668,0.7619047619047619,-2.6666666666666665,ATP
atp_62,Clay,26,13.307692307692308,26.5,0.5,-0.11538461538461539,ATP
atp_62,Grass,2,15.5,25.5,1.0,-5.5,ATP
atp_62,Hard,22,13.636363636363637,26.181818181818183,0.5909090909090909,-1.0909090909090908,ATP
atp_63,Clay,10,14.6,26.7,0.6,-2.5,ATP
atp_63,Grass,6,13.333333333333334,27.333333333333332,0.5,0.6666666666666666,ATP
atp_63,Hard,46,12.73913043478261,25.76086956521739,0.5,0.2826086956521739,ATP
atp_64,Clay,6,14.833333333333334,26.333333333333332,0.8333333333333334,-3.3333333333333335,ATP
atp_64,Grass,9,15.444444444444445,32.77777777777778,0.4444444444444444,1.8888888888888888,ATP
atp_64,Hard,44,12.909090909090908,26.295454545454547,0.5,0.4772727272727273,ATP
atp_65,Clay,4,13.5,23.75,0.75,-3.25,ATP
atp_65,Hard,21,11.714285714285714,22.714285714285715,0.5714285714285714,-0.7142857142857143,ATP
atp_66,Hard,17,13.411764705882353,28.176470588235293,0.4117647058823529,1.3529411764705883,ATP
atp_67,Clay,20,13.2,27.15,0.45,0.75,ATP
atp_67,Hard,24,13.333333333333334,25.958333333333332,0.5833333333333334,-0.7083333333333334,ATP
atp_68,Clay,5,11.4,22.2,0.8,-0.6,ATP
atp_68,Grass,1,18.0,28.0,1.0,-8.0,ATP
atp_68,Hard,14,13.428571428571429,26.5,0.5,-0.35714285714285715,ATP
atp_69,Clay,6,14.666666666666666,26.5,0.6666666666666666,-2.8333333333333335,ATP
atp_69,Grass,10,14.2,27.9,0.4,-0.5,ATP
atp_69,Hard,38,13.447368421052632,27.157894736842106,0.47368421052631576,0.2631578947368421,ATP
atp_7,Clay,7,12.571428571428571,24.142857142857142,0.5714285714285714,-1.0,ATP
atp_7,Grass,15,14.2,31.8,0.13333333333333333,3.4,ATP
atp_7,Hard,56,12.553571428571429,27.232142857142858,0.32142857142857145,2.125,ATP
atp_70,Clay,8,16.0,29.75,0.625,-2.25,ATP
atp_70,Grass,4,13.0,26.0,0.5,0.0,ATP
atp_70,Hard,25,11.96,22.6,0.64,-1.32,ATP
atp_71,Clay,11,11.363636363636363,23.90909090909091,0.36363636363636365,1.1818181818181819,ATP
atp_71,Grass,2,5.0,11.5,0.5,1.5,ATP
atp_71,Hard,14,13.928571428571429,27.285714285714285,0.5714285714285714,-0.5714285714285714,ATP
atp_72,Clay,7,15.285714285714286,29.428571428571427,0.5714285714285714,-1.1428571428571428,ATP
atp_72,Grass,6,13.5,24.5,0.6666666666666666,-2.5,ATP
atp_72,Hard,34,14.294117647058824,27.235294117647058,0.6470588235294118,-1.3529411764705883,ATP
atp_73,Clay,11,13.363636363636363,26.636363636363637,0.36363636363636365,-0.09090909090909091,ATP
atp_73,Grass,2,22.5,43.0,0.5,-2.0,ATP
atp_73,Hard,19,13.842105263157896,27.31578947368421,0.5789473684210527,-0.3684210526315789,ATP
atp_74,Clay,28,11.178571428571429,23.607142857142858,0.5,1.25,ATP
atp_74,Grass,2,18.0,36.5,0.5,0.5,ATP
atp_74,Hard,17,15.058823529411764,28.235294117647058,0.7647058823529411,-1.8823529411764706,ATP
atp_75,Clay,7,13.142857142857142,25.428571428571427,0.7142857142857143,-0.8571428571428571,ATP
atp_75,Grass,2,20.5,35.5,1.0,-5.5,ATP
atp_75,Hard,40,12.9,25.525,0.575,-0.275,ATP
atp_76,Clay,7,11.714285714285714,21.428571428571427,0.5714285714285714,-2.0,ATP
atp_76,Hard,13,14.846153846153847,28.76923076923077,0.5384615384615384,-0.9230769230769231,ATP
atp_77,Clay,10,12.7,23.1,0.7,-2.3,ATP
atp_77,Grass,6,14.666666666666666,28.833333333333332,0.5,-0.5,ATP
atp_77,Hard,24,14.583333333333334,27.541666666666668,0.625,-1.625,ATP
atp_78,Clay,21,12.80952380952381,25.857142857142858,0.47619047619047616,0.23809523809523808,ATP
atp_78,Hard,3,19.666666666666668,32.0,1.0,-7.333333333333333,ATP
atp_79,Clay,14,12.5,24.0,0.5714285714285714,-1.0,ATP
atp_79,Grass,1,20.0,34.0,1.0,-6.0,ATP
atp_79,Hard,18,14.38888888888889,24.944444444444443,0.6111111111111112,-3.8333333333333335,ATP
atp_8,Clay,15,9.466666666666667,22.2,0.3333333333333333,3.2666666666666666,ATP
atp_8,Grass,5,13.2,30.0,0.4,3.6,ATP
atp_8,Hard,65,10.338461538461539,23.73846153846154,0.27692307692307694,3.0615384615384613,ATP
atp_80,Clay,2,15.0,22.0,1.0,-8.0,ATP
atp_80,Grass,4,18.25,36.0,0.75,-0.5,ATP
atp_80,Hard,20,13.65,25.4,0.6,-1.9,ATP
atp_81,Clay,11,14.454545454545455,29.272727272727273,0.36363636363636365,0.36363636363636365,ATP
atp_81,Grass,1,23.0,38.0,1.0,-8.0,ATP
atp_81,Hard,6,13.666666666666666,23.166666666666668,0.8333333333333334,-4.166666666666667,ATP
atp_82,Clay,14,11.928571428571429,22.642857142857142,0.5714285714285714,-1.2142857142857142,ATP
atp_82,Grass,9,13.666666666666666,28.11111111111111,0.4444444444444444,0.7777777777777778,ATP
atp_82,Hard,19,14.0,25.263157894736842,0.7368421052631579,-2.736842105263158,ATP
atp_83,Clay,8,16.875,32.5,0.75,-1.25,ATP
atp_83,Grass,5,17.8,33.8,0.6,-1.8,ATP
atp_83,Hard,50,12.94,26.42,0.5,0.54,ATP
atp_84,Clay,12,10.25,21.333333333333332,0.4166666666666667,0.8333333333333334,ATP
atp_84,Grass,7,11.714285714285714,22.142857142857142,0.5714285714285714,-1.2857142857142858,ATP
atp_84,Hard,18,14.722222222222221,27.0,0.7222222222222222,-2.4444444444444446,ATP
atp_85,Clay,13,13.384615384615385,26.23076923076923,0.46153846153846156,-0.5384615384615384,ATP
atp_85,Grass,2,16.0,28.0,1.0,-4.0,ATP
atp_85,Hard,30,13.5,26.466666666666665,0.5666666666666667,-0.5333333333333333,ATP
atp_86,Clay,16,11.0625,23.25,0.375,1.125,ATP
atp_86,Grass,4,20.0,38.75,0.75,-1.25,ATP
atp_86,Hard,13,14.0,26.384615384615383,0.6153846153846154,-1.6153846153846154,ATP
atp_87,Clay,21,11.904761904761905,24.142857142857142,0.42857142857142855,0.3333333333333333,ATP
atp_87,Grass,1,26.0,48.0,1.0,-4.0,ATP
atp_87,Hard,9,14.444444444444445,25.666666666666668,0.6666666666666666,-3.2222222222222223,ATP
atp_88,Clay,5,14.2,26.4,0.8,-2.0,ATP
atp_88,Grass,5,17.6,30.6,0.8,-4.6,ATP
atp_88,Hard,37,14.108108108108109,26.62162162162162,0.6216216216216216,-1.5945945945945945,ATP
atp_89,Clay,9,12.444444444444445,23.555555555555557,0.6666666666666666,-1.3333333333333333,ATP
atp_89,Grass,2,20.0,41.5,0.5,1.5,ATP
atp_89,Hard,3,15.666666666666666,28.666666666666668,0.6666666666666666,-2.6666666666666665,ATP
atp_9,Clay,13,13.307692307692308,25.692307692307693,0.38461538461538464,-0.9230769230769231,ATP
atp_9,Grass,10,13.5,29.0,0.4,2.0,ATP
atp_9,Hard,54,12.407407407407407,26.574074074074073,0.3148148148148148,1.7592592592592593,ATP
atp_90,Clay,16,11.9375,24.5,0.4375,0.625,ATP
atp_90,Grass,2,13.0,21.5,1.0,-4.5,ATP
atp_90,Hard,14,14.071428571428571,28.071428571428573,0.5,-0.07142857142857142,ATP
atp_9000,Hard,1,12.0,14.0,1.0,-10.0,ATP
atp_9001,Hard,6,14.666666666666666,26.0,0.8333333333333334,-3.3333333333333335,ATP
atp_9002,Hard,1,14.0,27.0,1.0,-1.0,ATP
atp_9003,Hard,7,12.857142857142858,26.428571428571427,0.42857142857142855,0.7142857142857143,ATP
atp_9004,Hard,3,14.0,27.0,0.6666666666666666,-1.0,ATP
atp_9005,Hard,1,13.0,21.0,1.0,-5.0,ATP
atp_9006,Hard,2,15.0,25.0,1.0,-5.0,ATP
atp_9007,Hard,3,15.0,27.666666666666668,0.6666666666666666,-2.3333333333333335,ATP
atp_9008,Hard,1,13.0,23.0,1.0,-3.0,ATP
atp_9009,Hard,3,12.666666666666666,21.333333333333332,0.6666666666666666,-4.0,ATP
atp_9010,Hard,2,13.5,20.0,1.0,-7.0,ATP
atp_9011,Hard,5,11.4,20.0,0.6,-2.8,ATP
atp_9012,Clay,2,13.5,24.0,0.5,-3.0,ATP
atp_9013,Clay,9,13.11111111111111,20.555555555555557,0.8888888888888888,-5.666666666666667,ATP
atp_9013,Hard,2,14.5,27.5,0.5,-1.5,ATP
atp_9014,Clay,1,18.0,34.0,1.0,-2.0,ATP
atp_9015,Clay,1,12.0,19.0,1.0,-5.0,ATP
atp_9016,Clay,1,13.0,22.0,1.0,-4.0,ATP
atp_9017,Clay,4,12.0,16.75,1.0,-7.25,ATP
atp_9017,Grass,3,20.333333333333332,37.0,1.0,-3.6666666666666665,ATP
atp_9018,Clay,1,13.0,19.0,1.0,-7.0,ATP
atp_9019,Clay,1,12.0,16.0,1.0,-8.0,ATP
atp_9022,Clay,1,13.0,21.0,1.0,-5.0,ATP
atp_9023,Clay,1,12.0,14.0,1.0,-10.0,ATP
atp_9024,Clay,1,25.0,48.0,1.0,-2.0,ATP
atp_9025,Clay,1,12.0,17.0,1.0,-7.0,ATP
atp_9026,Clay,1,12.0,17.0,1.0,-7.0,ATP
atp_9026,Hard,1,13.0,21.0,1.0,-5.0,ATP
atp_9027,Hard,2,9.0,16.5,0.5,-1.5,ATP
atp_9028,Hard,1,13.0,21.0,1.0,-5.0,ATP
atp_9029,Hard,2,8.0,18.5,0.5,2.5,ATP
atp_9030,Clay,1,14.0,25.0,1.0,-3.0,ATP
atp_9031,Hard,2,11.0,22.0,0.5,0.0,ATP
atp_9032,Hard,1,15.0,26.0,1.0,-4.0,ATP
atp_9033,Hard,2,19.0,34.0,1.0,-4.0,ATP
atp_9034,Hard,1,12.0,16.0,1.0,-8.0,ATP
atp_9035,Hard,2,12.0,23.0,0.5,-1.0,ATP
atp_9036,Hard,1,19.0,35.0,1.0,-3.0,ATP
atp_9037,Clay,1,14.0,25.0,1.0,-3.0,ATP
atp_9038,Hard,1,12.0,18.0,1.0,-6.0,ATP
atp_9039,Hard,1,12.0,19.0,1.0,-5.0,ATP
atp_9040,Hard,1,18.0,29.0,1.0,-7.0,ATP
atp_9041,Hard,1,12.0,19.0,1.0,-5.0,ATP
atp_91,Clay,13,13.461538461538462,26.307692307692307,0.46153846153846156,-0.6153846153846154,ATP
atp_91,Hard,1,18.0,27.0,1.0,-9.0,ATP
atp_92,Clay,8,12.75,25.375,0.5,-0.125,ATP
atp_92,Hard,5,13.8,27.6,0.6,0.0,ATP
atp_93,Clay,4,16.25,31.0,0.5,-1.5,ATP
atp_93,Grass,2,21.0,37.5,1.0,-4.5,ATP
atp_93,Hard,33,13.303030303030303,25.545454545454547,0.6363636363636364,-1.0606060606060606,ATP
atp_94,Clay,4,12.75,21.75,0.75,-3.75,ATP
atp_94,Grass,1,18.0,25.0,1.0,-11.0,ATP
atp_94,Hard,23,12.391304347826088,23.217391304347824,0.5652173913043478,-1.565217391304348,ATP
atp_95,Clay,8,12.375,22.625,0.625,-2.125,ATP
atp_95,Grass,3,14.0,20.666666666666668,1.0,-7.333333333333333,ATP
atp_95,Hard,28,12.214285714285714,23.607142857142858,0.5714285714285714,-0.8214285714285714,ATP
atp_96,Clay,13,12.461538461538462,22.23076923076923,0.7692307692307693,-2.6923076923076925,ATP
atp_96,Grass,1,22.0,33.0,1.0,-11.0,ATP
atp_96,Hard,15,11.266666666666667,20.666666666666668,0.6666666666666666,-1.8666666666666667,ATP
atp_97,Clay,7,14.428571428571429,28.571428571428573,0.5714285714285714,-0.2857142857142857,ATP
atp_97,Grass,4,11.25,22.75,0.5,0.25,ATP
atp_97,Hard,27,12.25925925925926,24.51851851851852,0.5555555555555556,0.0,ATP
atp_98,Clay,8,13.75,25.0,0.75,-2.5,ATP
atp_98,Hard,18,15.166666666666666,29.166666666666668,0.6111111111111112,-1.1666666666666667,ATP
atp_99,Clay,1,12.0,16.0,1.0,-8.0,ATP
atp_99,Hard,10,10.6,20.6,0.5,-0.6,ATP
wta_1,Clay,21,8.047619047619047,19.857142857142858,0.14285714285714285,3.761904761904762,WTA
wta_1,Grass,9,11.333333333333334,24.444444444444443,0.2222222222222222,1.7777777777777777,WTA
wta_1,Hard,59,7.661016949152542,19.983050847457626,0.13559322033898305,4.661016949152542,WTA
wta_10,Clay,5,9.4,20.0,0.4,1.2,WTA
wta_10,Grass,2,9.0,19.5,0.5,1.5,WTA
wta_10,Hard,38,10.289473684210526,22.842105263157894,0.2631578947368421,2.263157894736842,WTA
wta_100,Clay,9,11.666666666666666,22.88888888888889,0.5555555555555556,-0.4444444444444444,WTA
wta_100,Grass,4,10.75,19.75,0.75,-1.75,WTA
wta_100,Hard,38,11.947368421052632,23.657894736842106,0.47368421052631576,-0.23684210526315788,WTA
wta_101,Clay,7,9.857142857142858,20.857142857142858,0.2857142857142857,1.1428571428571428,WTA
wta_101,Grass,3,11.333333333333334,18.666666666666668,0.6666666666666666,-4.0,WTA
wta_101,Hard,18,12.166666666666666,21.555555555555557,0.8333333333333334,-2.7777777777777777,WTA
wta_102,Clay,6,9.833333333333334,19.0,0.6666666666666666,-0.6666666666666666,WTA
wta_102,Grass,9,11.666666666666666,23.0,0.4444444444444444,-0.3333333333333333,WTA
wta_102,Hard,40,11.85,22.575,0.6,-1.125,WTA
wta_103,Grass,4,11.5,23.75,0.5,0.75,WTA
wta_103,Hard,22,11.818181818181818,22.09090909090909,0.6363636363636364,-1.5454545454545454,WTA
wta_104,Hard,14,11.071428571428571,21.428571428571427,0.42857142857142855,-0.7142857142857143,WTA
wta_105,Clay,2,13.5,24.5,0.5,-2.5,WTA
wta_105,Hard,4,11.0,19.75,0.75,-2.25,WTA
wta_106,Clay,3,13.0,25.666666666666668,0.6666666666666666,-0.3333333333333333,WTA
wta_106,Hard,8,8.125,18.5,0.25,2.25,WTA
wta_107,Clay,8,12.0,21.5,0.625,-2.5,WTA
wta_107,Grass,3,9.333333333333334,20.666666666666668,0.3333333333333333,2.0,WTA
wta_107,Hard,11,8.909090909090908,20.09090909090909,0.45454545454545453,2.272727272727273,WTA
wta_108,Clay,4,13.0,20.5,1.0,-5.5,WTA
wta_108,Grass,1,12.0,18.0,1.0,-6.0,WTA
wta_108,Hard,10,13.1,21.3,0.9,-4.9,WTA
wta_109,Clay,8,10.5,21.75,0.5,0.75,WTA
wta_109,Grass,6,11.333333333333334,22.0,0.5,-0.6666666666666666,WTA
wta_109,Hard,30,11.5,21.166666666666668,0.6,-1.8333333333333333,WTA
wta_11,Clay,18,7.444444444444445,19.055555555555557,0.2777777777777778,4.166666666666667,WTA
wta_11,Grass,11,9.272727272727273,22.545454545454547,0.2727272727272727,4.0,WTA
wta_11,Hard,53,10.09433962264151,21.62264150943396,0.4339622641509434,1.4339622641509433,WTA
wta_110,Clay,4,10.75,18.5,0.75,-3.0,WTA
wta_110,Grass,9,11.444444444444445,24.666666666666668,0.2222222222222222,1.7777777777777777,WTA
wta_110,Hard,20,11.95,21.9,0.7,-2.0,WTA
wta_111,Grass,1,13.0,23.0,1.0,-3.0,WTA
wta_111,Hard,11,12.727272727272727,23.181818181818183,0.7272727272727273,-2.272727272727273,WTA
wta_112,Clay,1,13.0,21.0,1.0,-5.0,WTA
wta_112,Grass,2,12.5,22.5,0.5,-2.5,WTA
wta_112,Hard,6,13.0,21.5,0.8333333333333334,-4.5,WTA
wta_113,Clay,2,12.5,19.0,1.0,-6.0,WTA
wta_113,Grass,3,13.666666666666666,23.666666666666668,0.6666666666666666,-3.6666666666666665,WTA
wta_113,Hard,19,11.842105263157896,23.263157894736842,0.5263157894736842,-0.42105263157894735,WTA
wta_114,Hard,5,8.0,19.8,0.2,3.8,WTA
wta_115,Clay,5,10.4,20.4,0.4,-0.4,WTA
wta_115,Grass,1,12.0,19.0,1.0,-5.0,WTA
wta_115,Hard,12,10.666666666666666,17.416666666666668,0.8333333333333334,-3.9166666666666665,WTA
wta_116,Clay,1,12.0,17.0,1.0,-7.0,WTA
wta_116,Grass,1,13.0,21.0,1.0,-5.0,WTA
wta_116,Hard,21,10.952380952380953,22.80952380952381,0.38095238095238093,0.9047619047619048,WTA
wta_117,Clay,3,10.666666666666666,20.0,0.3333333333333333,-1.3333333333333333,WTA
wta_117,Grass,2,9.0,19.0,0.5,1.0,WTA
wta_117,Hard,9,11.11111111111111,23.11111111111111,0.4444444444444444,0.8888888888888888,WTA
wta_118,Clay,3,14.333333333333334,26.0,0.6666666666666666,-2.6666666666666665,WTA
wta_118,Grass,1,12.0,18.0,1.0,-6.0,WTA
wta_118,Hard,12,10.583333333333334,22.666666666666668,0.5,1.5,WTA
wta_119,Clay,3,11.333333333333334,21.666666666666668,0.6666666666666666,-1.0,WTA
wta_119,Hard,11,12.363636363636363,22.454545454545453,0.6363636363636364,-2.272727272727273,WTA
wta_12,Clay,6,9.5,18.5,0.5,-0.5,WTA
wta_12,Grass,7,10.571428571428571,21.428571428571427,0.2857142857142857,0.2857142857142857,WTA
wta_12,Hard,46,9.456521739130435,21.08695652173913,0.30434782608695654,2.1739130434782608,WTA
wta_120,Clay,4,8.75,18.25,0.5,0.75,WTA
wta_120,Hard,10,9.7,20.0,0.4,0.6,WTA
wta_121,Clay,9,12.333333333333334,23.22222222222222,0.5555555555555556,-1.4444444444444444,WTA
wta_121,Grass,3,10.666666666666666,21.0,0.6666666666666666,-0.3333333333333333,WTA
wta_121,Hard,20,12.3,23.75,0.6,-0.85,WTA
wta_122,Clay,1,16.0,26.0,1.0,-6.0,WTA
wta_122,Grass,4,10.5,20.75,0.5,-0.25,WTA
wta_122,Hard,29,11.931034482758621,23.0,0.6206896551724138,-0.8620689655172413,WTA
wta_123,Grass,1,16.0,32.0,1.0,0.0,WTA
wta_123,Hard,9,12.666666666666666,21.666666666666668,0.6666666666666666,-3.6666666666666665,WTA
wta_124,Hard,5,8.6,19.0,0.4,1.8,WTA
wta_125,Clay,2,13.0,25.0,0.5,-1.0,WTA
wta_125,Grass,1,12.0,16.0,1.0,-8.0,WTA
wta_125,Hard,5,12.6,25.2,0.4,0.0,WTA
wta_126,Clay,2,12.5,24.5,0.5,-0.5,WTA
wta_126,Hard,4,9.5,17.0,0.5,-2.0,WTA
wta_127,Hard,3,10.333333333333334,18.666666666666668,0.6666666666666666,-2.0,WTA
wta_129,Clay,1,15.0,28.0,1.0,-2.0,WTA
wta_129,Grass,3,11.333333333333334,21.333333333333332,0.6666666666666666,-1.3333333333333333,WTA
wta_129,Hard,15,11.333333333333334,21.4,0.6666666666666666,-1.2666666666666666,WTA
wta_13,Clay,1,14.0,24.0,1.0,-4.0,WTA
wta_13,Grass,3,16.0,28.0,0.6666666666666666,-4.0,WTA
wta_13,Hard,49,9.857142857142858,21.775510204081634,0.2857142857142857,2.061224489795918,WTA
wta_130,Grass,1,13.0,20.0,1.0,-6.0,WTA
wta_130,Hard,12,12.333333333333334,23.25,0.5,-1.4166666666666667,WTA
wta_131,Hard,3,10.333333333333334,16.333333333333332,0.6666666666666666,-4.333333333333333,WTA
wta_132,Hard,6,9.666666666666666,21.0,0.5,1.6666666666666667,WTA
wta_133,Hard,3,9.666666666666666,15.666666666666666,0.6666666666666666,-3.6666666666666665,WTA
wta_134,Clay,7,10.857142857142858,21.285714285714285,0.5714285714285714,-0.42857142857142855,WTA
wta_134,Grass,1,12.0,16.0,1.0,-8.0,WTA
wta_134,Hard,5,13.6,23.2,1.0,-4.0,WTA
wta_135,Hard,4,8.0,18.5,0.5,2.5,WTA
wta_136,Clay,2,12.5,20.0,1.0,-5.0,WTA
wta_136,Hard,7,12.142857142857142,22.428571428571427,0.7142857142857143,-1.8571428571428572,WTA
wta_137,Clay,1,12.0,17.0,1.0,-7.0,WTA
wta_137,Hard,9,12.222222222222221,23.77777777777778,0.5555555555555556,-0.6666666666666666,WTA
wta_138,Clay,8,12.375,20.625,0.75,-4.125,WTA
wta_138,Grass,4,11.5,17.75,0.75,-5.25,WTA
wta_138,Hard,28,11.571428571428571,21.821428571428573,0.5714285714285714,-1.3214285714285714,WTA
wta_14,Clay,8,12.0,21.75,0.625,-2.25,WTA
wta_14,Grass,11,11.090909090909092,24.363636363636363,0.2727272727272727,2.1818181818181817,WTA
wta_14,Hard,53,10.377358490566039,21.830188679245282,0.39622641509433965,1.0754716981132075,WTA
wta_140,Clay,5,8.8,20.4,0.4,2.8,WTA
wta_140,Hard,1,15.0,30.0,1.0,0.0,WTA
wta_141,Grass,3,9.666666666666666,17.0,0.6666666666666666,-2.3333333333333335,WTA
wta_141,Hard,14,11.5,22.5,0.5714285714285714,-0.5,WTA
wta_142,Hard,3,8.666666666666666,20.333333333333332,0.3333333333333333,3.0,WTA
wta_143,Clay,6,11.0,24.166666666666668,0.3333333333333333,2.1666666666666665,WTA
wta_143,Hard,4,13.25,24.75,0.75,-1.75,WTA
wta_144,Clay,5,13.2,21.8,0.8,-4.6,WTA
wta_144,Grass,2,12.5,18.5,1.0,-6.5,WTA
wta_144,Hard,27,10.88888888888889,20.74074074074074,0.5925925925925926,-1.037037037037037,WTA
wta_145,Hard,3,10.0,16.666666666666668,0.6666666666666666,-3.3333333333333335,WTA
wta_146,Hard,2,16.5,31.5,1.0,-1.5,WTA
wta_147,Hard,6,10.833333333333334,22.833333333333332,0.3333333333333333,1.1666666666666667,WTA
wta_148,Clay,9,9.777777777777779,20.77777777777778,0.4444444444444444,1.2222222222222223,WTA
wta_148,Grass,2,15.5,27.0,0.5,-4.0,WTA
wta_148,Hard,5,14.6,25.2,0.8,-4.0,WTA
wta_149,Clay,1,16.0,25.0,1.0,-7.0,WTA
wta_149,Hard,2,12.5,18.0,1.0,-7.0,WTA
wta_15,Clay,9,12.555555555555555,25.666666666666668,0.5555555555555556,0.5555555555555556,WTA
wta_15,Grass,9,11.0,22.666666666666668,0.3333333333333333,0.6666666666666666,WTA
wta_15,Hard,53,10.075471698113208,21.67924528301887,0.37735849056603776,1.528301886792453,WTA
wta_150,Clay,5,8.6,18.4,0.6,1.2,WTA
wta_150,Grass,3,10.0,19.666666666666668,0.6666666666666666,-0.3333333333333333,WTA
wta_150,Hard,13,10.76923076923077,20.153846153846153,0.5384615384615384,-1.3846153846153846,WTA
wta_151,Hard,8,10.75,22.625,0.375,1.125,WTA
wta_152,Hard,7,10.142857142857142,17.285714285714285,0.7142857142857143,-3.0,WTA
wta_153,Clay,8,11.875,21.5,0.75,-2.25,WTA
wta_153,Grass,5,12.2,19.0,0.8,-5.4,WTA
wta_153,Hard,17,11.529411764705882,20.352941176470587,0.6470588235294118,-2.7058823529411766,WTA
wta_154,Clay,2,13.0,20.5,1.0,-5.5,WTA
wta_154,Hard,4,10.5,18.0,0.75,-3.0,WTA
wta_155,Clay,6,10.0,19.0,0.5,-1.0,WTA
wta_155,Hard,5,11.4,17.8,0.8,-5.0,WTA
wta_156,Clay,3,12.666666666666666,22.0,0.6666666666666666,-3.3333333333333335,WTA
wta_159,Clay,3,9.333333333333334,19.0,0.3333333333333333,0.3333333333333333,WTA
wta_159,Hard,4,11.75,23.0,0.5,-0.5,WTA
wta_16,Clay,6,12.833333333333334,27.0,0.5,1.3333333333333333,WTA
wta_16,Grass,6,11.666666666666666,24.5,0.5,1.1666666666666667,WTA
wta_16,Hard,37,9.08108108108108,21.135135135135137,0.2972972972972973,2.972972972972973,WTA
wta_160,Hard,3,6.666666666666667,15.0,0.3333333333333333,1.6666666666666667,WTA
wta_161,Clay,7,9.428571428571429,20.142857142857142,0.42857142857142855,1.2857142857142858,WTA
wta_161,Grass,4,8.0,17.25,0.5,1.25,WTA
wta_161,Hard,6,10.833333333333334,20.0,0.8333333333333334,-1.6666666666666667,WTA
wta_162,Hard,8,11.875,20.625,0.75,-3.125,WTA
wta_163,Hard,2,11.5,15.5,1.0,-7.5,WTA
wta_164,Clay,2,13.5,20.5,1.0,-6.5,WTA
wta_165,Clay,1,15.0,25.0,1.0,-5.0,WTA
wta_165,Hard,1,12.0,17.0,1.0,-7.0,WTA
wta_166,Hard,3,12.666666666666666,21.0,1.0,-4.333333333333333,WTA
wta_168,Clay,1,12.0,19.0,1.0,-5.0,WTA
wta_168,Hard,4,14.25,24.5,1.0,-4.0,WTA
wta_169,Clay,2,13.5,19.0,1.0,-8.0,WTA
wta_169,Grass,3,16.0,28.666666666666668,1.0,-3.3333333333333335,WTA
wta_169,Hard,4,14.25,22.75,0.75,-5.75,WTA
wta_17,Clay,13,9.615384615384615,22.0,0.3076923076923077,2.769230769230769,WTA
wta_17,Grass,7,11.428571428571429,23.428571428571427,0.42857142857142855,0.5714285714285714,WTA
wta_17,Hard,41,10.560975609756097,23.0,0.2682926829268293,1.8780487804878048,WTA
wta_171,Clay,1,12.0,16.0,1.0,-8.0,WTA
wta_171,Hard,1,16.0,29.0,1.0,-3.0,WTA
wta_172,Grass,1,12.0,19.0,1.0,-5.0,WTA
wta_173,Clay,4,13.5,25.25,0.5,-1.75,WTA
wta_173,Hard,1,18.0,34.0,1.0,-2.0,WTA
wta_174,Clay,7,12.285714285714286,24.571428571428573,0.5714285714285714,0.0,WTA
wta_174,Grass,3,13.0,23.666666666666668,0.6666666666666666,-2.3333333333333335,WTA
wta_174,Hard,12,12.0,21.916666666666668,0.75,-2.0833333333333335,WTA
wta_175,Clay,10,11.0,20.3,0.5,-1.7,WTA
wta_175,Grass,1,13.0,22.0,1.0,-4.0,WTA
wta_175,Hard,6,11.5,21.5,0.5,-1.5,WTA
wta_176,Grass,1,17.0,29.0,1.0,-5.0,WTA
wta_176,Hard,10,12.6,22.4,0.6,-2.8,WTA
wta_177,Clay,1,18.0,27.0,1.0,-9.0,WTA
wta_178,Clay,5,11.8,19.8,0.8,-3.8,WTA
wta_178,Grass,1,12.0,15.0,1.0,-9.0,WTA
wta_178,Hard,24,10.75,21.583333333333332,0.4583333333333333,0.08333333333333333,WTA
wta_179,Clay,3,14.0,22.333333333333332,1.0,-5.666666666666667,WTA
wta_179,Grass,1,13.0,21.0,1.0,-5.0,WTA
wta_179,Hard,6,11.666666666666666,20.666666666666668,0.6666666666666666,-2.6666666666666665,WTA
wta_18,Clay,13,10.307692307692308,22.307692307692307,0.38461538461538464,1.6923076923076923,WTA
wta_18,Grass,10,10.1,22.3,0.3,2.1,WTA
wta_18,Hard,40,11.225,22.275,0.525,-0.175,WTA
wta_180,Clay,1,12.0,18.0,1.0,-6.0,WTA
wta_180,Grass,2,14.0,26.0,1.0,-2.0,WTA
wta_180,Hard,3,11.0,19.333333333333332,0.6666666666666666,-2.6666666666666665,WTA
wta_182,Hard,1,12.0,15.0,1.0,-9.0,WTA
wta_183,Clay,8,11.0,20.5,0.5,-1.5,WTA
wta_183,Grass,2,13.0,21.5,1.0,-4.5,WTA
wta_183,Hard,10,12.0,23.3,0.5,-0.7,WTA
wta_184,Hard,1,16.0,23.0,1.0,-9.0,WTA
wta_185,Hard,1,15.0,27.0,1.0,-3.0,WTA
wta_186,Hard,7,12.714285714285714,23.285714285714285,0.7142857142857143,-2.142857142857143,WTA
wta_187,Clay,5,11.4,23.8,0.4,1.0,WTA
wta_187,Hard,3,12.666666666666666,23.0,0.6666666666666666,-2.3333333333333335,WTA
wta_188,Hard,1,12.0,15.0,1.0,-9.0,WTA
wta_189,Hard,1,14.0,26.0,1.0,-2.0,WTA
wta_19,Clay,12,10.833333333333334,22.333333333333332,0.5,0.6666666666666666,WTA
wta_19,Grass,11,9.545454545454545,20.636363636363637,0.36363636363636365,1.5454545454545454,WTA
wta_19,Hard,42,11.19047619047619,23.166666666666668,0.5,0.7857142857142857,WTA
wta_190,Clay,2,13.0,22.0,0.5,-4.0,WTA
wta_190,Hard,1,13.0,22.0,1.0,-4.0,WTA
wta_191,Clay,5,9.4,17.8,0.6,-1.0,WTA
wta_191,Hard,17,11.294117647058824,21.647058823529413,0.5882352941176471,-0.9411764705882353,WTA
wta_192,Hard,3,14.333333333333334,25.666666666666668,0.6666666666666666,-3.0,WTA
wta_195,Hard,1,17.0,33.0,1.0,-1.0,WTA
wta_196,Clay,4,10.5,16.75,0.75,-4.25,WTA
wta_196,Hard,5,12.0,20.8,0.8,-3.2,WTA
wta_197,Hard,1,16.0,27.0,1.0,-5.0,WTA
wta_198,Hard,4,11.5,21.25,0.5,-1.75,WTA
wta_2,Clay,15,9.2,21.0,0.26666666666666666,2.6,WTA
wta_2,Grass,11,6.363636363636363,18.818181818181817,0.09090909090909091,6.090909090909091,WTA
wta_2,Hard,57,7.368421052631579,18.859649122807017,0.22807017543859648,4.12280701754386,WTA
wta_20,Clay,4,10.75,21.0,0.5,-0.5,WTA
wta_20,Grass,1,12.0,14.0,1.0,-10.0,WTA
wta_20,Hard,38,9.447368421052632,21.55263157894737,0.3157894736842105,2.6578947368421053,WTA
wta_200,Hard,6,12.833333333333334,22.333333333333332,0.6666666666666666,-3.3333333333333335,WTA
wta_202,Hard,1,12.0,14.0,1.0,-10.0,WTA
wta_203,Hard,1,13.0,23.0,1.0,-3.0,WTA
wta_204,Hard,1,12.0,16.0,1.0,-8.0,WTA
wta_208,Clay,1,14.0,27.0,1.0,-1.0,WTA
wta_208,Hard,1,12.0,19.0,1.0,-5.0,WTA
wta_21,Clay,13,8.76923076923077,20.076923076923077,0.38461538461538464,2.5384615384615383,WTA
wta_21,Grass,8,10.875,21.875,0.5,0.125,WTA
wta_21,Hard,44,11.522727272727273,23.863636363636363,0.4772727272727273,0.8181818181818182,WTA
wta_210,Clay,5,9.2,16.8,0.6,-1.6,WTA
wta_210,Hard,1,16.0,33.0,1.0,1.0,WTA
wta_211,Hard,4,12.5,23.0,0.5,-2.0,WTA
wta_212,Hard,1,12.0,18.0,1.0,-6.0,WTA
wta_213,Hard,9,12.666666666666666,23.11111111111111,0.6666666666666666,-2.2222222222222223,WTA
wta_214,Clay,2,11.0,26.5,0.5,4.5,WTA
wta_214,Hard,2,12.5,22.0,0.5,-3.0,WTA
wta_215,Clay,2,18.0,33.0,1.0,-3.0,WTA
wta_215,Hard,3,12.0,17.333333333333332,1.0,-6.666666666666667,WTA
wta_216,Hard,1,12.0,15.0,1.0,-9.0,WTA
wta_217,Clay,3,11.0,21.0,0.6666666666666666,-1.0,WTA
wta_219,Clay,3,11.0,19.666666666666668,0.6666666666666666,-2.3333333333333335,WTA
wta_22,Clay,11,10.636363636363637,21.818181818181817,0.45454545454545453,0.5454545454545454,WTA
wta_22,Grass,10,8.5,21.1,0.2,4.1,WTA
wta_22,Hard,45,8.844444444444445,20.0,0.37777777777777777,2.311111111111111,WTA
wta_220,Hard,3,14.666666666666666,23.0,1.0,-6.333333333333333,WTA
wta_221,Hard,2,12.0,22.5,0.5,-1.5,WTA
wta_222,Clay,1,12.0,15.0,1.0,-9.0,WTA
wta_222,Hard,7,11.857142857142858,22.0,0.5714285714285714,-1.7142857142857142,WTA
wta_223,Clay,5,12.6,21.8,0.8,-3.4,WTA
wta_223,Grass,8,9.25,20.75,0.375,2.25,WTA
wta_223,Hard,58,11.293103448275861,21.862068965517242,0.5344827586206896,-0.7241379310344828,WTA
wta_224,Clay,1,17.0,34.0,1.0,0.0,WTA
wta_225,Clay,2,11.5,25.0,0.5,2.0,WTA
wta_226,Clay,1,13.0,22.0,1.0,-4.0,WTA
wta_227,Clay,3,12.666666666666666,26.666666666666668,0.3333333333333333,1.3333333333333333,WTA
wta_227,Hard,1,12.0,20.0,1.0,-4.0,WTA
wta_23,Clay,14,9.214285714285714,21.071428571428573,0.2857142857142857,2.642857142857143,WTA
wta_23,Grass,4,13.25,26.5,0.5,0.0,WTA
wta_23,Hard,17,10.058823529411764,21.705882352941178,0.4117647058823529,1.588235294117647,WTA
wta_230,Clay,1,12.0,15.0,1.0,-9.0,WTA
wta_230,Hard,1,18.0,27.0,1.0,-9.0,WTA
wta_231,Hard,6,12.333333333333334,24.0,0.5,-0.6666666666666666,WTA
wta_234,Clay,2,10.0,18.5,0.5,-1.5,WTA
wta_234,Hard,1,18.0,31.0,1.0,-5.0,WTA
wta_235,Clay,2,15.0,27.0,1.0,-3.0,WTA
wta_235,Hard,6,8.666666666666666,13.333333333333334,0.8333333333333334,-4.0,WTA
wta_237,Hard,1,13.0,23.0,1.0,-3.0,WTA
wta_238,Grass,4,10.75,18.5,0.75,-3.0,WTA
wta_239,Clay,2,13.5,28.0,0.5,1.0,WTA
wta_239,Hard,2,8.5,20.0,0.5,3.0,WTA
wta_24,Clay,10,9.5,19.6,0.5,0.6,WTA
wta_24,Grass,2,11.0,22.0,0.5,0.0,WTA
wta_24,Hard,47,10.212765957446809,21.127659574468087,0.425531914893617,0.7021276595744681,WTA
wta_241,Grass,3,12.333333333333334,22.333333333333332,0.6666666666666666,-2.3333333333333335,WTA
wta_241,Hard,1,16.0,29.0,1.0,-3.0,WTA
wta_243,Hard,1,12.0,16.0,1.0,-8.0,WTA
wta_244,Clay,3,11.666666666666666,20.0,0.6666666666666666,-3.3333333333333335,WTA
wta_246,Hard,9,12.0,22.555555555555557,0.6666666666666666,-1.4444444444444444,WTA
wta_249,Clay,2,13.0,26.0,0.5,0.0,WTA
wta_25,Clay,10,10.9,22.7,0.4,0.9,WTA
wta_25,Grass,8,9.125,21.0,0.375,2.75,WTA
wta_25,Hard,44,9.772727272727273,20.09090909090909,0.45454545454545453,0.5454545454545454,WTA
wta_251,Grass,1,14.0,25.0,1.0,-3.0,WTA
wta_251,Hard,2,12.5,20.5,1.0,-4.5,WTA
wta_254,Clay,1,12.0,15.0,1.0,-9.0,WTA
wta_255,Clay,1,16.0,32.0,1.0,0.0,WTA
wta_258,Clay,4,10.25,16.75,0.75,-3.75,WTA
wta_258,Grass,5,9.0,17.6,0.6,-0.4,WTA
wta_258,Hard,20,9.55,20.35,0.4,1.25,WTA
wta_259,Hard,4,13.75,27.25,0.75,-0.25,WTA
wta_26,Clay,9,8.777777777777779,20.0,0.3333333333333333,2.4444444444444446,WTA
wta_26,Grass,3,13.333333333333334,21.666666666666668,1.0,-5.0,WTA
wta_26,Hard,39,10.153846153846153,22.23076923076923,0.41025641025641024,1.9230769230769231,WTA
wta_261,Clay,2,7.5,17.0,0.5,2.0,WTA
wta_262,Hard,1,12.0,14.0,1.0,-10.0,WTA
wta_267,Hard,7,9.428571428571429,19.571428571428573,0.42857142857142855,0.7142857142857143,WTA
wta_268,Clay,1,13.0,21.0,1.0,-5.0,WTA
wta_269,Clay,1,16.0,30.0,1.0,-2.0,WTA
wta_269,Hard,1,12.0,20.0,1.0,-4.0,WTA
wta_27,Clay,14,9.5,20.285714285714285,0.2857142857142857,1.2857142857142858,WTA
wta_27,Grass,3,11.0,23.0,0.6666666666666666,1.0,WTA
wta_27,Hard,35,10.428571428571429,20.771428571428572,0.5714285714285714,-0.08571428571428572,WTA
wta_270,Clay,1,12.0,12.0,1.0,-12.0,WTA
wta_276,Hard,3,12.666666666666666,26.333333333333332,0.6666666666666666,1.0,WTA
wta_278,Clay,1,13.0,23.0,1.0,-3.0,WTA
wta_278,Grass,3,11.0,21.333333333333332,0.6666666666666666,-0.6666666666666666,WTA
wta_278,Hard,1,12.0,16.0,1.0,-8.0,WTA
wta_28,Clay,5,11.4,20.8,0.8,-2.0,WTA
wta_28,Grass,8,10.375,21.375,0.5,0.625,WTA
wta_28,Hard,48,10.479166666666666,21.729166666666668,0.4375,0.7708333333333334,WTA
wta_280,Grass,1,12.0,17.0,1.0,-7.0,WTA
wta_282,Hard,1,12.0,20.0,1.0,-4.0,WTA
wta_284,Hard,1,12.0,17.0,1.0,-7.0,WTA
wta_285,Hard,2,13.0,27.5,0.5,1.5,WTA
wta_286,Hard,1,12.0,17.0,1.0,-7.0,WTA
wta_288,Hard,5,10.8,20.2,0.6,-1.4,WTA
wta_29,Clay,9,8.777777777777779,19.666666666666668,0.3333333333333333,2.111111111111111,WTA
wta_29,Grass,6,10.833333333333334,23.333333333333332,0.16666666666666666,1.6666666666666667,WTA
wta_29,Hard,44,10.045454545454545,19.727272727272727,0.4772727272727273,-0.36363636363636365,WTA
wta_292,Hard,1,12.0,18.0,1.0,-6.0,WTA
wta_293,Clay,5,9.8,21.0,0.6,1.4,WTA
wta_293,Hard,6,9.166666666666666,20.0,0.3333333333333333,1.6666666666666667,WTA
wta_294,Grass,1,12.0,16.0,1.0,-8.0,WTA
wta_297,Clay,1,15.0,24.0,1.0,-6.0,WTA
wta_298,Hard,1,12.0,18.0,1.0,-6.0,WTA
wta_3,Clay,12,8.916666666666666,21.333333333333332,0.25,3.5,WTA
wta_3,Grass,8,9.375,21.75,0.375,3.0,WTA
wta_3,Hard,67,9.164179104477611,22.01492537313433,0.23880597014925373,3.6865671641791047,WTA
wta_30,Clay,5,9.0,20.6,0.4,2.6,WTA
wta_30,Grass,1,18.0,28.0,1.0,-8.0,WTA
wta_30,Hard,53,9.79245283018868,21.69811320754717,0.33962264150943394,2.1132075471698113,WTA
wta_300,Hard,1,12.0,19.0,1.0,-5.0,WTA
wta_302,Clay,3,12.666666666666666,22.333333333333332,0.6666666666666666,-3.0,WTA
wta_302,Hard,4,10.25,19.0,0.75,-1.5,WTA
wta_303,Hard,2,15.5,25.0,1.0,-6.0,WTA
wta_305,Hard,1,12.0,19.0,1.0,-5.0,WTA
wta_308,Clay,1,12.0,17.0,1.0,-7.0,WTA
wta_31,Clay,5,14.0,23.2,1.0,-4.8,WTA
wta_31,Grass,8,10.75,23.875,0.25,2.375,WTA
wta_31,Hard,49,10.877551020408163,22.551020408163264,0.40816326530612246,0.7959183673469388,WTA
wta_311,Clay,3,9.0,20.333333333333332,0.3333333333333333,2.3333333333333335,WTA
wta_316,Clay,2,13.5,23.5,1.0,-3.5,WTA
wta_319,Clay,1,13.0,19.0,1.0,-7.0,WTA
wta_319,Hard,3,16.0,29.666666666666668,0.6666666666666666,-2.3333333333333335,WTA
wta_32,Clay,14,8.857142857142858,20.428571428571427,0.35714285714285715,2.7142857142857144,WTA
wta_32,Grass,4,11.25,19.5,0.75,-3.0,WTA
wta_32,Hard,42,12.0,22.285714285714285,0.5714285714285714,-1.7142857142857142,WTA
wta_328,Hard,2,6.5,15.0,0.5,2.0,WTA
wta_33,Clay,10,9.4,19.1,0.5,0.3,WTA
wta_33,Grass,6,11.333333333333334,21.0,0.5,-1.6666666666666667,WTA
wta_33,Hard,37,10.891891891891891,21.135135135135137,0.5405405405405406,-0.6486486486486487,WTA
wta_330,Hard,1,13.0,21.0,1.0,-5.0,WTA
wta_341,Clay,2,11.0,22.0,0.5,0.0,WTA
wta_342,Clay,1,10.0,14.0,1.0,-6.0,WTA
wta_342,Grass,1,13.0,22.0,1.0,-4.0,WTA
wta_342,Hard,2,14.0,24.0,1.0,-4.0,WTA
wta_343,Clay,1,16.0,30.0,1.0,-2.0,WTA
wta_345,Grass,1,16.0,27.0,1.0,-5.0,WTA
wta_345,Hard,6,13.0,25.166666666666668,0.5,-0.8333333333333334,WTA
wta_346,Hard,3,8.333333333333334,18.0,0.3333333333333333,1.3333333333333333,WTA
wta_349,Clay,4,8.25,19.5,0.25,3.0,WTA
wta_349,Hard,1,12.0,15.0,1.0,-9.0,WTA
wta_35,Clay,13,9.384615384615385,22.307692307692307,0.15384615384615385,3.5384615384615383,WTA
wta_35,Hard,7,11.0,22.714285714285715,0.5714285714285714,0.7142857142857143,WTA
wta_351,Hard,2,13.0,24.5,0.5,-1.5,WTA
wta_355,Hard,12,12.083333333333334,21.333333333333332,0.6666666666666666,-2.8333333333333335,WTA
wta_356,Hard,1,14.0,25.0,1.0,-3.0,WTA
wta_357,Hard,2,11.5,22.5,0.5,-0.5,WTA
wta_358,Hard,5,13.2,19.6,1.0,-6.8,WTA
wta_359,Clay,2,13.0,20.5,1.0,-5.5,WTA
wta_36,Clay,13,11.0,21.76923076923077,0.46153846153846156,-0.23076923076923078,WTA
wta_36,Grass,5,13.4,25.8,0.6,-1.0,WTA
wta_36,Hard,47,10.914893617021276,22.851063829787233,0.44680851063829785,1.0212765957446808,WTA
wta_361,Clay,1,18.0,34.0,1.0,-2.0,WTA
wta_362,Clay,3,11.333333333333334,17.333333333333332,1.0,-5.333333333333333,WTA
wta_362,Hard,5,13.6,23.8,0.8,-3.4,WTA
wta_365,Clay,2,10.5,22.5,0.5,1.5,WTA
wta_367,Clay,1,15.0,25.0,1.0,-5.0,WTA
wta_369,Clay,2,8.5,21.5,0.5,4.5,WTA
wta_369,Hard,1,18.0,30.0,1.0,-6.0,WTA
wta_37,Clay,3,10.666666666666666,24.0,0.3333333333333333,2.6666666666666665,WTA
wta_37,Grass,7,9.714285714285714,22.857142857142858,0.14285714285714285,3.4285714285714284,WTA
wta_37,Hard,22,9.0,19.454545454545453,0.5,1.4545454545454546,WTA
wta_372,Hard,2,10.5,18.0,0.5,-3.0,WTA
wta_379,Hard,5,11.8,22.6,0.4,-1.0,WTA
wta_38,Clay,18,8.777777777777779,19.055555555555557,0.3333333333333333,1.5,WTA
wta_38,Grass,2,12.5,19.5,1.0,-5.5,WTA
wta_38,Hard,40,10.275,20.05,0.5,-0.5,WTA
wta_383,Clay,2,9.5,21.5,0.5,2.5,WTA
wta_384,Hard,1,12.0,14.0,1.0,-10.0,WTA
wta_386,Clay,1,12.0,20.0,1.0,-4.0,WTA
wta_388,Grass,1,12.0,19.0,1.0,-5.0,WTA
wta_39,Clay,13,8.538461538461538,19.846153846153847,0.38461538461538464,2.769230769230769,WTA
wta_39,Grass,3,11.666666666666666,23.333333333333332,0.6666666666666666,0.0,WTA
wta_39,Hard,39,10.256410256410257,21.076923076923077,0.4358974358974359,0.5641025641025641,WTA
wta_399,Clay,1,13.0,23.0,1.0,-3.0,WTA
wta_399,Grass,4,12.5,23.75,0.75,-1.25,WTA
wta_399,Hard,7,12.285714285714286,23.571428571428573,0.5714285714285714,-1.0,WTA
wta_4,Clay,21,8.047619047619047,20.666666666666668,0.14285714285714285,4.571428571428571,WTA
wta_4,Grass,2,12.5,19.0,1.0,-6.0,WTA
wta_4,Hard,47,9.382978723404255,21.085106382978722,0.2978723404255319,2.3191489361702127,WTA
wta_40,Clay,7,11.0,19.428571428571427,0.7142857142857143,-2.5714285714285716,WTA
wta_40,Grass,8,10.125,23.375,0.375,3.125,WTA
wta_40,Hard,33,10.333333333333334,21.03030303030303,0.48484848484848486,0.36363636363636365,WTA
wta_403,Hard,1,12.0,19.0,1.0,-5.0,WTA
wta_405,Hard,1,17.0,27.0,1.0,-7.0,WTA
wta_406,Hard,1,12.0,14.0,1.0,-10.0,WTA
wta_41,Clay,2,8.5,20.5,0.5,3.5,WTA
wta_41,Hard,15,8.266666666666667,18.466666666666665,0.4,1.9333333333333333,WTA
wta_410,Hard,1,12.0,16.0,1.0,-8.0,WTA
wta_415,Clay,3,11.0,21.333333333333332,0.6666666666666666,-0.6666666666666666,WTA
wta_416,Hard,2,9.0,17.0,0.5,-1.0,WTA
wta_418,Hard,3,10.333333333333334,16.666666666666668,0.6666666666666666,-4.0,WTA
wta_42,Clay,2,13.0,24.5,0.5,-1.5,WTA
wta_42,Hard,19,9.894736842105264,21.05263157894737,0.3684210526315789,1.263157894736842,WTA
wta_421,Hard,2,10.5,17.5,0.5,-3.5,WTA
wta_423,Clay,2,15.0,21.5,1.0,-8.5,WTA
wta_423,Hard,1,12.0,18.0,1.0,-6.0,WTA
wta_427,Hard,1,13.0,20.0,1.0,-6.0,WTA
wta_428,Hard,1,12.0,18.0,1.0,-6.0,WTA
wta_429,Clay,4,9.25,16.75,0.5,-1.75,WTA
wta_43,Clay,11,10.818181818181818,22.363636363636363,0.45454545454545453,0.7272727272727273,WTA
wta_43,Grass,11,10.181818181818182,21.818181818181817,0.2727272727272727,1.4545454545454546,WTA
wta_43,Hard,42,10.785714285714286,21.38095238095238,0.5238095238095238,-0.19047619047619047,WTA
wta_434,Hard,1,12.0,15.0,1.0,-9.0,WTA
wta_437,Clay,1,12.0,20.0,1.0,-4.0,WTA
wta_437,Hard,12,11.666666666666666,21.333333333333332,0.6666666666666666,-2.0,WTA
wta_438,Clay,1,12.0,15.0,1.0,-9.0,WTA
wta_44,Clay,13,11.615384615384615,24.384615384615383,0.38461538461538464,1.1538461538461537,WTA
wta_44,Grass,3,10.333333333333334,22.0,0.3333333333333333,1.3333333333333333,WTA
wta_44,Hard,33,12.575757575757576,25.0,0.5454545454545454,-0.15151515151515152,WTA
wta_441,Clay,1,12.0,18.0,1.0,-6.0,WTA
wta_447,Clay,1,18.0,27.0,1.0,-9.0,WTA
wta_45,Clay,4,11.75,20.25,0.75,-3.25,WTA
wta_45,Grass,7,9.857142857142858,21.285714285714285,0.42857142857142855,1.5714285714285714,WTA
wta_45,Hard,29,10.0,20.586206896551722,0.41379310344827586,0.5862068965517241,WTA
wta_451,Clay,1,12.0,15.0,1.0,-9.0,WTA
wta_451,Hard,5,10.8,20.4,0.6,-1.2,WTA
wta_46,Clay,4,15.25,25.5,1.0,-5.0,WTA
wta_46,Grass,7,10.714285714285714,20.285714285714285,0.5714285714285714,-1.1428571428571428,WTA
wta_46,Hard,34,9.941176470588236,20.470588235294116,0.5,0.5882352941176471,WTA
wta_463,Clay,2,11.0,19.5,0.5,-2.5,WTA
wta_463,Hard,3,13.0,22.0,0.6666666666666666,-4.0,WTA
wta_47,Hard,25,10.12,20.6,0.4,0.36,WTA
wta_476,Hard,1,12.0,18.0,1.0,-6.0,WTA
wta_48,Clay,13,11.0,23.153846153846153,0.38461538461538464,1.1538461538461537,WTA
wta_48,Grass,4,9.0,20.5,0.25,2.5,WTA
wta_48,Hard,34,11.617647058823529,22.41176470588235,0.5882352941176471,-0.8235294117647058,WTA
wta_480,Clay,1,17.0,32.0,1.0,-2.0,WTA
wta_480,Hard,2,7.5,17.5,0.5,2.5,WTA
wta_483,Grass,1,12.0,15.0,1.0,-9.0,WTA
wta_49,Clay,12,10.333333333333334,21.333333333333332,0.4166666666666667,0.6666666666666666,WTA
wta_49,Grass,6,9.833333333333334,20.333333333333332,0.5,0.6666666666666666,WTA
wta_49,Hard,32,10.6875,21.5,0.46875,0.125,WTA
wta_499,Clay,1,12.0,16.0,1.0,-8.0,WTA
wta_5,Clay,16,9.0625,20.4375,0.3125,2.3125,WTA
wta_5,Grass,6,12.0,25.333333333333332,0.3333333333333333,1.3333333333333333,WTA
wta_5,Hard,66,9.424242424242424,22.09090909090909,0.24242424242424243,3.242424242424242,WTA
wta_50,Clay,7,11.285714285714286,21.714285714285715,0.5714285714285714,-0.8571428571428571,WTA
wta_50,Grass,7,11.285714285714286,22.428571428571427,0.5714285714285714,-0.14285714285714285,WTA
wta_50,Hard,47,11.361702127659575,21.97872340425532,0.48936170212765956,-0.7446808510638298,WTA
wta_51,Clay,7,10.0,18.714285714285715,0.5714285714285714,-1.2857142857142858,WTA
wta_51,Grass,9,10.222222222222221,21.77777777777778,0.4444444444444444,1.3333333333333333,WTA
wta_51,Hard,22,10.590909090909092,22.181818181818183,0.5,1.0,WTA
wta_52,Clay,5,9.8,18.2,0.8,-1.4,WTA
wta_52,Grass,7,9.714285714285714,21.428571428571427,0.42857142857142855,2.0,WTA
wta_52,Hard,20,12.8,23.6,0.55,-2.0,WTA
wta_53,Clay,3,11.0,18.333333333333332,0.6666666666666666,-3.6666666666666665,WTA
wta_53,Grass,7,11.142857142857142,23.428571428571427,0.42857142857142855,1.1428571428571428,WTA
wta_53,Hard,20,9.85,21.0,0.4,1.3,WTA
wta_54,Clay,6,12.666666666666666,24.333333333333332,0.6666666666666666,-1.0,WTA
wta_54,Grass,7,10.857142857142858,23.571428571428573,0.2857142857142857,1.8571428571428572,WTA
wta_54,Hard,28,12.178571428571429,21.607142857142858,0.7142857142857143,-2.75,WTA
wta_55,Clay,9,12.777777777777779,23.22222222222222,0.5555555555555556,-2.3333333333333335,WTA
wta_55,Grass,5,13.8,23.6,0.8,-4.0,WTA
wta_55,Hard,40,11.025,21.725,0.55,-0.325,WTA
wta_555,Hard,8,12.875,21.875,0.875,-3.875,WTA
wta_56,Clay,8,8.75,17.25,0.625,-0.25,WTA
wta_56,Grass,3,13.0,23.666666666666668,0.6666666666666666,-2.3333333333333335,WTA
wta_56,Hard,30,9.733333333333333,20.5,0.43333333333333335,1.0333333333333334,WTA
wta_57,Clay,4,11.25,25.25,0.5,2.75,WTA
wta_57,Grass,2,14.0,27.5,0.5,-0.5,WTA
wta_57,Hard,16,11.75,21.875,0.5625,-1.625,WTA
wta_58,Clay,6,12.333333333333334,21.5,0.6666666666666666,-3.1666666666666665,WTA
wta_58,Grass,1,13.0,21.0,1.0,-5.0,WTA
wta_58,Hard,26,10.26923076923077,19.0,0.5769230769230769,-1.5384615384615385,WTA
wta_59,Clay,12,11.0,22.333333333333332,0.3333333333333333,0.3333333333333333,WTA
wta_59,Grass,3,10.333333333333334,18.666666666666668,0.6666666666666666,-2.0,WTA
wta_59,Hard,37,11.702702702702704,23.0,0.5405405405405406,-0.40540540540540543,WTA
wta_6,Clay,10,8.6,19.3,0.4,2.1,WTA
wta_6,Grass,15,9.533333333333333,21.533333333333335,0.2,2.466666666666667,WTA
wta_6,Hard,51,8.941176470588236,20.235294117647058,0.29411764705882354,2.3529411764705883,WTA
wta_60,Clay,10,10.4,19.8,0.6,-1.0,WTA
wta_60,Grass,5,11.4,23.6,0.4,0.8,WTA
wta_60,Hard,28,12.214285714285714,23.142857142857142,0.5714285714285714,-1.2857142857142858,WTA
wta_61,Clay,10,9.3,19.4,0.5,0.8,WTA
wta_61,Grass,6,11.833333333333334,22.333333333333332,0.6666666666666666,-1.3333333333333333,WTA
wta_61,Hard,35,10.628571428571428,22.314285714285713,0.5428571428571428,1.0571428571428572,WTA
wta_62,Clay,4,12.75,24.5,0.75,-1.0,WTA
wta_62,Grass,6,9.333333333333334,19.0,0.5,0.3333333333333333,WTA
wta_62,Hard,36,10.916666666666666,21.72222222222222,0.5,-0.1111111111111111,WTA
wta_63,Clay,13,9.538461538461538,21.46153846153846,0.3076923076923077,2.3846153846153846,WTA
wta_63,Grass,2,14.5,24.5,1.0,-4.5,WTA
wta_63,Hard,32,11.1875,21.875,0.5625,-0.5,WTA
wta_64,Clay,1,13.0,21.0,1.0,-5.0,WTA
wta_64,Grass,4,10.5,23.0,0.25,2.0,WTA
wta_64,Hard,11,11.727272727272727,21.09090909090909,0.6363636363636364,-2.3636363636363638,WTA
wta_65,Clay,8,12.875,26.0,0.375,0.25,WTA
wta_65,Grass,1,12.0,16.0,1.0,-8.0,WTA
wta_65,Hard,25,11.44,21.88,0.64,-1.0,WTA
wta_66,Clay,9,13.222222222222221,24.77777777777778,0.5555555555555556,-1.6666666666666667,WTA
wta_66,Grass,8,13.25,26.25,0.5,-0.25,WTA
wta_66,Hard,26,11.307692307692308,20.692307692307693,0.6923076923076923,-1.9230769230769231,WTA
wta_67,Clay,2,13.0,23.0,0.5,-3.0,WTA
wta_67,Grass,2,9.0,21.0,0.5,3.0,WTA
wta_67,Hard,24,10.75,21.625,0.5,0.125,WTA
wta_68,Clay,2,11.5,22.0,0.5,-1.0,WTA
wta_68,Grass,2,10.5,21.5,0.5,0.5,WTA
wta_68,Hard,25,10.92,21.84,0.56,0.0,WTA
wta_69,Hard,6,12.166666666666666,20.5,0.6666666666666666,-3.8333333333333335,WTA
wta_7,Clay,15,8.2,19.2,0.26666666666666666,2.8,WTA
wta_7,Grass,8,9.125,20.75,0.375,2.5,WTA
wta_7,Hard,50,8.7,20.7,0.26,3.3,WTA
wta_70,Clay,5,11.4,22.6,0.4,-0.2,WTA
wta_70,Grass,4,8.5,18.0,0.5,1.0,WTA
wta_70,Hard,30,9.866666666666667,21.066666666666666,0.4666666666666667,1.3333333333333333,WTA
wta_71,Hard,5,12.0,24.6,0.4,0.6,WTA
wta_72,Clay,4,12.5,24.0,0.75,-1.0,WTA
wta_72,Grass,6,11.166666666666666,19.333333333333332,0.6666666666666666,-3.0,WTA
wta_72,Hard,15,11.466666666666667,21.933333333333334,0.6,-1.0,WTA
wta_73,Clay,11,9.454545454545455,20.363636363636363,0.45454545454545453,1.4545454545454546,WTA
wta_73,Grass,3,14.0,24.666666666666668,1.0,-3.3333333333333335,WTA
wta_73,Hard,34,11.676470588235293,22.647058823529413,0.5294117647058824,-0.7058823529411765,WTA
wta_74,Clay,1,12.0,20.0,1.0,-4.0,WTA
wta_74,Hard,9,12.333333333333334,24.22222222222222,0.5555555555555556,-0.4444444444444444,WTA
wta_75,Clay,10,11.7,22.8,0.4,-0.6,WTA
wta_75,Grass,1,13.0,20.0,1.0,-6.0,WTA
wta_75,Hard,39,10.974358974358974,22.256410256410255,0.4358974358974359,0.3076923076923077,WTA
wta_76,Clay,7,11.857142857142858,19.714285714285715,0.7142857142857143,-4.0,WTA
wta_76,Grass,1,12.0,15.0,1.0,-9.0,WTA
wta_76,Hard,39,11.58974358974359,22.435897435897434,0.5641025641025641,-0.7435897435897436,WTA
wta_77,Clay,8,10.75,19.75,0.625,-1.75,WTA
wta_77,Grass,5,11.6,19.8,0.8,-3.4,WTA
wta_77,Hard,37,11.216216216216216,21.64864864864865,0.5675675675675675,-0.7837837837837838,WTA
wta_775,Hard,7,14.285714285714286,23.285714285714285,1.0,-5.285714285714286,WTA
wta_78,Clay,12,8.75,19.333333333333332,0.3333333333333333,1.8333333333333333,WTA
wta_78,Grass,4,9.5,19.0,0.5,0.0,WTA
wta_78,Hard,14,12.285714285714286,23.428571428571427,0.5714285714285714,-1.1428571428571428,WTA
wta_79,Clay,8,10.25,21.625,0.375,1.125,WTA
wta_79,Grass,6,10.333333333333334,23.0,0.3333333333333333,2.3333333333333335,WTA
wta_79,Hard,21,11.285714285714286,20.61904761904762,0.7142857142857143,-1.9523809523809523,WTA
wta_8,Clay,16,8.0,20.125,0.1875,4.125,WTA
wta_8,Grass,6,12.166666666666666,22.833333333333332,0.5,-1.5,WTA
wta_8,Hard,47,9.76595744680851,20.425531914893618,0.3829787234042553,0.8936170212765957,WTA
wta_80,Clay,2,12.5,21.0,1.0,-4.0,WTA
wta_80,Hard,13,12.692307692307692,21.076923076923077,0.7692307692307693,-4.3076923076923075,WTA
wta_81,Clay,3,11.333333333333334,24.0,0.3333333333333333,1.3333333333333333,WTA
wta_81,Hard,5,11.6,20.6,0.6,-2.6,WTA
wta_82,Clay,8,12.625,23.0,0.75,-2.25,WTA
wta_82,Grass,8,9.75,19.75,0.5,0.25,WTA
wta_82,Hard,34,10.205882352941176,19.647058823529413,0.5,-0.7647058823529411,WTA
wta_83,Clay,5,10.8,20.2,0.6,-1.4,WTA
wta_83,Grass,7,13.428571428571429,26.142857142857142,0.42857142857142855,-0.7142857142857143,WTA
wta_83,Hard,28,10.5,20.642857142857142,0.5357142857142857,-0.35714285714285715,WTA
wta_84,Clay,4,9.75,15.5,0.75,-4.0,WTA
wta_84,Grass,3,10.666666666666666,22.666666666666668,0.3333333333333333,1.3333333333333333,WTA
wta_84,Hard,25,11.48,22.16,0.56,-0.8,WTA
wta_85,Clay,2,14.5,27.0,0.5,-2.0,WTA
wta_85,Grass,1,12.0,18.0,1.0,-6.0,WTA
wta_85,Hard,22,10.363636363636363,21.045454545454547,0.4090909090909091,0.3181818181818182,WTA
wta_86,Clay,3,10.666666666666666,23.666666666666668,0.3333333333333333,2.3333333333333335,WTA
wta_86,Grass,3,12.666666666666666,26.666666666666668,0.3333333333333333,1.3333333333333333,WTA
wta_86,Hard,10,12.9,22.8,0.8,-3.0,WTA
wta_87,Clay,3,15.333333333333334,25.666666666666668,1.0,-5.0,WTA
wta_87,Grass,2,7.5,17.0,0.5,2.0,WTA
wta_87,Hard,29,11.758620689655173,22.310344827586206,0.6206896551724138,-1.206896551724138,WTA
wta_88,Clay,3,12.333333333333334,22.0,0.6666666666666666,-2.6666666666666665,WTA
wta_88,Grass,1,16.0,26.0,1.0,-6.0,WTA
wta_88,Hard,23,12.434782608695652,24.217391304347824,0.5652173913043478,-0.6521739130434783,WTA
wta_89,Clay,12,10.833333333333334,22.666666666666668,0.3333333333333333,1.0,WTA
wta_89,Grass,4,11.25,21.25,0.75,-1.25,WTA
wta_89,Hard,24,11.166666666666666,21.625,0.5416666666666666,-0.7083333333333334,WTA
wta_9,Clay,19,8.368421052631579,20.68421052631579,0.15789473684210525,3.9473684210526314,WTA
wta_9,Grass,5,9.6,21.6,0.4,2.4,WTA
wta_9,Hard,41,9.170731707317072,21.146341463414632,0.2926829268292683,2.8048780487804876,WTA
wta_90,Clay,11,12.090909090909092,22.454545454545453,0.45454545454545453,-1.7272727272727273,WTA
wta_90,Grass,2,12.5,19.5,1.0,-5.5,WTA
wta_90,Hard,30,12.833333333333334,22.766666666666666,0.7666666666666667,-2.9,WTA
wta_9000,Hard,2,14.0,23.5,1.0,-4.5,WTA
wta_9002,Hard,1,12.0,18.0,1.0,-6.0,WTA
wta_9003,Clay,1,13.0,20.0,1.0,-6.0,WTA
wta_9003,Hard,4,9.75,17.25,0.75,-2.25,WTA
wta_9004,Hard,2,13.0,21.5,1.0,-4.5,WTA
wta_9006,Hard,1,12.0,14.0,1.0,-10.0,WTA
wta_9007,Hard,2,10.0,17.0,0.5,-3.0,WTA
wta_9008,Hard,1,12.0,14.0,1.0,-10.0,WTA
wta_9009,Hard,1,12.0,18.0,1.0,-6.0,WTA
wta_9010,Clay,4,8.25,15.0,0.75,-1.5,WTA
wta_9010,Grass,2,13.0,22.0,1.0,-4.0,WTA
wta_9010,Hard,4,14.0,23.25,1.0,-4.75,WTA
wta_9011,Hard,1,12.0,15.0,1.0,-9.0,WTA
wta_9012,Clay,1,12.0,13.0,1.0,-11.0,WTA
wta_9013,Clay,1,12.0,14.0,1.0,-10.0,WTA
wta_9014,Clay,3,14.666666666666666,22.666666666666668,1.0,-6.666666666666667,WTA
wta_9015,Clay,1,12.0,14.0,1.0,-10.0,WTA
wta_9016,Clay,1,12.0,15.0,1.0,-9.0,WTA
wta_9017,Clay,1,15.0,25.0,1.0,-5.0,WTA
wta_9018,Clay,2,15.0,26.0,1.0,-4.0,WTA
wta_9019,Clay,1,12.0,17.0,1.0,-7.0,WTA
wta_9020,Clay,1,13.0,20.0,1.0,-6.0,WTA
wta_9021,Clay,1,12.0,17.0,1.0,-7.0,WTA
wta_9023,Clay,1,12.0,15.0,1.0,-9.0,WTA
wta_9025,Clay,1,12.0,12.0,1.0,-12.0,WTA
wta_9025,Grass,2,12.0,19.5,1.0,-4.5,WTA
wta_9027,Grass,2,12.0,16.0,1.0,-8.0,WTA
wta_9030,Clay,1,13.0,21.0,1.0,-5.0,WTA
wta_9031,Clay,1,13.0,20.0,1.0,-6.0,WTA
wta_9033,Clay,1,12.0,17.0,1.0,-7.0,WTA
wta_9034,Clay,1,12.0,16.0,1.0,-8.0,WTA
wta_9035,Hard,1,16.0,29.0,1.0,-3.0,WTA
wta_9036,Hard,1,13.0,19.0,1.0,-7.0,WTA
wta_9038,Hard,2,13.5,26.5,0.5,-0.5,WTA
wta_9039,Hard,1,12.0,13.0,1.0,-11.0,WTA
wta_9040,Hard,1,12.0,18.0,1.0,-6.0,WTA
wta_9041,Hard,1,12.0,17.0,1.0,-7.0,WTA
wta_9042,Hard,2,10.5,21.5,0.5,0.5,WTA
wta_9043,Hard,1,13.0,22.0,1.0,-4.0,WTA
wta_9044,Hard,1,12.0,19.0,1.0,-5.0,WTA
wta_9045,Hard,1,12.0,15.0,1.0,-9.0,WTA
wta_9046,Hard,2,11.0,22.5,0.5,0.5,WTA
wta_9047,Hard,1,12.0,13.0,1.0,-11.0,WTA
wta_9048,Hard,2,9.5,21.0,0.5,2.0,WTA
wta_9049,Hard,1,12.0,17.0,1.0,-7.0,WTA
wta_9050,Hard,1,12.0,15.0,1.0,-9.0,WTA
wta_9051,Hard,1,12.0,14.0,1.0,-10.0,WTA
wta_9052,Hard,1,12.0,13.0,1.0,-11.0,WTA
wta_9053,Hard,2,9.5,17.0,0.5,-2.0,WTA
wta_9054,Hard,1,12.0,15.0,1.0,-9.0,WTA
wta_9055,Hard,1,12.0,15.0,1.0,-9.0,WTA
wta_9056,Hard,1,12.0,17.0,1.0,-7.0,WTA
wta_9057,Hard,1,12.0,14.0,1.0,-10.0,WTA
wta_91,Clay,5,10.0,18.0,0.6,-2.0,WTA
wta_91,Grass,7,12.285714285714286,24.428571428571427,0.42857142857142855,-0.14285714285714285,WTA
wta_91,Hard,23,12.26086956521739,21.52173913043478,0.782608695652174,-3.0,WTA
wta_92,Clay,4,12.5,27.75,0.25,2.75,WTA
wta_92,Grass,1,14.0,29.0,1.0,1.0,WTA
wta_92,Hard,9,11.88888888888889,21.555555555555557,0.6666666666666666,-2.2222222222222223,WTA
wta_93,Clay,4,11.25,21.25,0.5,-1.25,WTA
wta_93,Hard,7,9.714285714285714,17.571428571428573,0.5714285714285714,-1.8571428571428572,WTA
wta_94,Clay,3,15.0,24.333333333333332,1.0,-5.666666666666667,WTA
wta_94,Grass,6,12.0,21.833333333333332,0.6666666666666666,-2.1666666666666665,WTA
wta_94,Hard,38,11.605263157894736,23.05263157894737,0.4473684210526316,-0.15789473684210525,WTA
wta_95,Clay,2,14.0,23.0,0.5,-5.0,WTA
wta_95,Grass,1,9.0,14.0,1.0,-4.0,WTA
wta_95,Hard,24,10.916666666666666,20.875,0.4583333333333333,-0.9583333333333334,WTA
wta_96,Clay,9,8.444444444444445,17.555555555555557,0.5555555555555556,0.6666666666666666,WTA
wta_96,Grass,3,12.333333333333334,21.0,0.6666666666666666,-3.6666666666666665,WTA
wta_96,Hard,27,12.37037037037037,23.703703703703702,0.6666666666666666,-1.037037037037037,WTA
wta_97,Hard,2,12.5,16.5,1.0,-8.5,WTA
wta_98,Clay,5,11.6,21.4,0.6,-1.8,WTA
wta_98,Grass,6,11.0,19.166666666666668,0.6666666666666666,-2.8333333333333335,WTA
wta_98,Hard,28,11.464285714285714,21.392857142857142,0.6428571428571429,-1.5357142857142858,WTA
wta_99,Clay,7,12.571428571428571,24.714285714285715,0.5714285714285714,-0.42857142857142855,WTA
wta_99,Grass,6,10.0,18.666666666666668,0.6666666666666666,-1.3333333333333333,WTA
wta_99,Hard,25,11.4,20.92,0.64,-1.88,WTA
