Dates,Tour,Tournament,Surface
2026-02-01,ATP,United Cup,Hard
2026-05-01,ATP,Brisbane International,Hard
2026-05-01,ATP,Bank of China Hong Kong Tennis Open,Hard
2026-12-01,ATP,Adelaide International,Hard
2026-12-01,ATP,ASB Classic,Hard
2026-18-01,ATP,Australian Open,Hard
2026-02-02,ATP,Open Occitanie,Hard
2026-05-02,ATP,Davis Cup Qualifiers 1st Rd,Hard
2026-09-02,ATP,Dallas Open,Hard
2026-09-02,ATP,ABN AMRO Open,Hard
2026-09-02,ATP,IEB+ Argentina Open,Clay
2026-16-02,ATP,Qatar ExxonMobil Open,Hard
2026-16-02,ATP,Rio Open,Clay
2026-16-02,ATP,Delray Beach Open,Hard
2026-23-02,ATP,Abierto Mexicano Telcel presentado por HSBC,Hard
2026-23-02,ATP,Dubai Duty Free Tennis Championships,Hard
2026-23-02,ATP,BCI Seguros Chile Open,Clay
2026-04-03,ATP,BNP Paribas Open,Hard
2026-18-03,ATP,Miami Open,Hard
2026-30-03,ATP,Tiriac Open,Clay
2026-30-03,ATP,Fayez Sarofim & Co. U.S. Men's Clay Court Championship,Clay
2026-30-03,ATP,Grand Prix Hassan II,Clay
2026-05-04,ATP,Rolex Monte-Carlo Masters,Clay
2026-13-04,ATP,Barcelona Open,Clay
2026-13-04,ATP,BMW Open,Clay
2026-22-04,ATP,Mutua Madrid Open,Clay
2026-06-05,ATP,Internazionali BNL d'Italia,Clay
2026-17-05,ATP,Hamburg Open,Clay
2026-17-05,ATP,Gonet Geneva Open,Clay
2026-24-05,ATP,Roland Garros,Clay
2026-08-06,ATP,BOSS OPEN,Grass
2026-08-06,ATP,Libema Open,Grass
2026-15-06,ATP,Terra Wortmann,Grass
2026-15-06,ATP,HSBC Championships,Grass
2026-21-06,ATP,Mallorca Championships,Grass
2026-22-06,ATP,Lexus Eastbourne Open,Grass
2026-29-06,ATP,Wimbledon,Grass
2026-13-07,ATP,Nordea Open,Clay
2026-13-07,ATP,EFG Swiss Open,Clay
2026-13-07,ATP,Plava Laguna Croatia Open,Clay
2026-20-07,ATP,Generali Open,Clay
2026-20-07,ATP,Millennium Estoril Open,Clay
2026-27-07,ATP,Mubadala Citi DC Open,Hard
2026-27-07,ATP,Mifel Tennis Open,Hard
2026-02-08,ATP,National Bank Open,Hard
2026-13-08,ATP,Cincinnati Open,Hard
2026-23-08,ATP,Winston-Salem Open,Hard
2026-31-08,ATP,US Open,Hard
2026-18-09,ATP,Davis Cup Qualifiers 2nd Rd,Hard
2026-23-09,ATP,Chengdu Open,Hard
2026-23-09,ATP,Lynk & Co Hangzhou Open,Hard
2026-25-09,ATP,Laver Cup,Hard
2026-30-09,ATP,Kinoshita Group Japan Open Tennis Championships,Hard
2026-30-09,ATP,China Open,Hard
2026-07-10,ATP,Rolex Shanghai Masters,Hard
2026-19-10,ATP,Almaty Open,Hard
2026-19-10,ATP,BNP Paribas Fortis European Open,Hard
2026-19-10,ATP,Grand Prix Auvergne-Rhone-Alpes,Hard
2026-26-10,ATP,Swiss Indoors Basel,Hard
2026-26-10,ATP,Erste Bank Open,Hard
2026-02-11,ATP,Rolex Paris Masters,Hard
2026-08-11,ATP,BNP Paribas Nordic Open,Hard
2026-08-11,ATP,TBD,TBD
2026-15-11,ATP,Nitto ATP Finals,Hard
2026-24-11,ATP,Davis Cup Finals,Hard
2026-TBD-12,ATP,Next Gen ATP Finals,Hard

2026-02-01,WTA,United Cup,Hard
2026-04-01,WTA,Brisbane International,Hard
2026-05-01,WTA,ASB Classic,Hard
2026-12-01,WTA,Adelaide International,Hard
2026-12-01,WTA,Hobart International,Hard
2026-18-01,WTA,Australian Open,Hard
2026-01-02,WTA,Mubadala Abu Dhabi Open,Hard
2026-01-02,WTA,Ostrava Open,Hard
2026-01-02,WTA,Transylvania Open,Hard
2026-08-02,WTA,Qatar TotalEnergies Open,Hard
2026-15-02,WTA,Dubai Duty Free Tennis Championships,Hard
2026-23-02,WTA,Mérida Open Akron,Hard
2026-23-02,WTA,ATX Open,Hard
2026-23-02,WTA,Megasaray Hotels Open 1,Clay
2026-04-03,WTA,BNP Paribas Open,Hard
2026-17-03,WTA,Miami Open,Hard
2026-30-03,WTA,Credit One Charleston Open,Clay
2026-30-03,WTA,Copa Colsanitas Colsubsidio,Clay
2026-06-04,WTA,Upper Austria Ladies Linz,Clay
2026-13-04,WTA,Porche Tennis Grand Prix,Clay
2026-13-04,WTA,Open CapFinances Rouen Metropole,Clay
2026-21-04,WTA,Mutua Madrid Open,Clay
2026-05-05,WTA,Internazionali BNL D'Italia,Clay
2026-17-05,WTA,Internationaux De Strasbourg,Clay
2026-18-05,WTA,Grand Prix De Son Altesse Royale La Princesse Lalla Meryem,Clay
2026-24-05,WTA,Roland Garros,Clay
2026-08-06,WTA,The HSBC Championships,Grass
2026-08-06,WTA,Libema Open,Grass
2026-15-06,WTA,Vanda Pharmaceuticals Berlin Tennis Open,Grass
2026-15-06,WTA,Lexus Nottingham Open,Grass
2026-21-06,WTA,Bad Homburg Open,Grass
2026-22-06,WTA,Lexus Eastbourne Open,Grass
2026-29-06,WTA,Wimbledon,Grass
2026-13-07,WTA,Unicredit Iasi Open,Clay
2026-20-07,WTA,Livesport Prague Open,Hard
2026-20-07,WTA,MSC Hamburg Ladies Open,Clay
2026-27-07,WTA,Mubadala DC Open,Hard
2026-02-08,WTA,National Bank Open,Hard
2026-13-08,WTA,Cincinnati Open,Hard
2026-23-08,WTA,Tennis In The Land,Hard
2026-24-08,WTA,Abierto GNP Seguros,Hard
2026-30-08,WTA,US Open,Hard
2026-14-09,WTA,Guadalahara Open,Hard
2026-14-09,WTA,SP Open,Hard
2026-21-09,WTA,Singapore Tennis Open,Hard
2026-21-09,WTA,Korea Open,Hard
2026-30-09,WTA,China Open,Hard
2026-12-10,WTA,Wuhan Open,Hard
2026-19-10,WTA,Ningbo Open,Hard
2026-19-10,WTA,Kinoshita Group Japan Open,Hard
2026-26-10,WTA,Toray Pan Pacific Open Tennis,Hard
2026-26-10,WTA,Guangzhou Open,Hard
2026-02-11,WTA,Chennai Open,Hard
2026-02-11,WTA,Jiangxi Open,Hard
2026-02-11,WTA,Prudential Hong Kong Tennis Open,Hard
2026-07-11,WTA,WTA Finals Riyadh,Hard