player_id,canonical_name,display_name,variants,full_name
wta_1,sabalenka a.,A. Sabalenka,,Aryna Sabalenka
wta_2,rybakina e.,E. Rybakina,,Elena Rybakina
wta_3,gauff c.,C. Gauff,,Coco Gauff
wta_4,swiatek i.,I. Swiatek,,Iga Swiatek
wta_5,pegula j.,J. Pegula,,Jessica Pegula
wta_6,anisimova a.,A. Anisimova,,Amanda Anisimova
wta_7,svitolina e.,E. Svitolina,,Elina Svitolina
wta_8,paolini j.,J. Paolini,,Jasmine Paolini
wta_9,mboko v.,V. Mboko,,Victoria Mboko
wta_10,andreeva m.,M. Andreeva,,Mirra Andreeva
wta_11,muchova k.,K. Muchova,,Karolina Muchova
wta_12,bencic b.,B. Bencic,,Belinda Bencic
wta_13,alexandrova e.,E. Alexandrova,,Ekaterina Alexandrova
wta_14,noskova l.,L. Noskova,,Linda Noskova
wta_15,osaka n.,N. Osaka,,Naomi Osaka
wta_16,jovic i.,I. Jovic,,Iva Jovic
wta_17,tauson c.,C. Tauson,,Clara Tauson
wta_18,keys m.,M. Keys,,Madison Keys
wta_19,shnaider d.,D. Shnaider,,Diana Shnaider
wta_20,mertens e.,E. Mertens,,Elise Mertens
wta_21,samsonova l.,L. Samsonova,,Liudmila Samsonova
wta_22,kalinskaya a.,A. Kalinskaya,,Anna Kalinskaya
wta_23,ostapenko j.,J. Ostapenko,,Jelena Ostapenko
wta_24,fernandez l.,L. Fernandez,,Leylah Fernandez
wta_25,navarro e.,E. Navarro,,Emma Navarro
wta_26,bouzkova m.,M. Bouzkova,,Marie Bouzkova
wta_27,kostyuk m.,M. Kostyuk,,Marta Kostyuk
wta_28,raducanu e.,E. Raducanu,,Emma Raducanu
wta_29,cirstea s.,S. Cirstea,,Sorana Cirstea
wta_30,zheng q.,Q. Zheng,,Qinwen Zheng
wta_31,joint m.,M. Joint,,Maya Joint
wta_32,bucsa c.,C. Bucsa,,Cristina Bucsa
wta_33,baptiste h.,H. Baptiste,,Hailey Baptiste
wta_34,wang x.,X. Wang,,Xin Yu Wang
wta_35,cristian j.,J. Cristian,,Jaqueline Cristian
wta_36,sakkari m.,M. Sakkari,,Maria Sakkari
wta_37,li a.,A. Li,,Ann Li
wta_38,frech m.,M. Frech,,Magdalena Frech
wta_39,boisson l.,L. Boisson,,Lois Boisson
wta_40,bejlek s.,S. Bejlek,,Sara Bejlek
wta_41,tjen j.,J. Tjen,,Janice Tjen
wta_42,siniakova k.,K. Siniakova,,Katerina Siniakova
wta_43,cocciaretto e.,E. Cocciaretto,,Elisabetta Cocciaretto
wta_44,vondrousova m.,M. Vondrousova,,Marketa Vondrousova
wta_45,eala a.,A. Eala,,Alexandra Eala
wta_46,stearns p.,P. Stearns,,Peyton Stearns
wta_47,kenin s.,S. Kenin,,Sofia Kenin
wta_48,maneiro j.,J. Maneiro,,Jessica Bouzas Maneiro
wta_49,yastremska d.,D. Yastremska,,Dayana Yastremska
wta_50,valentova t.,T. Valentova,,Tereza Valentova
wta_51,siegemund l.,L. Siegemund,,Laura Siegemund
wta_52,krejcikova b.,B. Krejcikova,,Barbora Krejcikova
wta_53,kessler m.,M. Kessler,,Mccartney Kessler
wta_54,osorio c.,C. Osorio,,Camila Osorio
wta_55,kartal s.,S. Kartal,,Sonay Kartal
wta_56,gibson t.,T. Gibson,,Talia Gibson
wta_57,linette m.,M. Linette,,Magda Linette
wta_58,kudermetova v.,V. Kudermetova,,Veronika Kudermetova
wta_59,gracheva v.,V. Gracheva,,Varvara Gracheva
wta_60,maria t.,T. Maria,,Tatjana Maria
wta_61,ruzic a.,A. Ruzic,,Antonia Ruzic
wta_62,zhang s.,S. Zhang,,Shuai Zhang
wta_63,jacquemot e.,E. Jacquemot,,Elsa Jacquemot
wta_64,boulter k.,K. Boulter,,Katie Boulter
wta_65,sierra s.,S. Sierra,,Solana Sierra
wta_66,zakharova a.,A. Zakharova,,Anastasia Zakharova
wta_67,kasatkina d.,D. Kasatkina,,Daria Kasatkina
wta_68,bondar a.,A. Bondar,,Anna Bondar
wta_69,mcnally c.,C. Mcnally,,Caty Mcnally
wta_70,maia b.,B. Maia,,Beatriz Haddad Maia
wta_71,oliynykova o.,O. Oliynykova,,Oleksandra Oliynykova
wta_72,putintseva y.,Y. Putintseva,,Yulia Putintseva
wta_73,rakhimova k.,K. Rakhimova,,Kamilla Rakhimova
wta_74,selekhmeteva o.,O. Selekhmeteva,,Oksana Selekhmeteva
wta_75,tomljanovic a.,A. Tomljanovic,,Ajla Tomljanovic
wta_76,lys e.,E. Lys,,Eva Lys
wta_77,sonmez z.,Z. Sonmez,,Zeynep Sonmez
wta_78,marcinko p.,P. Marcinko,,Petra Marcinko
wta_79,golubic v.,V. Golubic,,Viktorija Golubic
wta_80,birrell k.,K. Birrell,,Kimberly Birrell
wta_81,uchijima m.,M. Uchijima,,Moyuka Uchijima
wta_82,seidel e.,E. Seidel,,Ella Seidel
wta_83,ruse e.,E. Ruse,,Elena Gabriela Ruse
wta_84,galfi d.,D. Galfi,,Dalma Galfi
wta_85,zarazua r.,R. Zarazua,,Renata Zarazua
wta_86,volynets k.,K. Volynets,,Katie Volynets
wta_87,grabher j.,J. Grabher,,Julia Grabher
wta_88,waltert s.,S. Waltert,,Simona Waltert
wta_89,starodubtseva y.,Y. Starodubtseva,,Yuliia Starodubtseva
wta_90,townsend t.,T. Townsend,,Taylor Townsend
wta_91,parry d.,D. Parry,,Diane Parry
wta_92,udvardy p.,P. Udvardy,,Panna Udvardy
wta_93,snigur d.,D. Snigur,,Daria Snigur
wta_94,potapova a.,A. Potapova,,Anastasia Potapova
wta_95,bartunkova n.,N. Bartunkova,,Nikola Bartunkova
wta_96,vandewinkel h.,H. Vandewinkel,,Hanne Vandewinkel
wta_97,parks a.,A. Parks,,Alycia Parks
wta_98,semenistaja d.,D. Semenistaja,,Darja Semenistaja
wta_99,blinkova a.,A. Blinkova,,Anna Blinkova
wta_100,erjavec v.,V. Erjavec,,Veronika Erjavec
wta_101,jones f.,F. Jones,,Francesca Jones
wta_102,sherif m.,M. Sherif,,Mayar Sherif
wta_103,krueger a.,A. Krueger,,Ashlyn Krueger
wta_104,juvan k.,K. Juvan,,Kaja Juvan
wta_105,sun l.,L. Sun,,Lulu Sun
wta_106,arango e.,E. Arango,,Emiliana Arango
wta_107,kasintseva v.,V. Kasintseva,,Victoria Jimenez Kasintseva
wta_108,tagger l.,L. Tagger,,Lilli Tagger
wta_109,korpatsch t.,T. Korpatsch,,Tamara Korpatsch
wta_110,danilovic o.,O. Danilovic,,Olga Danilovic
wta_111,sasnovich a.,A. Sasnovich,,Aliaksandra Sasnovich
wta_112,tararudee l.,L. Tararudee,,Lanlana Tararudee
wta_113,badosa p.,P. Badosa,,Paula Badosa
wta_114,pavlyuchenkova a.,A. Pavlyuchenkova,,Anastasia Pavlyuchenkova
wta_115,vekic d.,D. Vekic,,Donna Vekic
wta_116,vidmanova d.,D. Vidmanova,,Darja Vidmanova
wta_117,lamens s.,S. Lamens,,Suzan Lamens
wta_118,kraus s.,S. Kraus,,Sinja Kraus
wta_119,kalinina a.,A. Kalinina,,Anhelina Kalinina
wta_120,collins d.,D. Collins,,Danielle Collins
wta_121,yuan y.,Y. Yuan,,Yue Yuan
wta_122,sramkova r.,R. Sramkova,,Rebecca Sramkova
wta_123,korneeva a.,A. Korneeva,,Alina Korneeva
wta_124,jeanjean l.,L. Jeanjean,,Leolia Jeanjean
wta_125,masarova r.,R. Masarova,,Rebeka Masarova
wta_126,salkova d.,D. Salkova,,Dominika Salkova
wta_127,zidansek t.,T. Zidansek,,Tamara Zidansek
wta_128,stakusic m.,M. Stakusic,,Marina Stakusic
wta_129,charaeva a.,A. Charaeva,,Alina Charaeva
wta_130,quevedo k.,K. Quevedo,,Kaitlin Quevedo
wta_131,rajaonah t.,T. Rajaonah,,Tiantsoa Sarah Rakotomanga Rajaonah
wta_132,kawa k.,K. Kawa,,Katarzyna Kawa
wta_133,chwalinska m.,M. Chwalinska,,Maja Chwalinska
wta_134,costoulas s.,S. Costoulas,,Sofia Costoulas
wta_135,dolehide c.,C. Dolehide,,Caroline Dolehide
wta_136,jones e.,E. Jones,,Emerson Jones
wta_137,zhu l.,L. Zhu,,Lin Zhu
wta_138,hon p.,P. Hon,,Priscilla Hon
wta_139,sakatsume h.,H. Sakatsume,,Himeno Sakatsume
wta_140,andreescu b.,B. Andreescu,,Bianca Andreescu
wta_141,rus a.,A. Rus,,Arantxa Rus
wta_142,inglis m.,M. Inglis,,Maddison Inglis
wta_143,kalieva e.,E. Kalieva,,Elvina Kalieva
wta_144,fruhvirtova l.,L. Fruhvirtova,,Linda Fruhvirtova
wta_145,garland j.,J. Garland,,Joanna Garland
wta_146,radivojevic l.,L. Radivojevic,,Lola Radivojevic
wta_147,garcia a.,A. Garcia,,Andrea Lazaro Garcia
wta_148,stefanini l.,L. Stefanini,,Lucrezia Stefanini
wta_149,minnen g.,G. Minnen,,Greet Minnen
wta_150,brancaccio n.,N. Brancaccio,,Nuria Brancaccio
wta_151,gormaz l.,L. Gormaz,,Leyre Romero Gormaz
wta_152,preston t.,T. Preston,,Taylah Preston
wta_153,timofeeva m.,M. Timofeeva,,Maria Timofeeva
wta_154,klimovicova l.,L. Klimovicova,,Linda Klimovicova
wta_155,lepchenko v.,V. Lepchenko,,Varvara Lepchenko
wta_156,kudermetova p.,P. Kudermetova,,Polina Kudermetova
wta_157,prozorova t.,T. Prozorova,,Tatiana Prozorova
wta_158,koevermans a.,A. Koevermans,,Anouk Koevermans
wta_159,kostovic t.,T. Kostovic,,Teodora Kostovic
wta_160,iatcenko p.,P. Iatcenko,,Polina Iatcenko
wta_161,bronzetti l.,L. Bronzetti,,Lucia Bronzetti
wta_162,day k.,K. Day,,Kayla Day
wta_163,papamichail d.,D. Papamichail,,Despina Papamichail
wta_164,gorgodze e.,E. Gorgodze,,Ekaterine Gorgodze
wta_165,ma y.,Y. Ma,,Ye Xin Ma
wta_166,shymanovich i.,I. Shymanovich,,Iryna Shymanovich
wta_167,lee c.,C. Lee,,Carol Young Suh Lee
wta_168,ponchet j.,J. Ponchet,,Jessika Ponchet
wta_169,tomova v.,V. Tomova,,Viktoriya Tomova
wta_170,hibino n.,N. Hibino,,Nao Hibino
wta_171,monnet c.,C. Monnet,,Carole Monnet
wta_172,samson l.,L. Samson,,Laura Samson
wta_173,stoiana m.,M. Stoiana,,Mary Stoiana
wta_174,mandlik e.,E. Mandlik,,Elizabeth Mandlik
wta_175,guo h.,H. Guo,,Hanyu Guo
wta_176,osuigwe w.,W. Osuigwe,,Whitney Osuigwe
wta_177,carle m.,M. Carle,,Maria Lourdes Carle
wta_178,reales g.,G. Reales,,Guiomar Maristany Zuleta De Reales
wta_179,wang x.,X. Wang,,Xiyu Wang
wta_180,begu i.,I. Begu,,Irina Camelia Begu
wta_181,dart h.,H. Dart,,Harriet Dart
wta_182,gasanova a.,A. Gasanova,,Anastasia Gasanova
wta_183,gadecki o.,O. Gadecki,,Olivia Gadecki
wta_184,barthel m.,M. Barthel,,Mona Barthel
wta_185,jorge f.,F. Jorge,,Francisca Jorge
wta_186,riera j.,J. Riera,,Julia Riera
wta_187,pigato l.,L. Pigato,,Lisa Pigato
wta_188,sevastova a.,A. Sevastova,,Anastasija Sevastova
wta_189,chirico l.,L. Chirico,,Louisa Chirico
wta_190,sawangkaew m.,M. Sawangkaew,,Mananchaya Sawangkaew
wta_191,teichmann j.,J. Teichmann,,Jil Teichmann
wta_192,brace c.,C. Brace,,Cadence Brace
wta_193,akugue n.,N. Akugue,,Noma Noha Akugue
wta_194,crawley f.,F. Crawley,,Fiona Crawley
wta_195,friedsam a.,A. Friedsam,,Anna Lena Friedsam
wta_196,hunter s.,S. Hunter,,Storm Hunter
wta_197,rame a.,A. Rame,,Alice Rame
wta_198,ku y.,Y. Ku,,Yeon Woo Ku
wta_199,cross k.,K. Cross,,Kayla Cross
wta_200,gjorcheska l.,L. Gjorcheska,,Lina Gjorcheska
wta_201,sharma a.,A. Sharma,,Astra Sharma
wta_202,tan h.,H. Tan,,Harmony Tan
wta_203,ribera m.,M. Ribera,,Marina Bassols Ribera
wta_204,azarenka v.,V. Azarenka,,Victoria Azarenka
wta_205,podrez v.,V. Podrez,,Veronika Podrez
wta_206,ortenzi j.,J. Ortenzi,,Jazmin Ortenzi
wta_207,naef c.,C. Naef,,Celine Naef
wta_208,ambrosio s.,S. Ambrosio,,Silvia Ambrosio
wta_209,pridankina e.,E. Pridankina,,Elena Pridankina
wta_210,bulgaru m.,M. Bulgaru,,Miriam Bianca Bulgaru
wta_211,escorihuela i.,I. Escorihuela,,Irene Burillo Escorihuela
wta_212,pigossi l.,L. Pigossi,,Laura Pigossi
wta_213,bolsova a.,A. Bolsova,,Aliona Bolsova
wta_214,siskova a.,A. Siskova,,Anna Siskova
wta_215,hruncakova v.,V. Hruncakova,,Viktoria Hruncakova
wta_216,ferro f.,F. Ferro,,Fiona Ferro
wta_217,giovannini l.,L. Giovannini,,Luisina Giovannini
wta_218,havlickova l.,L. Havlickova,,Lucie Havlickova
wta_219,ito a.,A. Ito,,Aoi Ito
wta_220,hontama m.,M. Hontama,,Mai Hontama
wta_221,deichmann k.,K. Deichmann,,Kathinka Von Deichmann
wta_222,bandecchi s.,S. Bandecchi,,Susan Bandecchi
wta_223,liu c.,C. Liu,,Claire Liu
wta_224,knutson g.,G. Knutson,,Gabriela Andrea Knutson
wta_225,wurth t.,T. Wurth,,Tara Wurth
wta_226,rosatello c.,C. Rosatello,,Camilla Rosatello
wta_227,fett j.,J. Fett,,Jana Fett
wta_228,shibahara e.,E. Shibahara,,Ena Shibahara
wta_229,palicova b.,B. Palicova,,Barbora Palicova
wta_230,sebov k.,K. Sebov,,Katherine Sebov
wta_231,sanchez a.,A. Sanchez,,Ana Sofia Sanchez
wta_232,gao x.,X. Gao,,Xinyu Gao
wta_233,belgraver j.,J. Belgraver,,Julie Belgraver
wta_234,uebelhoer c.,C. Uebelhoer,,Caroline Uebelhoer
wta_235,avdeeva j.,J. Avdeeva,,Julia Avdeeva
wta_236,yaneva e.,E. Yaneva,,Elizara Yaneva
wta_237,paquet c.,C. Paquet,,Chloe Paquet
wta_238,falei a.,A. Falei,,Aliona Falei
wta_239,alvarez e.,E. Alvarez,,Eva Guerrero Alvarez
wta_240,serban r.,R. Serban,,Raluka Serban
wta_241,pera b.,B. Pera,,Bernarda Pera
wta_242,nahimana s.,S. Nahimana,,Sada Nahimana
wta_243,jorge m.,M. Jorge,,Matilde Jorge
wta_244,persson k.,K. Persson,,Kajsa Rinaldo Persson
wta_245,janicijevic s.,S. Janicijevic,,Selena Janicijevic
wta_246,akli a.,A. Akli,,Ayana Akli
wta_247,you x.,X. You,,Xiaodi You
wta_248,pieri j.,J. Pieri,,Jessica Pieri
wta_249,xu m.,M. Xu,,Mingge Xu
wta_250,alves c.,C. Alves,,Carolina Alves
wta_251,tikhonova a.,A. Tikhonova,,Anastasia Tikhonova
wta_252,boluda a.,A. Boluda,,Angela Fita Boluda
wta_253,inoue h.,H. Inoue,,Hina Inoue
wta_254,mikulskyte j.,J. Mikulskyte,,Justina Mikulskyte
wta_255,tian f.,F. Tian,,Fangran Tian
wta_256,valdmannova v.,V. Valdmannova,,Vendula Valdmannova
wta_257,pliskova k.,K. Pliskova,,Karolina Pliskova
wta_258,vedder e.,E. Vedder,,Eva Vedder
wta_259,marino r.,R. Marino,,Rebecca Marino
wta_260,vandromme j.,J. Vandromme,,Jeline Vandromme
wta_261,zavatska k.,K. Zavatska,,Katarina Zavatska
wta_262,martincova t.,T. Martincova,,Tereza Martincova
wta_263,diaz n.,N. Diaz,,Nuria Parrizas Diaz
wta_264,swan k.,K. Swan,,Katie Swan
wta_265,todoni a.,A. Todoni,,Anca Alexia Todoni
wta_266,ristic m.,M. Ristic,,Mia Ristic
wta_267,ruggeri j.,J. Ruggeri,,Jennifer Ruggeri
wta_268,aksu a.,A. Aksu,,Ayla Aksu
wta_269,pareja j.,J. Pareja,,Julieta Pareja
wta_270,hercog p.,P. Hercog,,Polona Hercog
wta_271,spiteri d.,D. Spiteri,,Dalila Spiteri
wta_272,grant t.,T. Grant,,Tyra Caterina Grant
wta_273,urhobo a.,A. Urhobo,,Akasha Urhobo
wta_274,zolotareva a.,A. Zolotareva,,Anastasia Zolotareva
wta_275,yamaguchi m.,M. Yamaguchi,,Mei Yamaguchi
wta_276,stojsavljevic m.,M. Stojsavljevic,,Mika Stojsavljevic
wta_277,park s.,S. Park,,Sohyun Park
wta_278,brockmann t.,T. Brockmann,,Tessa Johanna Brockmann
wta_279,soboleva a.,A. Soboleva,,Anastasiya Soboleva
wta_280,scott k.,K. Scott,,Katrina Scott
wta_281,ansari c.,C. Ansari,,Carolyn Ansari
wta_282,hobgarski k.,K. Hobgarski,,Katharina Hobgarski
wta_283,kubka m.,M. Kubka,,Martyna Kubka
wta_284,oktiabreva a.,A. Oktiabreva,,Alisa Oktiabreva
wta_285,shubladze a.,A. Shubladze,,Alexandra Shubladze
wta_286,rogers a.,A. Rogers,,Anna Sinclair Rogers
wta_287,saito s.,S. Saito,,Sara Saito
wta_288,karatancheva l.,L. Karatancheva,,Lia Karatancheva
wta_289,watson h.,H. Watson,,Heather Watson
wta_290,cabrera l.,L. Cabrera,,Lizette Cabrera
wta_291,branstine c.,C. Branstine,,Carson Branstine
wta_292,bertea e.,E. Bertea,,Elena Ruxandra Bertea
wta_293,rodionova a.,A. Rodionova,,Arina Rodionova
wta_294,sonobe w.,W. Sonobe,,Wakana Sonobe
wta_295,miyazaki y.,Y. Miyazaki,,Yuriko Miyazaki
wta_296,toth a.,A. Toth,,Amarissa Kiara Toth
wta_297,olmo a.,A. Olmo,,Ane Mintegi Del Olmo
wta_298,malygina e.,E. Malygina,,Elena Malygina
wta_299,hartono a.,A. Hartono,,Arianne Hartono
wta_300,ibragimova a.,A. Ibragimova,,Alevtina Ibragimova
wta_301,ngounoue c.,C. Ngounoue,,Clervie Ngounoue
wta_302,jokic k.,K. Jokic,,Katarina Jokic
wta_303,kinoshita h.,H. Kinoshita,,Hayu Kinoshita
wta_304,saigo r.,R. Saigo,,Rina Saigo
wta_305,abe h.,H. Abe,,Hiromi Abe
wta_306,diyas z.,Z. Diyas,,Zarina Diyas
wta_307,stefano s.,S. Stefano,,Samira De Stefano
wta_308,leonard m.,M. Leonard,,Manon Leonard
wta_309,struplova j.,J. Struplova,,Julie Struplova
wta_310,morvayova v.,V. Morvayova,,Viktoria Morvayova
wta_311,ma l.,L. Ma,,Lea Ma
wta_312,yang y.,Y. Yang,,Yidi Yang
wta_313,hietaranta l.,L. Hietaranta,,Laura Hietaranta
wta_314,okamura k.,K. Okamura,,Kyoka Okamura
wta_315,shaikh h.,H. Shaikh,,Hibah Shaikh
wta_316,peeters a.,A. Peeters,,Anouck Vrancken Peeters
wta_317,wolff v.,V. Wolff,,Vivian Wolff
wta_318,boskovic l.,L. Boskovic,,Lea Boskovic
wta_319,ce g.,G. Ce,,Gabriela Ce
wta_320,kaji h.,H. Kaji,,Haruka Kaji
wta_321,linana a.,A. Linana,,Alicia Herrero Linana
wta_322,pohankova m.,M. Pohankova,,Mia Pohankova
wta_323,monnot a.,A. Monnot,,Amandine Monnot
wta_324,niemeier j.,J. Niemeier,,Jule Niemeier
wta_325,fiquet t.,T. Fiquet,,Tiphanie Fiquet
wta_326,bosio v.,V. Bosio,,Victoria Bosio
wta_327,kuzmova k.,K. Kuzmova,,Katarina Kuzmova
wta_328,khomutsianskaya d.,D. Khomutsianskaya,,Daria Khomutsianskaya
wta_329,reyngold e.,E. Reyngold,,Ekaterina Reyngold
wta_330,andreeva e.,E. Andreeva,,Erika Andreeva
wta_331,rouvroy m.,M. Rouvroy,,Margaux Rouvroy
wta_332,kuramochi m.,M. Kuramochi,,Miho Kuramochi
wta_333,hennemann c.,C. Hennemann,,Caijsa Wilda Hennemann
wta_334,giavara h.,H. Giavara,,Haley Giavara
wta_335,tona m.,M. Tona,,Miriana Tona
wta_336,jamrichova r.,R. Jamrichova,,Renata Jamrichova
wta_337,astakhova d.,D. Astakhova,,Darya Astakhova
wta_338,lee e.,E. Lee,,Eunhye Lee
wta_339,zvonareva v.,V. Zvonareva,,Vera Zvonareva
wta_340,smith t.,T. Smith,,Tina Nadine Smith
wta_341,pedone g.,G. Pedone,,Georgia Pedone
wta_342,back d.,D. Back,,Dayeon Back
wta_343,matoula m.,M. Matoula,,Martha Matoula
wta_344,bennemann e.,E. Bennemann,,Eva Bennemann
wta_345,jabeur o.,O. Jabeur,,Ons Jabeur
wta_346,liang e.,E. Liang,,En Shuo Liang
wta_347,shi h.,H. Shi,,Han Shi
wta_348,curmi f.,F. Curmi,,Francesca Curmi
wta_349,lee g.,G. Lee,,Gabriela Lee
wta_350,geerlings a.,A. Geerlings,,Ariana Geerlings
wta_351,andrianjafitrimo t.,T. Andrianjafitrimo,,Tessah Andrianjafitrimo
wta_352,brengle m.,M. Brengle,,Madison Brengle
wta_353,wang y.,Y. Wang,,Yafan Wang
wta_354,kabbaj y.,Y. Kabbaj,,Yasmine Kabbaj
wta_355,ekstrand m.,M. Ekstrand,,Monika Ekstrand
wta_356,granwehr a.,A. Granwehr,,Alina Granwehr
wta_357,pace f.,F. Pace,,Francesca Pace
wta_358,chang h.,H. Chang,,Hanna Chang
wta_359,banks a.,A. Banks,,Amarni Banks
wta_360,cirez c.,C. Cirez,,Carlota Martinez Cirez
wta_361,schunk n.,N. Schunk,,Nastasja Schunk
wta_362,taborda m.,M. Taborda,,Martina Capurro Taborda
wta_363,sidorova k.,K. Sidorova,,Kristiana Sidorova
wta_364,pavlova k.,K. Pavlova,,Kira Pavlova
wta_365,micic e.,E. Micic,,Elena Micic
wta_366,senic n.,N. Senic,,Natalija Senic
wta_367,samir s.,S. Samir,,Sandra Samir
wta_368,montgomery r.,R. Montgomery,,Robin Montgomery
wta_369,bai z.,Z. Bai,,Zhuoxuan Bai
wta_370,shimizu e.,E. Shimizu,,Eri Shimizu
wta_371,pieri t.,T. Pieri,,Tatiana Pieri
wta_372,voloshchuk a.,A. Voloshchuk,,Angelina Voloshchuk
wta_373,alarcon l.,L. Alarcon,,Lucciana Perez Alarcon
wta_374,lansere s.,S. Lansere,,Sofya Lansere
wta_375,dudeney a.,A. Dudeney,,Alicia Dudeney
wta_376,tubello a.,A. Tubello,,Alice Tubello
wta_377,cherubini d.,D. Cherubini,,Diletta Cherubini
wta_378,cayetano e.,E. Cayetano,,Eryn Cayetano
wta_379,jakupovic d.,D. Jakupovic,,Dalila Jakupovic
wta_380,bains n.,N. Bains,,Naiktha Bains
wta_381,wei s.,S. Wei,,Sijia Wei
wta_382,sakellaridi s.,S. Sakellaridi,,Sapfo Sakellaridi
wta_383,ewald w.,W. Ewald,,Weronika Ewald
wta_384,glushkova d.,D. Glushkova,,Denislava Glushkova
wta_385,yamalapalli s.,S. Yamalapalli,,Sahaja Yamalapalli
wta_386,hosogi s.,S. Hosogi,,Sakura Hosogi
wta_387,buyukakcay c.,C. Buyukakcay,,Cagla Buyukakcay
wta_388,avanesyan e.,E. Avanesyan,,Elina Avanesyan
wta_389,mansouri y.,Y. Mansouri,,Yasmine Mansouri
wta_390,topalova g.,G. Topalova,,Gergana Topalova
wta_391,adkar v.,V. Adkar,,Vaishnavi Adkar
wta_392,adrover c.,C. Adrover,,Cristina Diaz Adrover
wta_393,imamura s.,S. Imamura,,Saki Imamura
wta_394,okalova m.,M. Okalova,,Martina Okalova
wta_395,zheng w.,W. Zheng,,Wushuang Zheng
wta_396,blokhina a.,A. Blokhina,,Alexis Blokhina
wta_397,zantedeschi a.,A. Zantedeschi,,Aurora Zantedeschi
wta_398,ryser v.,V. Ryser,,Valentina Ryser
wta_399,colmegna m.,M. Colmegna,,Martina Colmegna
wta_400,rodriguez v.,V. Rodriguez,,Victoria Rodriguez
wta_401,hu v.,V. Hu,,Victoria Hu
wta_402,gimbrere j.,J. Gimbrere,,Jasmijn Gimbrere
wta_403,stojanovic n.,N. Stojanovic,,Nina Stojanovic
wta_404,aziz l.,L. Aziz,,Lamis Alhussein Abdel Aziz
wta_405,shinikova i.,I. Shinikova,,Isabella Shinikova
wta_406,paganetti v.,V. Paganetti,,Vittoria Paganetti
wta_407,zhao c.,C. Zhao,,Carol Zhao
wta_408,smith a.,A. Smith,,Alana Smith
wta_409,foon a.,A. Foon,,Astrid Lew Yan Foon
wta_410,rivera a.,A. Rivera,,Antonia Vergara Rivera
wta_411,kazionova e.,E. Kazionova,,Ekaterina Kazionova
wta_412,pawlikowska z.,Z. Pawlikowska,,Zuzanna Pawlikowska
wta_413,ren y.,Y. Ren,,Yufei Ren
wta_414,hodzic m.,M. Hodzic,,Mina Hodzic
wta_415,matsuda m.,M. Matsuda,,Misaki Matsuda
wta_416,duerst j.,J. Duerst,,Jenny Duerst
wta_417,tig p.,P. Tig,,Patricia Maria Tig
wta_418,urgesi f.,F. Urgesi,,Federica Urgesi
wta_419,nugroho p.,P. Nugroho,,Priska Madelyn Nugroho
wta_420,hesse a.,A. Hesse,,Amandine Hesse
wta_421,yao x.,X. Yao,,Xinxin Yao
wta_422,kulambayeva z.,Z. Kulambayeva,,Zhibek Kulambayeva
wta_423,gonzalez m.,M. Gonzalez,,Mell Elizabeth Reasco Gonzalez
wta_424,kladivova a.,A. Kladivova,,Aneta Kladivova
wta_425,prisacariu a.,A. Prisacariu,,Andreea Prisacariu
wta_426,bektas e.,E. Bektas,,Emina Bektas
wta_427,huergo n.,N. Huergo,,Nicole Fossa Huergo
wta_428,subasic a.,A. Subasic,,Alana Subasic
wta_429,shimizu a.,A. Shimizu,,Ayano Shimizu
wta_430,kobori m.,M. Kobori,,Momoko Kobori
wta_431,lukas t.,T. Lukas,,Tena Lukas
wta_432,rajecki a.,A. Rajecki,,Amelia Rajecki
wta_433,lu j.,J. Lu,,Jia Jing Lu
wta_434,shapatava s.,S. Shapatava,,Sofia Shapatava
wta_435,yamazaki i.,I. Yamazaki,,Ikumi Yamazaki
wta_436,kawaguchi n.,N. Kawaguchi,,Natsumi Kawaguchi
wta_437,allen v.,V. Allen,,Victoria Allen
wta_438,cheapchandej p.,P. Cheapchandej,,Patcharin Cheapchandej
wta_439,labrana f.,F. Labrana,,Fernanda Labrana
wta_440,albon y.,Y. Albon,,Ylena In Albon
wta_441,basiletti n.,N. Basiletti,,Noemi Basiletti
wta_442,chanta a.,A. Chanta,,Aunchisa Chanta
wta_443,zaar l.,L. Zaar,,Lisa Zaar
wta_444,liutova k.,K. Liutova,,Kristina Liutova
wta_445,dmitruk k.,K. Dmitruk,,Kristina Dmitruk
wta_446,martynov d.,D. Martynov,,Diana Martynov
wta_447,koike e.,E. Koike,,Ena Koike
wta_448,pedretti t.,T. Pedretti,,Thaisa Grana Pedretti
wta_449,wang j.,J. Wang,,Jiaqi Wang
wta_450,bagaric l.,L. Bagaric,,Lucija Ciric Bagaric
wta_451,jeong b.,B. Jeong,,Boyoung Jeong
wta_452,aiava d.,D. Aiava,,Destanee Aiava
wta_453,arseneault a.,A. Arseneault,,Ariana Arseneault
wta_454,berecoechea n.,N. Berecoechea,,Nahia Berecoechea
wta_455,chaudhari v.,V. Chaudhari,,Vaidehi Chaudhari
wta_456,zolotareva r.,R. Zolotareva,,Rada Zolotareva
wta_457,okutoyi a.,A. Okutoyi,,Angella Okutoyi
wta_458,strakhova v.,V. Strakhova,,Valeriya Strakhova
wta_459,abbagnato a.,A. Abbagnato,,Anastasia Abbagnato
wta_460,mcdonald e.,E. Mcdonald,,Ella Mcdonald
wta_461,zelnickova r.,R. Zelnickova,,Radka Zelnickova
wta_462,pree b.,B. Pree,,Britt Du Pree
wta_463,bara i.,I. Bara,,Irina Bara
wta_464,seibold e.,E. Seibold,,Emily Seibold
wta_465,visscher s.,S. Visscher,,Stephanie Judith Visscher
wta_466,schmidt a.,A. Schmidt,,Antonia Schmidt
wta_467,cengiz b.,B. Cengiz,,Berfu Cengiz
wta_468,stoiber r.,R. Stoiber,,Ranah Akua Stoiber
wta_469,mazzola a.,A. Mazzola,,Alessandra Mazzola
wta_470,garcia m.,M. Garcia,,Maria Aran Teixido Garcia
wta_471,mushika m.,M. Mushika,,Mio Mushika
wta_472,dominguez s.,S. Dominguez,,Sofia Elena Cabezas Dominguez
wta_473,vaquero m.,M. Vaquero,,Maria Martinez Vaquero
wta_474,markus c.,C. Markus,,Carla Markus
wta_475,guo m.,M. Guo,,Meiqi Guo
wta_476,kovackova j.,J. Kovackova,,Jana Kovackova
wta_477,grammatikopoulou v.,V. Grammatikopoulou,,Valentini Grammatikopoulou
wta_478,williams v.,V. Williams,,Venus Williams
wta_479,appleton e.,E. Appleton,,Emily Appleton
wta_480,llaverias r.,R. Llaverias,,Ruth Roura Llaverias
wta_481,amariei i.,I. Amariei,,Ilinca Dalina Amariei
wta_482,llorca l.,L. Llorca,,Lucia Cortez Llorca
wta_483,kotliar y.,Y. Kotliar,,Yelyzaveta Kotliar
wta_484,panshina v.,V. Panshina,,Varvara Panshina
wta_485,dols s.,S. Dols,,Sara Dols
wta_486,urrutia m.,M. Urrutia,,Maria Florencia Urrutia
wta_487,sieg m.,M. Sieg,,Madison Sieg
wta_488,encheva l.,L. Encheva,,Lidia Encheva
wta_489,kokkinis t.,T. Kokkinis,,Tahlia Kokkinis
wta_490,dittmann g.,G. Dittmann,,Gina Marie Dittmann
wta_491,crossley m.,M. Crossley,,Mayu Crossley
wta_492,daems j.,J. Daems,,Josy Daems
wta_493,vogt m.,M. Vogt,,Marie Vogt
wta_494,khayrutdinova e.,E. Khayrutdinova,,Ekaterina Khayrutdinova
wta_495,burrage j.,J. Burrage,,Jodie Burrage
wta_496,lim j.,J. Lim,,Jenny Lim
wta_497,naito y.,Y. Naito,,Yuki Naito
wta_498,simion o.,O. Simion,,Oana Georgeta Simion
wta_499,bartashevich y.,Y. Bartashevich,,Yaroslava Bartashevich
wta_500,lollia m.,M. Lollia,,Mathilde Lollia
wta_501,broek i.,I. Broek,,Isis Louise Van Den Broek
wta_502,emst s.,S. Emst,,Sarah Van Emst
wta_503,zucchini a.,A. Zucchini,,Arianna Zucchini
wta_504,oz i.,I. Oz,,Ipek Oz
wta_505,bolkvadze m.,M. Bolkvadze,,Mariam Bolkvadze
wta_506,burgic e.,E. Burgic,,Ema Burgic
wta_507,mcadoo r.,R. Mcadoo,,Rasheeda Mcadoo
wta_508,mair l.,L. Mair,,Laura Mair
wta_509,li z.,Z. Li,,Zongyu Li
wta_510,lodikova d.,D. Lodikova,,Daria Lodikova
wta_511,dencheva r.,R. Dencheva,,Rositsa Dencheva
wta_512,makarova e.,E. Makarova,,Ekaterina Makarova
wta_513,popa m.,M. Popa,,Maria Sara Popa
wta_514,maklakova e.,E. Maklakova,,Ekaterina Maklakova
wta_515,stankovic a.,A. Stankovic,,Anja Stankovic
wta_516,kitahara y.,Y. Kitahara,,Yuno Kitahara
wta_517,kozyreva m.,M. Kozyreva,,Maria Kozyreva
wta_518,kulikova a.,A. Kulikova,,Anastasia Kulikova
wta_519,liu f.,F. Liu,,Fangzhou Liu
wta_520,serban i.,I. Serban,,Isabella Maria Serban
wta_521,voracek e.,E. Voracek,,Eva Marie Voracek
wta_522,klugman h.,H. Klugman,,Hannah Klugman
wta_523,mateas m.,M. Mateas,,Maria Mateas
wta_524,tormo s.,S. Tormo,,Sara Sorribes Tormo
wta_525,bhamidipaty s.,S. Bhamidipaty,,Shrivalli Rashmikaa Bhamidipaty
wta_526,gillan a.,A. Gillan,,Alice Gillan
wta_527,daniel j.,J. Daniel,,Jaeda Daniel
wta_528,hertel a.,A. Hertel,,Ania Hertel
wta_529,candiotto a.,A. Candiotto,,Ana Candiotto
wta_530,craciun g.,G. Craciun,,Georgia Andreea Craciun
wta_531,tsygourova k.,K. Tsygourova,,Katerina Tsygourova
wta_532,adams j.,J. Adams,,Julia Adams
wta_533,ovcharenko e.,E. Ovcharenko,,Ekaterina Ovcharenko
wta_534,chiesa d.,D. Chiesa,,Deborah Chiesa
wta_535,xu s.,S. Xu,,Shilin Xu
wta_536,stusek j.,J. Stusek,,Julia Stusek
wta_537,diatchenko v.,V. Diatchenko,,Vitalia Diatchenko
wta_538,koshiishi a.,A. Koshiishi,,Ayumi Koshiishi
wta_539,fullana l.,L. Fullana,,Luiza Fullana
wta_540,martic p.,P. Martic,,Petra Martic
wta_541,lahey a.,A. Lahey,,Ashley Lahey
wta_542,weckerle m.,M. Weckerle,,Marie Weckerle
wta_543,zanolini c.,C. Zanolini,,Camilla Zanolini
wta_544,falkowska w.,W. Falkowska,,Weronika Falkowska
wta_545,zhang y.,Y. Zhang,,Ying Zhang
wta_546,steur j.,J. Steur,,Joelle Lilly Sophie Steur
wta_547,vukovic d.,D. Vukovic,,Draginja Vukovic
wta_548,adeshina e.,E. Adeshina,,Esther Adeshina
wta_549,oliva m.,M. Oliva,,Maria Fernanda Navarro Oliva
wta_550,meliss v.,V. Meliss,,Verena Meliss
wta_551,bulatova a.,A. Bulatova,,Arina Bulatova
wta_552,aikawa m.,M. Aikawa,,Mayuka Aikawa
wta_553,herea c.,C. Herea,,Carmen Andreea Herea
wta_554,stephens s.,S. Stephens,,Sloane Stephens
wta_555,udvardy l.,L. Udvardy,,Luca Udvardy
wta_556,arakawa h.,H. Arakawa,,Haruna Arakawa
wta_557,cakarevic s.,S. Cakarevic,,Sara Cakarevic
wta_558,steiner v.,V. Steiner,,Valentina Steiner
wta_559,anderson r.,R. Anderson,,Robin Anderson
wta_560,guth m.,M. Guth,,Mara Guth
wta_561,desai z.,Z. Desai,,Zeel Desai
wta_562,dunne k.,K. Dunne,,Katy Dunne
wta_563,tran l.,L. Tran,,Lian Tran
wta_564,dodin o.,O. Dodin,,Oceane Dodin
wta_565,bhatia r.,R. Bhatia,,Riya Bhatia
wta_566,feistel g.,G. Feistel,,Gina Feistel
wta_567,pastikova j.,J. Pastikova,,Julie Pastikova
wta_568,chiesa e.,E. Chiesa,,Enola Chiesa
wta_569,guzman d.,D. Guzman,,Dana Guzman
wta_570,gadamauri t.,T. Gadamauri,,Tamila Gadamauri
wta_571,kovackova a.,A. Kovackova,,Alena Kovackova
wta_572,kroitor k.,K. Kroitor,,Kristina Kroitor
wta_573,goto r.,R. Goto,,Reina Goto
wta_574,perelygina e.,E. Perelygina,,Ekaterina Perelygina
wta_575,nishimura k.,K. Nishimura,,Kayo Nishimura
wta_576,ivanova d.,D. Ivanova,,Dasha Ivanova
wta_577,rapolu m.,M. Rapolu,,Malaika Rapolu
wta_578,rokusek s.,S. Rokusek,,Sarah Rokusek
wta_579,bertoldo j.,J. Bertoldo,,Jessica Bertoldo
wta_580,jialin t.,T. Jialin,,Tian Jialin
wta_581,defalco j.,J. Defalco,,Jenna Defalco
wta_582,matsuda r.,R. Matsuda,,Rinko Matsuda
wta_583,lovric p.,P. Lovric,,Pia Lovric
wta_584,kolodynska j.,J. Kolodynska,,Jana Kolodynska
wta_585,primorac i.,I. Primorac,,Iva Primorac
wta_586,otzipka j.,J. Otzipka,,Jana Otzipka
wta_587,naklo t.,T. Naklo,,Thasaporn Naklo
wta_588,raina a.,A. Raina,,Ankita Raina
wta_589,yoshimoto n.,N. Yoshimoto,,Natsuki Yoshimoto
wta_590,kuhl c.,C. Kuhl,,Carolina Kuhl
wta_591,daniele j.,J. Daniele,,Justina Maria Gonzalez Daniele
wta_592,ionescu e.,E. Ionescu,,Eva Maria Ionescu
wta_593,inisan e.,E. Inisan,,Eleejah Inisan
wta_594,tkacheva m.,M. Tkacheva,,Mariia Tkacheva
wta_595,laboutkova a.,A. Laboutkova,,Aneta Laboutkova
wta_596,svendsen j.,J. Svendsen,,Johanne Christine Svendsen
wta_597,akita s.,S. Akita,,Shiho Akita
wta_598,lukosiute a.,A. Lukosiute,,Andre Lukosiute
wta_599,yushchenko v.,V. Yushchenko,,Valeriya Yushchenko
wta_600,vagramov a.,A. Vagramov,,Alexandra Vagramov
wta_601,barbulescu b.,B. Barbulescu,,Bianca Elena Barbulescu
wta_602,kung l.,L. Kung,,Leonie Kung
wta_603,trevisan m.,M. Trevisan,,Martina Trevisan
wta_604,hewitt d.,D. Hewitt,,Dalayna Hewitt
wta_605,daavettila s.,S. Daavettila,,Sara Daavettila
wta_606,thamm m.,M. Thamm,,Mariella Thamm
wta_607,zhabrailova m.,M. Zhabrailova,,Milana Zhabrailova
wta_608,kvitova p.,P. Kvitova,,Petra Kvitova
wta_609,zeballos n.,N. Zeballos,,Noelia Zeballos
wta_610,wang m.,M. Wang,,Meiling Wang
wta_611,lachinova a.,A. Lachinova,,Adelina Lachinova
wta_612,wallberg n.,N. Wallberg,,Nellie Taraba Wallberg
wta_613,golovina m.,M. Golovina,,Maria Golovina
wta_614,ganz f.,F. Ganz,,Fiona Ganz
wta_615,davis l.,L. Davis,,Lauren Davis
wta_616,glushko l.,L. Glushko,,Lina Glushko
wta_617,iliev s.,S. Iliev,,Sarah Iliev
wta_618,refaat m.,M. Refaat,,Merna Refaat
wta_619,zaytseva k.,K. Zaytseva,,Ksenia Zaytseva
wta_620,zeltina b.,B. Zeltina,,Beatrise Zeltina
wta_621,yang y.,Y. Yang,,Ya Yi Yang
wta_622,milovanovic e.,E. Milovanovic,,Elena Milovanovic
wta_623,zhu c.,C. Zhu,,Chenting Zhu
wta_624,raggi a.,A. Raggi,,Angelica Raggi
wta_625,loeb j.,J. Loeb,,Jamie Loeb
wta_626,radwanska u.,U. Radwanska,,Urszula Radwanska
wta_627,hatouka y.,Y. Hatouka,,Yuliya Hatouka
wta_628,vlasselaer c.,C. Vlasselaer,,Clara Vlasselaer
wta_629,honer a.,A. Honer,,Amelia Honer
wta_630,bonardi b.,B. Bonardi,,Berta Bonardi
wta_631,robinson j.,J. Robinson,,Jada Robinson
wta_632,ercan m.,M. Ercan,,Melisa Ercan
wta_633,zanotti n.,N. Zanotti,,Noelia Bouzo Zanotti
wta_634,sema e.,E. Sema,,Erika Sema
wta_635,vargova n.,N. Vargova,,Nina Vargova
wta_636,szostak m.,M. Szostak,,Marine Szostak
wta_637,mortensen r.,R. Mortensen,,Rebecca Munk Mortensen
wta_638,podlinska m.,M. Podlinska,,Marcelina Podlinska
wta_639,collins k.,K. Collins,,Kylie Collins
wta_640,mi l.,L. Mi,,Lan Mi
wta_641,garcia a.,A. Garcia,,Alba Rey Garcia
wta_642,krunic a.,A. Krunic,,Aleksandra Krunic
wta_643,efremova k.,K. Efremova,,Ksenia Efremova
wta_644,plekhanova d.,D. Plekhanova,,Dasha Plekhanova
wta_645,lene e.,E. Lene,,Emma Lene
wta_646,nilsson l.,L. Nilsson,,Lea Nilsson
wta_647,lim a.,A. Lim,,Alize Lim
wta_648,kalyakina m.,M. Kalyakina,,Maria Kalyakina
wta_649,nagy a.,A. Nagy,,Adrienn Nagy
wta_650,nguyen a.,A. Nguyen,,Alexis Nguyen
wta_651,yuan c.,C. Yuan,,Chengyiyi Yuan
wta_652,korokozidi e.,E. Korokozidi,,Elena Korokozidi
wta_653,ozeki m.,M. Ozeki,,Michika Ozeki
wta_654,impe a.,A. Impe,,Amelie Van Impe
wta_655,grubor a.,A. Grubor,,Ana Grubor
wta_656,ishii s.,S. Ishii,,Sayaka Ishii
wta_657,yashina e.,E. Yashina,,Ekaterina Yashina
wta_658,lewis m.,M. Lewis,,Mary Lewis
wta_659,zhu a.,A. Zhu,,Amy Zhu
wta_660,cirotte a.,A. Cirotte,,Astrid Cirotte
wta_661,silva n.,N. Silva,,Nauhany Vitoria Leme Da Silva
wta_662,petkovic a.,A. Petkovic,,Anna Petkovic
wta_663,gomez j.,J. Gomez,,Jessica Hinojosa Gomez
wta_664,koning l.,L. Koning,,Loes Ebeling Koning
wta_665,gailis r.,R. Gailis,,Rachel Gailis
wta_666,egorova d.,D. Egorova,,Daria Egorova
wta_667,ivanova i.,I. Ivanova,,Iva Ivanova
wta_668,sato h.,H. Sato,,Hikaru Sato
wta_669,schoppe e.,E. Schoppe,,Ellie Schoppe
wta_670,fick g.,G. Fick,,Gabriella Da Silva Fick
wta_671,tichackova e.,E. Tichackova,,Eliska Tichackova
wta_672,kuwata h.,H. Kuwata,,Hiroko Kuwata
wta_673,arconada u.,U. Arconada,,Usue Maitane Arconada
wta_674,ewing s.,S. Ewing,,Salma Ewing
wta_675,bhunu v.,V. Bhunu,,Valeria Bhunu
wta_676,lacasse r.,R. Lacasse,,Raphaelle Lacasse
wta_677,sahdiieva a.,A. Sahdiieva,,Anita Sahdiieva
wta_678,saville d.,D. Saville,,Daria Saville
wta_679,webb s.,S. Webb,,Stefani Webb
wta_680,ricci b.,B. Ricci,,Beatrice Ricci
wta_681,reguer a.,A. Reguer,,Alyssa Reguer
wta_682,kobayashi h.,H. Kobayashi,,Honoka Kobayashi
wta_683,han j.,J. Han,,Jiangxue Han
wta_684,zhang r.,R. Zhang,,Ruien Zhang
wta_685,chong e.,E. Chong,,Eudice Wong Chong
wta_686,nepliy e.,E. Nepliy,,Elina Nepliy
wta_687,oana a.,A. Oana,,Anamaria Federica Oana
wta_688,moyano l.,L. Moyano,,Luciana Moyano
wta_689,brady j.,J. Brady,,Jennifer Brady
wta_690,rocchetti s.,S. Rocchetti,,Sofia Rocchetti
wta_691,lincer o.,O. Lincer,,Olivia Lincer
wta_692,tanasie l.,L. Tanasie,,Lavinia Tanasie
wta_693,kovapitukted p.,P. Kovapitukted,,Punnin Kovapitukted
wta_694,zhang j.,J. Zhang,,Junhan Zhang
wta_695,ceuca a.,A. Ceuca,,Ann Akasha Ceuca
wta_696,wang j.,J. Wang,,Jiayi Wang
wta_697,szabo b.,B. Szabo,,Briana Szabo
wta_698,fajmonova s.,S. Fajmonova,,Sarah Melany Fajmonova
wta_699,nijkamp r.,R. Nijkamp,,Rose Marie Nijkamp
wta_700,karunaratne a.,A. Karunaratne,,Adithya Karunaratne
wta_701,vaissaud d.,D. Vaissaud,,Dune Vaissaud
wta_702,vickery s.,S. Vickery,,Sachia Vickery
wta_703,markham a.,A. Markham,,Ava Markham
wta_704,kuharenko p.,P. Kuharenko,,Polina Kuharenko
wta_705,jang s.,S. Jang,,Su Jeong Jang
wta_706,martinez c.,C. Martinez,,Carmen Lopez Martinez
wta_707,kubareva a.,A. Kubareva,,Anna Kubareva
wta_708,shek c.,C. Shek,,Cheuk Ying Shek
wta_709,petretic l.,L. Petretic,,Laia Petretic
wta_710,lazarenko k.,K. Lazarenko,,Kateryna Lazarenko
wta_711,zelinskaya d.,D. Zelinskaya,,Daria Zelinskaya
wta_712,garcia c.,C. Garcia,,Caroline Garcia
wta_713,tran d.,D. Tran,,Demi Tran
wta_714,robbe a.,A. Robbe,,Alice Robbe
wta_715,cid m.,M. Cid,,Maria Garcia Cid
wta_716,sebestova i.,I. Sebestova,,Ivana Sebestova
wta_717,milovanova v.,V. Milovanova,,Victoria Milovanova
wta_718,sensano n.,N. Sensano,,Neus Torner Sensano
wta_719,novak k.,K. Novak,,Kristina Novak
wta_720,horvit m.,M. Horvit,,Mia Horvit
wta_721,mamedova e.,E. Mamedova,,Edda Mamedova
wta_722,maduzzi g.,G. Maduzzi,,Gaia Maduzzi
wta_723,sziedat f.,F. Sziedat,,Franziska Sziedat
wta_724,bogdan a.,A. Bogdan,,Ana Bogdan
wta_725,laskevich e.,E. Laskevich,,Evialina Laskevich
wta_726,biolay s.,S. Biolay,,Sophia Biolay
wta_727,yoshioka k.,K. Yoshioka,,Kisa Yoshioka
wta_728,bojica s.,S. Bojica,,Stefania Bojica
wta_729,sato n.,N. Sato,,Naho Sato
wta_730,huang y.,Y. Huang,,Yujia Huang
wta_731,balus i.,I. Balus,,Irina Balus
wta_732,wobker i.,I. Wobker,,Ida Wobker
wta_733,kolb n.,N. Kolb,,Nadiia Kolb
wta_734,plipuech p.,P. Plipuech,,Peangtarn Plipuech
wta_735,heide l.,L. Heide,,Luisa Meyer Auf Der Heide
wta_736,babel o.,O. Babel,,Oceane Babel
wta_737,yesypchuk d.,D. Yesypchuk,,Daria Yesypchuk
wta_738,lizarazo y.,Y. Lizarazo,,Yuliana Lizarazo
wta_739,wong h.,H. Wong,,Hong Yi Cody Wong
wta_740,ramirez m.,M. Ramirez,,Maria Jose Portillo Ramirez
wta_741,bertacchi a.,A. Bertacchi,,Anastasia Bertacchi
wta_742,romero c.,C. Romero,,Camila Romero
wta_743,payne b.,B. Payne,,Bella Payne
wta_744,sholokhova m.,M. Sholokhova,,Maria Sholokhova
wta_745,osuigwe v.,V. Osuigwe,,Victoria Osuigwe
wta_746,konjikusic p.,P. Konjikusic,,Petra Konjikusic
wta_747,sacco f.,F. Sacco,,Federica Sacco
wta_748,anshba a.,A. Anshba,,Amina Anshba
wta_749,mcneil c.,C. Mcneil,,Christasha Mcneil
wta_750,vasilescu a.,A. Vasilescu,,Arina Gabriela Vasilescu
wta_751,bartone k.,K. Bartone,,Kamilla Bartone
wta_752,silva j.,J. Silva,,Julia Konishi Camargo Silva
wta_753,arias v.,V. Arias,,Valentina Mediorreal Arias
wta_754,sun x.,X. Sun,,Xinran Sun
wta_755,svatikova l.,L. Svatikova,,Laura Svatikova
wta_756,kardava z.,Z. Kardava,,Zoziya Kardava
wta_757,maleckova j.,J. Maleckova,,Jesika Maleckova
wta_758,chen m.,M. Chen,,Meng Yi Chen
wta_759,mincheva v.,V. Mincheva,,Vlada Mincheva
wta_760,ahn a.,A. Ahn,,Alyssa Ahn
wta_761,black b.,B. Black,,Brooke Black
wta_762,mettraux m.,M. Mettraux,,Marie Mettraux
wta_763,fontenel c.,C. Fontenel,,Chelsea Fontenel
wta_764,firman a.,A. Firman,,Anastasiia Firman
wta_765,maines n.,N. Maines,,Noemi Maines
wta_766,errani s.,S. Errani,,Sara Errani
wta_767,amiraghyan a.,A. Amiraghyan,,Ani Amiraghyan
wta_768,obregon a.,A. Obregon,,Anne Christine Lutkemeyer Obregon
wta_769,sagandykova a.,A. Sagandykova,,Aruzhan Sagandykova
wta_770,ezzat y.,Y. Ezzat,,Yasmin Ezzat
wta_771,hageman m.,M. Hageman,,Madelief Hageman
wta_772,frodin t.,T. Frodin,,Thea Frodin
wta_773,wang y.,Y. Wang,,Yuhan Wang
wta_774,dang y.,Y. Dang,,Yiming Dang
wta_775,hanatani n.,N. Hanatani,,Nagi Hanatani
wta_776,hoedt m.,M. Hoedt,,Merel Hoedt
wta_777,wickmayer y.,Y. Wickmayer,,Yanina Wickmayer
wta_778,popa g.,G. Popa,,Giulia Safina Popa
wta_779,gonzalez m.,M. Gonzalez,,Maria Fernanda Herazo Gonzalez
wta_780,noel c.,C. Noel,,Chloe Noel
wta_781,girolami t.,T. Girolami,,Tilwith Di Girolami
wta_782,helgo m.,M. Helgo,,Malene Helgo
wta_783,jang g.,G. Jang,,Gaeul Jang
wta_784,stankiewicz m.,M. Stankiewicz,,Monika Stankiewicz
wta_785,gonzalez j.,J. Gonzalez,,Jimar Geraldine Gerald Gonzalez
wta_786,barry m.,M. Barry,,Monique Barry
wta_787,wagner s.,S. Wagner,,Stephanie Wagner
wta_788,spink i.,I. Spink,,Indianna Spink
wta_789,lee y.,Y. Lee,,Ya Hsuan Lee
wta_790,tan l.,L. Tan,,Lucie Nguyen Tan
wta_791,awad j.,J. Awad,,Jacqueline Cabaj Awad
wta_792,evans k.,K. Evans,,Kailey Evans
wta_793,gomez v.,V. Gomez,,Victoria Gomez
wta_794,reami a.,A. Reami,,Adriana Reami
wta_795,thompson b.,B. Thompson,,Belle Thompson
wta_796,jones m.,M. Jones,,Makenna Jones
wta_797,vladson l.,L. Vladson,,Laima Vladson
wta_798,haavisto e.,E. Haavisto,,Ella Haavisto
wta_799,muramatsu c.,C. Muramatsu,,Chihiro Muramatsu
wta_800,kawamura m.,M. Kawamura,,Mana Kawamura
wta_801,toma m.,M. Toma,,Maria Toma
wta_802,sevcikova l.,L. Sevcikova,,Linda Sevcikova
wta_803,radisic n.,N. Radisic,,Nika Radisic
wta_804,noguchi s.,S. Noguchi,,Sae Noguchi
wta_805,snells j.,J. Snells,,Jamilah Snells
wta_806,martins c.,C. Martins,,Carolina Bohrer Martins
wta_807,perricard d.,D. Perricard,,Daphnee Mpetshi Perricard
wta_808,dartron e.,E. Dartron,,Emeline Dartron
wta_809,hule p.,P. Hule,,Petra Hule
wta_810,paukstyte p.,P. Paukstyte,,Patricija Paukstyte
wta_811,dapkute i.,I. Dapkute,,Iveta Dapkute
wta_812,burcescu m.,M. Burcescu,,Maia Ilinca Burcescu
wta_813,maric d.,D. Maric,,Dunja Maric
wta_814,kim y.,Y. Kim,,Yujin Kim
wta_815,olsen a.,A. Olsen,,Astrid Wanja Brune Olsen
wta_816,poling l.,L. Poling,,Lilian Poling
wta_817,iyengar m.,M. Iyengar,,Maya Iyengar
wta_818,konjuh a.,A. Konjuh,,Ana Konjuh
wta_819,bayerlova m.,M. Bayerlova,,Michaela Bayerlova
wta_820,hrastar a.,A. Hrastar,,Ava Hrastar
wta_821,lazarenko m.,M. Lazarenko,,Masha Lazarenko
wta_822,argyrokastriti m.,M. Argyrokastriti,,Marianne Argyrokastriti
wta_823,marcinkevica d.,D. Marcinkevica,,Diana Marcinkevica
wta_824,bouchard e.,E. Bouchard,,Eugenie Bouchard
wta_825,gureva a.,A. Gureva,,Anastasiia Gureva
wta_826,khan l.,L. Khan,,Laquisa Khan
wta_827,vujovic l.,L. Vujovic,,Luna Vujovic
wta_828,sucha a.,A. Sucha,,Amy Sucha
wta_829,lam s.,S. Lam,,Shannon Lam
wta_830,bosman c.,C. Bosman,,Coco Bosman
wta_831,petruzelova l.,L. Petruzelova,,Lucie Petruzelova
wta_832,penickova k.,K. Penickova,,Kristina Penickova
wta_833,frey a.,A. Frey,,Anna Frey
wta_834,bajraliu l.,L. Bajraliu,,Linea Bajraliu
wta_835,kan v.,V. Kan,,Victoria Kan
wta_836,vilar r.,R. Vilar,,Raquel Gonzalez Vilar
wta_837,cvetkovic a.,A. Cvetkovic,,Anastasija Cvetkovic
wta_838,koller a.,A. Koller,,Arabella Koller
wta_839,broadus s.,S. Broadus,,Savannah Broadus
wta_840,tucakovic s.,S. Tucakovic,,Suana Tucakovic
wta_841,mansfield k.,K. Mansfield,,Kate Mansfield
wta_842,cembranos p.,P. Cembranos,,Paula Cembranos
wta_843,raschdorf c.,C. Raschdorf,,Carolin Raschdorf
wta_844,wildgruber a.,A. Wildgruber,,Anja Wildgruber
wta_845,turini v.,V. Turini,,Viola Turini
wta_846,mushika m.,M. Mushika,,Mao Mushika
wta_847,clarke c.,C. Clarke,,Chukwumelije Clarke
wta_848,snigireva a.,A. Snigireva,,Anna Snigireva
wta_849,silva j.,J. Silva,,Johanna Silva
wta_850,sarkisova k.,K. Sarkisova,,Karine Sarkisova
wta_851,veldman k.,K. Veldman,,Klara Veldman
wta_852,aguirre i.,I. Aguirre,,Isabella Barrera Aguirre
wta_853,failla j.,J. Failla,,Jessica Failla
wta_854,bennett d.,D. Bennett,,D J Bennett
wta_855,ye s.,S. Ye,,Shiyu Ye
wta_856,miyamoto a.,A. Miyamoto,,Ayumi Miyamoto
wta_857,colling s.,S. Colling,,Solymar Colling
wta_858,perez c.,C. Perez,,Claudia Ferrer Perez
wta_859,sarra f.,F. Sarra,,Federica Di Sarra
wta_860,zhenikhova s.,S. Zhenikhova,,Sonja Zhenikhova
wta_861,sibai j.,J. Sibai,,Jizelle Sibai
wta_862,gae m.,M. Gae,,Mara Gae
wta_863,rojas s.,S. Rojas,,Sofia Rojas
wta_864,boullay o.,O. Boullay,,Ophelie Boullay
wta_865,fry s.,S. Fry,,Sophia Fry
wta_866,leykina p.,P. Leykina,,Polina Leykina
wta_867,choi o.,O. Choi,,Onyu Choi
wta_868,zoppas l.,L. Zoppas,,Louna Zoppas
wta_869,chlpac a.,A. Chlpac,,Agustina Chlpac
wta_870,stamatova j.,J. Stamatova,,Julia Stamatova
wta_871,villet m.,M. Villet,,Marie Villet
wta_872,kurt i.,I. Kurt,,Irem Kurt
wta_873,blake a.,A. Blake,,Angelica Blake
wta_874,fouad n.,N. Fouad,,Nada Fouad
wta_875,simionescu d.,D. Simionescu,,Diana Ioana Simionescu
wta_876,donoso l.,L. Donoso,,Lorena Solar Donoso
wta_877,rodriguez a.,A. Rodriguez,,Ava Rodriguez
wta_878,mladenovic k.,K. Mladenovic,,Kristina Mladenovic
wta_879,ruiz c.,C. Ruiz,,Celia Cervino Ruiz
wta_880,murcia m.,M. Murcia,,Maria Camila Torres Murcia
wta_881,ruiz j.,J. Ruiz,,Julia Garcia Ruiz
wta_882,schuman a.,A. Schuman,,Aspen Schuman
wta_883,abanda f.,F. Abanda,,Francoise Abanda
wta_884,maquet m.,M. Maquet,,Margaux Maquet
wta_885,falkner z.,Z. Falkner,,Ziva Falkner
wta_886,tsujioka s.,S. Tsujioka,,Shiho Tsujioka
wta_887,wirges a.,A. Wirges,,Angelina Wirges
wta_888,mdlulwa w.,W. Mdlulwa,,Wozuko Mdlulwa
wta_889,cirpanli d.,D. Cirpanli,,Defne Cirpanli
wta_890,pircher a.,A. Pircher,,Anna Pircher
wta_891,tomase e.,E. Tomase,,Elza Tomase
wta_892,baptiste l.,L. Baptiste,,Lauryn John Baptiste
wta_893,ccuno r.,R. Ccuno,,Romina Ccuno
wta_894,giordano m.,M. Giordano,,Maddalena Giordano
wta_895,savinykh v.,V. Savinykh,,Valeria Savinykh
wta_896,zeeuw j.,J. Zeeuw,,Joy De Zeeuw
wta_897,nitture a.,A. Nitture,,Akanksha Dileep Nitture
wta_898,johnson s.,S. Johnson,,Sofia Johnson
wta_899,tupitsyna e.,E. Tupitsyna,,Ekaterina Tupitsyna
wta_900,rencheli a.,A. Rencheli,,Abigail Rencheli
wta_901,guevara c.,C. Guevara,,Carmen Gallardo Guevara
wta_902,drugdova s.,S. Drugdova,,Salma Drugdova
wta_903,suvirdjonkova d.,D. Suvirdjonkova,,Darja Suvirdjonkova
wta_904,gennaro c.,C. Gennaro,,Camilla Gennaro
wta_905,lu j.,J. Lu,,Jing Jing Lu
wta_906,salazar n.,N. Salazar,,Natalia Sousa Salazar
wta_907,ahlawat s.,S. Ahlawat,,Shruti Ahlawat
wta_908,wang t.,T. Wang,,Tianmei Wang
wta_909,peer v.,V. Peer,,Vicky Van De Peer
wta_910,sun y.,Y. Sun,,Yingqun Sun
wta_911,burdina e.,E. Burdina,,Evgeniya Burdina
wta_912,ivanov v.,V. Ivanov,,Valentina Ivanov
wta_913,milic e.,E. Milic,,Ela Nala Milic
wta_914,luciano l.,L. Luciano,,Lavinia Luciano
wta_915,vazquez c.,C. Vazquez,,Candela Vazquez
wta_916,murta i.,I. Murta,,Ines Murta
wta_917,yoruk i.,I. Yoruk,,Ilay Yoruk
wta_918,liu k.,K. Liu,,Kallista Liu
wta_919,estable j.,J. Estable,,Julieta Lara Estable
wta_920,sedlackova p.,P. Sedlackova,,Petra Sedlackova
wta_921,urbanova l.,L. Urbanova,,Lucie Urbanova
wta_922,zamarripa a.,A. Zamarripa,,Allura Zamarripa
wta_923,stagno b.,B. Stagno,,Beatrice Stagno
wta_924,rutlauka s.,S. Rutlauka,,Sabine Rutlauka
wta_925,paterno g.,G. Paterno,,Giulia Paterno
wta_926,masic m.,M. Masic,,Mila Masic
wta_927,santos a.,A. Santos,,Ana Filipa Santos
wta_928,demidova d.,D. Demidova,,Diana Demidova
wta_929,popovic k.,K. Popovic,,Karla Popovic
wta_930,chavez t.,T. Chavez,,Teah Chavez
wta_931,kim d.,D. Kim,,Dabin Kim
wta_932,squarcialupi g.,G. Squarcialupi,,Gaia Squarcialupi
wta_933,longueville r.,R. Longueville,,Romane Longueville
wta_934,bakhmutkina p.,P. Bakhmutkina,,Polina Bakhmutkina
wta_935,osborne a.,A. Osborne,,Alexandra Osborne
wta_936,tse e.,E. Tse,,Elyse Tse
wta_937,ahn y.,Y. Ahn,,Yu Jin Ahn
wta_938,kim c.,C. Kim,,Cherry Kim
wta_939,rushiti a.,A. Rushiti,,Arlinda Rushiti
wta_940,danilova o.,O. Danilova,,Olga Danilova
wta_941,deng t.,T. Deng,,Tiana Tian Deng
wta_942,mcbride j.,J. Mcbride,,Jordyn Mcbride
wta_943,pohle v.,V. Pohle,,Victoria Pohle
wta_944,buzarnescu m.,M. Buzarnescu,,Mihaela Buzarnescu
wta_945,tanguilig c.,C. Tanguilig,,Carson Tanguilig
wta_946,senica a.,A. Senica,,Alja Senica
wta_947,norin f.,F. Norin,,Fanny Norin
wta_948,tkachenko a.,A. Tkachenko,,Adriana Tkachenko
wta_949,lombardini m.,M. Lombardini,,Marta Lombardini
wta_950,pushkar s.,S. Pushkar,,Stefaniya Pushkar
wta_951,luo x.,X. Luo,,Xi Luo
wta_952,perez g.,G. Perez,,Georgina Garcia Perez
wta_953,artemeva v.,V. Artemeva,,Valeriia Artemeva
wta_954,katsumi n.,N. Katsumi,,Nanari Katsumi
wta_955,breaz a.,A. Breaz,,Alesia Breaz
wta_956,losciale v.,V. Losciale,,Valentina Losciale
wta_957,ogescu s.,S. Ogescu,,Simona Ogescu
wta_958,kudashova d.,D. Kudashova,,Daria Kudashova
wta_959,svetac s.,S. Svetac,,Sara Svetac
wta_960,banuls c.,C. Banuls,,Charo Esquiva Banuls
wta_961,leon s.,S. Leon,,Sabastiani Leon
wta_962,meri e.,E. Meri,,Eszter Meri
wta_963,mahendran k.,K. Mahendran,,Krisha Mahendran
wta_964,mattioli f.,F. Mattioli,,Francesca Mattioli
wta_965,malkin m.,M. Malkin,,Misa Malkin
wta_966,leong s.,S. Leong,,Shihomi Li Xuan Leong
wta_967,millan i.,I. Millan,,Ingrid Carolina Millan
wta_968,chan j.,J. Chan,,Jo Yee Chan
wta_969,wawrzkiewicz i.,I. Wawrzkiewicz,,Inka Wawrzkiewicz
wta_970,lekomtseva u.,U. Lekomtseva,,Ustiniya Lekomtseva
wta_971,santiago m.,M. Santiago,,Marta Soriano Santiago
wta_972,hozumi e.,E. Hozumi,,Eri Hozumi
wta_973,shao y.,Y. Shao,,Yushan Shao
wta_974,cooling r.,R. Cooling,,Ruby Cooling
wta_975,zund s.,S. Zund,,Sylvie Zund
wta_976,davies a.,A. Davies,,Allegra Korpanec Davies
wta_977,meza m.,M. Meza,,Midori Castillo Meza
wta_978,mert a.,A. Mert,,Aysegul Mert
wta_979,stoyanov a.,A. Stoyanov,,Antonia Stoyanov
wta_980,canizares d.,D. Canizares,,Didi Bredberg Canizares
wta_981,rybas f.,F. Rybas,,Felitsata Dorofeeva Rybas
wta_982,paszun a.,A. Paszun,,Amelia Paszun
wta_983,lagaev n.,N. Lagaev,,Nadia Lagaev
wta_984,koning r.,R. Koning,,Rikke De Koning
wta_985,varaksina a.,A. Varaksina,,Arina Varaksina
wta_986,leclercq m.,M. Leclercq,,Maelle Leclercq
wta_987,blomqvist c.,C. Blomqvist,,Clarissa Blomqvist
wta_988,vasilyeva a.,A. Vasilyeva,,Alexandra Vasilyeva
wta_989,schaefer a.,A. Schaefer,,Anne Schaefer
wta_990,fourlis j.,J. Fourlis,,Jaimee Fourlis
wta_991,miroshnichenko v.,V. Miroshnichenko,,Veronica Miroshnichenko
wta_992,pushkareva a.,A. Pushkareva,,Anna Pushkareva
wta_993,manescu t.,T. Manescu,,Tina Manescu
wta_994,penickova a.,A. Penickova,,Annika Penickova
wta_995,ionescu e.,E. Ionescu,,Elizabeth Ionescu
wta_996,rioux l.,L. Rioux,,Lisa Marie Rioux
wta_997,balan s.,S. Balan,,Sara Victoria Balan
wta_998,smith a.,A. Smith,,Alicia Smith
wta_999,cadar e.,E. Cadar,,Elena Teodora Cadar
wta_1000,mattel m.,M. Mattel,,Marie Mattel
wta_1001,mendonca s.,S. Mendonca,,Sofia Da Cruz Mendonca
wta_1002,coleman e.,E. Coleman,,Elizabeth Coleman
wta_1003,nahum g.,G. Nahum,,Gloriana Goreti Nahum
wta_1004,broadfoot g.,G. Broadfoot,,Gabriella Broadfoot
wta_1005,liu y.,Y. Liu,,Yuhan Liu
wta_1006,pawlak l.,L. Pawlak,,Lucie Pawlak
wta_1007,lin f.,F. Lin,,Fang An Lin
wta_1008,hou y.,Y. Hou,,Yanan Hou
wta_1009,michalkova b.,B. Michalkova,,Barbora Michalkova
wta_1010,yodpetch k.,K. Yodpetch,,Kamonwan Yodpetch
wta_1011,arifullina a.,A. Arifullina,,Arina Arifullina
wta_1012,goina p.,P. Goina,,Patricia Georgiana Goina
wta_1013,stevic h.,H. Stevic,,Helena Stevic
wta_1014,christie f.,F. Christie,,Freya Christie
wta_1015,bush t.,T. Bush,,Tegan Bush
wta_1016,jardi d.,D. Jardi,,Diae El Jardi
wta_1017,lee s.,S. Lee,,Suha Lee
wta_1018,aulia c.,C. Aulia,,Catherine Aulia
wta_1019,zhiyenbayeva s.,S. Zhiyenbayeva,,Sonja Zhiyenbayeva
wta_1020,kostecka b.,B. Kostecka,,Barbara Kostecka
wta_1021,taylor l.,L. Taylor,,Lily Taylor
wta_1022,skliar p.,P. Skliar,,Polina Skliar
wta_1023,baslilar s.,S. Baslilar,,Seda Baslilar
wta_1024,rathi a.,A. Rathi,,Anjali Rathi
wta_1025,laron m.,M. Laron,,Maayan Laron
wta_1026,wan i.,I. Wan,,I Wen Wan
wta_1027,solis c.,C. Solis,,Claudia Sofia Martinez Solis
wta_1028,mikaca s.,S. Mikaca,,Sara Mikaca
wta_1029,gadient n.,N. Gadient,,Nicole Gadient
wta_1030,langlais c.,C. Langlais,,Cindy Langlais
wta_1031,benoit m.,M. Benoit,,Marie Benoit
wta_1032,chiarello k.,K. Chiarello,,Kim Chiarello
wta_1033,tholey l.,L. Tholey,,Lea Tholey
wta_1034,lin y.,Y. Lin,,Yu Jun Lin
wta_1035,preston j.,J. Preston,,Janae Preston
wta_1036,kuparev a.,A. Kuparev,,Anastasiya Kuparev
wta_1037,paszek t.,T. Paszek,,Tamira Paszek
wta_1038,sedysheva a.,A. Sedysheva,,Anna Sedysheva
wta_1039,kolonus z.,Z. Kolonus,,Zuzanna Kolonus
wta_1040,radovanovic n.,N. Radovanovic,,Nina Radovanovic
wta_1041,peyre l.,L. Peyre,,Lucia Peyre
wta_1042,kartseva a.,A. Kartseva,,Anna Kartseva
wta_1043,hrabavets u.,U. Hrabavets,,Ulyana Hrabavets
wta_1044,nakashima m.,M. Nakashima,,Miyu Nakashima
wta_1045,herrmann s.,S. Herrmann,,Sina Herrmann
wta_1046,pochtovyk k.,K. Pochtovyk,,Krystyna Pochtovyk
wta_1047,dean j.,J. Dean,,Jenna Dean
wta_1048,walker b.,B. Walker,,Brandy Walker
wta_1049,hejtmanek a.,A. Hejtmanek,,Amelie Justine Hejtmanek
wta_1050,garcia m.,M. Garcia,,Maria Paulina Perez Garcia
wta_1051,revathi m.,M. Revathi,,Maaya Rajeshwaran Revathi
wta_1052,atay s.,S. Atay,,Selina Atay
wta_1053,barraza m.,M. Barraza,,Mariana Isabel Higuita Barraza
wta_1054,guillen g.,G. Guillen,,Giselle Isabella Guillen
wta_1055,keitel c.,C. Keitel,,Charlotte Keitel
wta_1056,lee h.,H. Lee,,Ha Eum Lee
wta_1057,hagmann k.,K. Hagmann,,Kennedy Drenser Hagmann
wta_1058,obradovic a.,A. Obradovic,,Andrea Obradovic
wta_1059,schaedel l.,L. Schaedel,,Lorena Schaedel
wta_1060,korhonen c.,C. Korhonen,,Cara Korhonen
wta_1061,claeys l.,L. Claeys,,Lisa Claeys
wta_1062,moccia c.,C. Moccia,,Carlotta Moccia
wta_1063,araujo l.,L. Araujo,,Luana Plaza Araujo
wta_1064,desvignes e.,E. Desvignes,,Eva Marie Desvignes
wta_1065,arakawa n.,N. Arakawa,,Natsuho Arakawa
wta_1066,sagmar i.,I. Sagmar,,Ilinca Sagmar
wta_1067,garcia m.,M. Garcia,,Meritxell Teixido Garcia
wta_1068,martianova s.,S. Martianova,,Sofia Martianova
wta_1069,wu r.,R. Wu,,Ru Xi Wu
wta_1070,piter k.,K. Piter,,Katarzyna Piter
wta_1071,zamarripa m.,M. Zamarripa,,Maribella Zamarripa
wta_1072,kumru a.,A. Kumru,,Ada Kumru
wta_1073,kulbiej n.,N. Kulbiej,,Nadia Kulbiej
wta_1074,piani d.,D. Piani,,Daniela Piani
wta_1075,ye q.,Q. Ye,,Qiu Yu Ye
wta_1076,sarrazin l.,L. Sarrazin,,Laetitia Sarrazin
wta_1077,zabkova k.,K. Zabkova,,Kiara Zabkova
wta_1078,dal s.,S. Dal,,Selina Dal
wta_1079,pavlou d.,D. Pavlou,,Dimitra Pavlou
wta_1080,chang l.,L. Chang,,Lani Chang
wta_1081,kuczer d.,D. Kuczer,,Daria Kuczer
wta_1082,farzami m.,M. Farzami,,Mandegar Farzami
wta_1083,kikawada r.,R. Kikawada,,Riko Kikawada
wta_1084,vasileva a.,A. Vasileva,,Alisa Vasileva
wta_1085,moon j.,J. Moon,,Jeong Moon
wta_1086,saavedra j.,J. Saavedra,,Judith Perello Saavedra
wta_1087,allen k.,K. Allen,,Kolie Allen
wta_1088,suslova s.,S. Suslova,,Sofiia Suslova
wta_1089,estevez j.,J. Estevez,,Josefina Estevez
wta_1090,vlckova k.,K. Vlckova,,Karolina Vlckova
wta_1091,mandelikova k.,K. Mandelikova,,Katerina Mandelikova
wta_1092,ekshibarova v.,V. Ekshibarova,,Vlada Ekshibarova
wta_1093,arystanbekova a.,A. Arystanbekova,,Asylzhan Arystanbekova
wta_1094,laskutova k.,K. Laskutova,,Ksenia Laskutova
wta_1095,menguene m.,M. Menguene,,Malkia Menguene
wta_1096,lazarevic a.,A. Lazarevic,,Andjela Lazarevic
wta_1097,bestetti g.,G. Bestetti,,Giuliana Bestetti
wta_1098,gandolfi f.,F. Gandolfi,,Francesca Gandolfi
wta_1099,marton i.,I. Marton,,Isabella Marton
wta_1100,glozman v.,V. Glozman,,Valerie Glozman
wta_1101,morderger t.,T. Morderger,,Tayisiya Morderger
wta_1102,barros v.,V. Barros,,Victoria Luiza Barros
wta_1103,cinalli l.,L. Cinalli,,Luna Maria Cinalli
wta_1104,hindova d.,D. Hindova,,Denisa Hindova
wta_1105,alvisi e.,E. Alvisi,,Eleonora Alvisi
wta_1106,dinu c.,C. Dinu,,Cristina Dinu
wta_1107,newman w.,W. Newman,,Welles Newman
wta_1108,zyl j.,J. Zyl,,Jahnie Van Zyl
wta_1109,helmi o.,O. Helmi,,Olga Helmi
wta_1110,kamper e.,E. Kamper,,Emma Kamper
wta_1111,dzik s.,S. Dzik,,Stefania Rogozinska Dzik
wta_1112,maslenkova m.,M. Maslenkova,,Milana Maslenkova
wta_1113,mdlulwa w.,W. Mdlulwa,,Warona Mdlulwa
wta_1114,wainwright m.,M. Wainwright,,Mia Wainwright
wta_1115,xu a.,A. Xu,,Annabelle Xu
wta_1116,ebster a.,A. Ebster,,Anna Lena Ebster
wta_1117,jamshidi e.,E. Jamshidi,,Elena Jamshidi
wta_1118,gasparovic c.,C. Gasparovic,,Claudia Gasparovic
wta_1119,slavikova e.,E. Slavikova,,Emma Slavikova
wta_1120,mi t.,T. Mi,,Tianmi Mi
wta_1121,krockova n.,N. Krockova,,Natalia Krockova
wta_1122,sands b.,B. Sands,,Bethanie Mattek Sands
wta_1123,pereira r.,R. Pereira,,Rebeca Pereira
wta_1124,bulbarella m.,M. Bulbarella,,Marina Bulbarella
wta_1125,radanovic d.,D. Radanovic,,Dejana Radanovic
wta_1126,zoldakova d.,D. Zoldakova,,Denisa Zoldakova
wta_1127,fetecau i.,I. Fetecau,,Irina Fetecau
wta_1128,fakih k.,K. Fakih,,Kate Fakih
wta_1129,perry l.,L. Perry,,Luciana Perry
wta_1130,ferlito a.,A. Ferlito,,Alice Ferlito
wta_1131,maloney e.,E. Maloney,,Eliz Maloney
wta_1132,bilardo f.,F. Bilardo,,Federica Bilardo
wta_1133,valdez y.,Y. Valdez,,Yleymi Lugiana Muelle Valdez
wta_1134,sycamore a.,A. Sycamore,,Ava Monet Sycamore
wta_1135,kononova m.,M. Kononova,,Maria Kononova
wta_1136,sohns m.,M. Sohns,,Margaret Sohns
wta_1137,anghel a.,A. Anghel,,Alexandra Irina Anghel
wta_1138,giaccio j.,J. Giaccio,,Juliana Giaccio
wta_1139,motosono k.,K. Motosono,,Kianah Motosono
wta_1140,kinard t.,T. Kinard,,Tori Kinard
wta_1141,todoni c.,C. Todoni,,Cristiana Nicoleta Todoni
wta_1142,jara s.,S. Jara,,Sydney Jara
wta_1143,boulard l.,L. Boulard,,Liv Boulard
wta_1144,samardzic a.,A. Samardzic,,Ayline Esina Samardzic
wta_1145,tabunshchyk a.,A. Tabunshchyk,,Anna Tabunshchyk
wta_1146,veleva v.,V. Veleva,,Viktoria Veleva
wta_1147,fernandes j.,J. Fernandes,,Jizel Matos Sequeira Fernandes
wta_1148,lanca s.,S. Lanca,,Sara Lanca
wta_1149,cano m.,M. Cano,,Marian Gomez Pezuela Cano
wta_1150,das a.,A. Das,,Aishi Das
wta_1151,beck a.,A. Beck,,Ava Beck
wta_1152,patil s.,S. Patil,,Sonal Patil
wta_1153,sysoeva a.,A. Sysoeva,,Anastasia Sysoeva
wta_1154,yang v.,V. Yang,,Vivian Yang
wta_1155,clarke z.,Z. Clarke,,Zaire Clarke
wta_1156,simes a.,A. Simes,,Ashleigh Simes
wta_1157,passola b.,B. Passola,,Berta Passola
wta_1158,houghton i.,I. Houghton,,India Houghton
wta_1159,bataikina k.,K. Bataikina,,Kira Bataikina
wta_1160,geng x.,X. Geng,,Xinle Geng
wta_1161,ureke a.,A. Ureke,,Anna Ureke
wta_1162,rezai a.,A. Rezai,,Aravane Rezai
wta_1163,slama m.,M. Slama,,Mia Slama
wta_1164,kingsley r.,R. Kingsley,,Raveena Kingsley
wta_1165,wilson e.,E. Wilson,,Emma Wilson
wta_1166,job k.,K. Job,,Karine Marion Job
wta_1167,bartel k.,K. Bartel,,Karla Bartel
wta_1168,pislak m.,M. Pislak,,Manca Pislak
wta_1169,nagata a.,A. Nagata,,Anri Nagata
wta_1170,poppel e.,E. Poppel,,Emma Van Poppel
wta_1171,straszewska b.,B. Straszewska,,Barbara Straszewska
wta_1172,kaibekova p.,P. Kaibekova,,Polina Kaibekova
wta_1173,hu f.,F. Hu,,Feier Hu
wta_1174,vidal l.,L. Vidal,,Leticia Garcia Vidal
wta_1175,sawashiro k.,K. Sawashiro,,Kanon Sawashiro
wta_1176,ide a.,A. Ide,,Aoi Ide
wta_1177,trynkina a.,A. Trynkina,,Alina Trynkina
wta_1178,nishino n.,N. Nishino,,Nao Nishino
wta_1179,efremova a.,A. Efremova,,Anastasia Efremova
wta_1180,zvereva v.,V. Zvereva,,Vlada Zvereva
wta_1181,bouzgarrou m.,M. Bouzgarrou,,Mouna Bouzgarrou
wta_1182,ruchkina k.,K. Ruchkina,,Kseniia Ruchkina
wta_1183,kosan k.,K. Kosan,,Klara Kosan
wta_1184,groth g.,G. Groth,,Georgina Groth
wta_1185,moore t.,T. Moore,,Tara Moore
wta_1186,thamchaiwat b.,B. Thamchaiwat,,Bunyawi Thamchaiwat
wta_1187,dourado j.,J. Dourado,,Jennifer Rosa Dourado
wta_1188,lopez p.,P. Lopez,,Paola Lopez
wta_1189,dessolis m.,M. Dessolis,,Marcella Dessolis
wta_1190,sequeira m.,M. Sequeira,,Milla Sequeira
wta_1191,svahn i.,I. Svahn,,Isabella Svahn
wta_1192,kujovic k.,K. Kujovic,,Katarina Kujovic
wta_1193,danilova a.,A. Danilova,,Alisa Danilova
wta_1194,ayala l.,L. Ayala,,Lourdes Ayala
wta_1195,hansen s.,S. Hansen,,Sarafina Hansen
wta_1196,kashyap t.,T. Kashyap,,Tanisha Kashyap
wta_1197,sanchez m.,M. Sanchez,,Maria Oliver Sanchez
wta_1198,dessolis b.,B. Dessolis,,Barbara Dessolis
wta_1199,alame r.,R. Alame,,Renee Alame
wta_1200,liu m.,M. Liu,,Min Liu
wta_1201,supova k.,K. Supova,,Kali Supova
wta_1202,charney p.,P. Charney,,Piper Charney
wta_1203,sanchez c.,C. Sanchez,,Celia Anson Sanchez
wta_1204,sierra c.,C. Sierra,,Cristina Ramos Sierra
wta_1205,lunde e.,E. Lunde,,Emily Sartz Lunde
wta_1206,mrazikova k.,K. Mrazikova,,Karolina Mrazikova
wta_1207,musetti l.,L. Musetti,,Lucrezia Musetti
wta_1208,gettwart f.,F. Gettwart,,Fabienne Gettwart
wta_1209,monteleone g.,G. Monteleone,,Giulia Alessia Monteleone
wta_1210,nishimoto s.,S. Nishimoto,,Sera Nishimoto
wta_1211,moore c.,C. Moore,,Ciara Moore
wta_1212,perovani s.,S. Perovani,,Sofia Cohen Perovani
wta_1213,shin j.,J. Shin,,Jiho Shin
wta_1214,usui k.,K. Usui,,Kaede Usui
wta_1215,xiao l.,L. Xiao,,Lexue Xiao
wta_1216,smejkal l.,L. Smejkal,,Lara Smejkal
wta_1217,saner j.,J. Saner,,Julita Saner
wta_1218,gomez l.,L. Gomez,,Lucia Natal Gomez
wta_1219,evtimova d.,D. Evtimova,,Dia Evtimova
wta_1220,delledera f.,F. Delledera,,Francesca Delledera
wta_1221,abouelsaad h.,H. Abouelsaad,,Hania Abouelsaad
wta_1222,conway j.,J. Conway,,Jasmine Conway
wta_1223,newberry l.,L. Newberry,,Lois Newberry
wta_1224,smith r.,R. Smith,,Rachael Smith
wta_1225,monllau a.,A. Monllau,,Ana Victoria Gobbi Monllau
wta_1226,oliveira e.,E. Oliveira,,Emily De Oliveira
wta_1227,giessler e.,E. Giessler,,Elena Giessler
wta_1228,odorizzi c.,C. Odorizzi,,Caterina Odorizzi
wta_1229,boehner l.,L. Boehner,,Laura Boehner
wta_1230,yardley s.,S. Yardley,,Summer Yardley
wta_1231,uribe m.,M. Uribe,,Maria Jose Sanchez Uribe
wta_1232,morderger y.,Y. Morderger,,Yana Morderger
wta_1233,eto n.,N. Eto,,Naoko Eto
wta_1234,russell t.,T. Russell,,Tori Russell
wta_1235,hitt z.,Z. Hitt,,Zoe Hitt
wta_1236,giambelli c.,C. Giambelli,,Carla Giambelli
wta_1237,mulville v.,V. Mulville,,Victoria Mulville
wta_1238,kmiecik a.,A. Kmiecik,,Anna Kmiecik
wta_1239,canals a.,A. Canals,,Ariadna Garcia Patron Canals
wta_1240,skoog i.,I. Skoog,,Isabel Skoog
wta_1241,garcia m.,M. Garcia,,Maria Garcia
wta_1242,yuldasheva s.,S. Yuldasheva,,Sevil Yuldasheva
wta_1243,markus c.,C. Markus,,Camila Markus
wta_1244,popovski d.,D. Popovski,,Dusica Popovski
wta_1245,vozniak k.,K. Vozniak,,Khrystyna Vozniak
wta_1246,lespiau p.,P. Lespiau,,Pilar Beveraggi Lespiau
wta_1247,rothensteiner l.,L. Rothensteiner,,Liel Marlies Rothensteiner
wta_1248,kostenko l.,L. Kostenko,,Lyubov Kostenko
wta_1249,mikhailova m.,M. Mikhailova,,Maria Mikhailova
wta_1250,sramkova t.,T. Sramkova,,Tamara Sramkova
wta_1251,ceschi g.,G. Ceschi,,Gloria Ceschi
wta_1252,bougrat m.,M. Bougrat,,Maelys Bougrat
wta_1253,gorska d.,D. Gorska,,Daria Gorska
wta_1254,osterreicher m.,M. Osterreicher,,Mavie Osterreicher
wta_1255,isakova p.,P. Isakova,,Polina Isakova
wta_1256,uemura m.,M. Uemura,,Mutsumi Uemura
wta_1257,rasim m.,M. Rasim,,Melis Rasim
wta_1258,domingo l.,L. Domingo,,Lucia Llinares Domingo
wta_1259,dvorackova a.,A. Dvorackova,,Anna Dvorackova
wta_1260,fruhvirtova b.,B. Fruhvirtova,,Brenda Fruhvirtova
wta_1261,polakovicova a.,A. Polakovicova,,Adela Polakovicova
wta_1262,fulgenzi b.,B. Fulgenzi,,Brandelyn Fulgenzi
wta_1263,schuknecht l.,L. Schuknecht,,Leonie Schuknecht
wta_1264,kupres m.,M. Kupres,,Mia Kupres
wta_1265,breen s.,S. Breen,,Saoirse Breen
wta_1266,konstantinova y.,Y. Konstantinova,,Yoana Konstantinova
wta_1267,jauffret c.,C. Jauffret,,Capucine Jauffret
wta_1268,feldmane d.,D. Feldmane,,Daniela Darta Feldmane
wta_1269,bergler o.,O. Bergler,,Olivia Bergler
wta_1270,omae a.,A. Omae,,Akiko Omae
wta_1271,coppez k.,K. Coppez,,Kaat Coppez
wta_1272,easwaramurthi a.,A. Easwaramurthi,,Ashmitha Easwaramurthi
wta_1273,alame r.,R. Alame,,Rianna Alame
wta_1274,bubelyte k.,K. Bubelyte,,Klaudija Bubelyte
wta_1275,jang s.,S. Jang,,Soo Ha Jang
wta_1276,sadiq s.,S. Sadiq,,Soha Sadiq
wta_1277,chikaraishi y.,Y. Chikaraishi,,Yui Chikaraishi
wta_1278,pikkaart c.,C. Pikkaart,,Charlotte Pikkaart
wta_1279,zonneveld c.,C. Zonneveld,,Charlotte Van Zonneveld
wta_1280,groen j.,J. Groen,,Jade Groen
wta_1281,bergen m.,M. Bergen,,Mariia Bergen
wta_1282,junior c.,C. Junior,,Catarina Melleiro Ibiraba Melleiro Junior
wta_1283,sauvant c.,C. Sauvant,,Chantal Sauvant
wta_1284,havermans d.,D. Havermans,,Danique Havermans
wta_1285,grekul e.,E. Grekul,,Elena Grekul
wta_1286,koyama h.,H. Koyama,,Honori Koyama
wta_1287,brunkel l.,L. Brunkel,,Laura Brunkel
wta_1288,zampardo m.,M. Zampardo,,Maddy Zampardo
wta_1289,komano m.,M. Komano,,Margaux Komano
wta_1290,kawagishi n.,N. Kawagishi,,Nana Kawagishi
wta_1291,elkin a.,A. Elkin,,Amanda Carolina Nava Elkin
wta_1292,spasova b.,B. Spasova,,Beatris Spasova
wta_1293,sato h.,H. Sato,,Himari Sato
wta_1294,ormaechea p.,P. Ormaechea,,Paula Ormaechea
wta_1295,freitas a.,A. Freitas,,Analu Freitas
wta_1296,mchale c.,C. Mchale,,Christina Mchale
wta_1297,mildren s.,S. Mildren,,Sarah Mildren
wta_1298,aulia a.,A. Aulia,,Audrey Aulia
wta_1299,bossi c.,C. Bossi,,Camilla Bossi
wta_1300,michel e.,E. Michel,,Elena Michel
wta_1301,bulger h.,H. Bulger,,Heidi Bulger
wta_1302,johansson i.,I. Johansson,,Ida Johansson
wta_1303,llewellyn s.,S. Llewellyn,,Sophie Llewellyn
wta_1304,teiusanu v.,V. Teiusanu,,Vanessa Ioana Georgiana Popa Teiusanu
wta_1305,panwar y.,Y. Panwar,,Yashaswini Panwar
wta_1306,hosoki y.,Y. Hosoki,,Yuka Hosoki
wta_1307,ortenzi b.,B. Ortenzi,,Benedetta Ortenzi
wta_1308,tsao c.,C. Tsao,,Chia Yi Tsao
wta_1309,im h.,H. Im,,Heerae Im
wta_1310,xu j.,J. Xu,,Jiayu Xu
wta_1311,pawelska m.,M. Pawelska,,Maja Pawelska
wta_1312,gniewkowska o.,O. Gniewkowska,,Oriana Gniewkowska
wta_1313,safarova z.,Z. Safarova,,Zdena Safarova
wta_1314,myatovic j.,J. Myatovic,,Julie Myatovic
wta_1315,nguyen k.,K. Nguyen,,Kenzie Nguyen
wta_1316,schmidt l.,L. Schmidt,,Lara Schmidt
wta_1317,senties x.,X. Senties,,Ximena Senties
wta_1318,alexander a.,A. Alexander,,Avery Alexander
wta_1319,gallego i.,I. Gallego,,Isabel Adrover Gallego
wta_1320,pozarenko a.,A. Pozarenko,,Aleksandra Pozarenko
wta_1321,grechkina a.,A. Grechkina,,Anastasia Grechkina
wta_1322,sayed a.,A. Sayed,,Aya El Sayed
wta_1323,ivanovic g.,G. Ivanovic,,Gala Ivanovic
wta_1324,cilekova l.,L. Cilekova,,Laura Cilekova
wta_1325,masiianskaia m.,M. Masiianskaia,,Mariia Masiianskaia
wta_1326,boukirat m.,M. Boukirat,,Massiva Boukirat
wta_1327,dawson n.,N. Dawson,,Najah Dawson
wta_1328,choi s.,S. Choi,,Seo Yun Choi
wta_1329,jovanovic m.,M. Jovanovic,,Mirjana Jovanovic
wta_1330,fornasieri c.,C. Fornasieri,,Chiara Fornasieri
wta_1331,lee e.,E. Lee,,Eunji Lee
wta_1332,mcgiffin t.,T. Mcgiffin,,Tenika Mcgiffin
wta_1333,sandberg v.,V. Sandberg,,Vivien Sandberg
wta_1334,naito y.,Y. Naito,,Yuka Naito
wta_1335,rivoli p.,P. Rivoli,,Pietra Rivoli
wta_1336,dias t.,T. Dias,,Teresa Franco Dias
wta_1337,tang q.,Q. Tang,,Qianhui Tang
wta_1338,matias m.,M. Matias,,Madalena Matias
wta_1339,vig s.,S. Vig,,Saumya Vig
wta_1340,brown j.,J. Brown,,Jaedan Brown
wta_1341,souza m.,M. Souza,,Marjorie Souza
wta_1342,sanon n.,N. Sanon,,Nehira Sanon
wta_1343,brooks a.,A. Brooks,,Amelie Brooks
wta_1344,jaskova a.,A. Jaskova,,Anika Jaskova
wta_1345,dernikovic r.,R. Dernikovic,,Ria Dernikovic
wta_1346,puiac a.,A. Puiac,,Alexia Lavinia Puiac
wta_1347,tomai c.,C. Tomai,,Carla Tomai
wta_1348,an c.,C. An,,Claire An
wta_1349,daniels e.,E. Daniels,,Ellie Daniels
wta_1350,jackson e.,E. Jackson,,Emma Jackson
wta_1351,vancea g.,G. Vancea,,Gabriela Maria Vancea
wta_1352,barbosa g.,G. Barbosa,,Giovana Schincariol Delatorre Barbosa
wta_1353,wu h.,H. Wu,,Ho Ching Wu
wta_1354,sava i.,I. Sava,,Ioana Teodora Sava
wta_1355,harvison i.,I. Harvison,,Isabella Harvison
wta_1356,rennert j.,J. Rennert,,Julia Victoria Rennert
wta_1357,giza l.,L. Giza,,Lola Giza
wta_1358,andrienko m.,M. Andrienko,,Maria Andrienko
wta_1359,heuser m.,M. Heuser,,Megan Heuser
wta_1360,xu n.,N. Xu,,Naomi Xu
wta_1361,breckova n.,N. Breckova,,Nikola Breckova
wta_1362,sozaonova n.,N. Sozaonova,,Nina Sozaonova
wta_1363,colyer r.,R. Colyer,,Rita Colyer
wta_1364,garakani s.,S. Garakani,,Sana Garakani
wta_1365,ohwaki y.,Y. Ohwaki,,Yui Ohwaki
wta_1366,ruan z.,Z. Ruan,,Zi Ying Ruan
wta_1367,velikova d.,D. Velikova,,Darya Velikova
wta_1368,sara a.,A. Sara,,Angelica Sara
wta_1369,urso a.,A. Urso,,Aurora Urso
wta_1370,belyaeva d.,D. Belyaeva,,Daria Belyaeva
wta_1371,montebruno g.,G. Montebruno,,Ginevra Parentini Vallega Montebruno
wta_1372,zhao x.,X. Zhao,,Xichen Zhao
wta_1373,ohashi y.,Y. Ohashi,,Yuna Ohashi
wta_1374,voegele s.,S. Voegele,,Stefanie Voegele
wta_1375,smith e.,E. Smith,,Emily Webley Smith
wta_1376,li y.,Y. Li,,Yuyao Li
wta_1377,petkovic a.,A. Petkovic,,Ana Petkovic
wta_1378,santos m.,M. Santos,,Maria Eduarda Carbone Dos Santos
wta_1379,fernandez l.,L. Fernandez,,Lya Fernandez
wta_1380,karatancheva a.,A. Karatancheva,,Alexa Karatancheva
wta_1381,battesti a.,A. Battesti,,Alice Battesti
wta_1382,lopata a.,A. Lopata,,Anastasiya Lopata
wta_1383,rodero c.,C. Rodero,,Camila Rodero
wta_1384,ferrer c.,C. Ferrer,,Claudia Hoste Ferrer
wta_1385,podhajecka d.,D. Podhajecka,,Dominika Podhajecka
wta_1386,tverijonaite e.,E. Tverijonaite,,Emilija Tverijonaite
wta_1387,charney e.,E. Charney,,Emma Charney
wta_1388,macias f.,F. Macias,,Fernanda Guadalupe Regalado Macias
wta_1389,vuuren h.,H. Vuuren,,Heike Janse Van Vuuren
wta_1390,buchwald h.,H. Buchwald,,Helena Buchwald
wta_1391,buculei i.,I. Buculei,,Iulia Maria Buculei
wta_1392,diianni j.,J. Diianni,,Jensen Diianni
wta_1393,khramtsova j.,J. Khramtsova,,Julia Khramtsova
wta_1394,paskauskas k.,K. Paskauskas,,Kristina Paskauskas
wta_1395,virc l.,L. Virc,,Lana Virc
wta_1396,carre m.,M. Carre,,Mathilde Ngijol Carre
wta_1397,boyden m.,M. Boyden,,Melissa Boyden
wta_1398,zunino m.,M. Zunino,,Michela Castro Zunino
wta_1399,miyata m.,M. Miyata,,Moeka Miyata
wta_1400,dho n.,N. Dho,,Nahjime Dho
wta_1401,abduraimova n.,N. Abduraimova,,Nigina Abduraimova
wta_1402,montiel p.,P. Montiel,,Paulina Montiel
wta_1403,preugschat p.,P. Preugschat,,Phillippa Preugschat
wta_1404,praefke p.,P. Praefke,,Pia Praefke
wta_1405,wakana r.,R. Wakana,,Ran Wakana
wta_1406,zou r.,R. Zou,,Ruirui Zou
wta_1407,shvetsova v.,V. Shvetsova,,Valeriia Shvetsova
wta_1408,chen y.,Y. Chen,,Yiru Chen
wta_1409,mozgaleva a.,A. Mozgaleva,,Anastasia Mozgaleva
wta_1410,plosnik e.,E. Plosnik,,Ela Plosnik
wta_1411,bougouffa h.,H. Bougouffa,,Hanna Bougouffa
wta_1412,leon i.,I. Leon,,Ines Leon
wta_1413,bucea i.,I. Bucea,,Iulia Bucea
wta_1414,rachapudi p.,P. Rachapudi,,Prathyusha Rachapudi
wta_1415,nagornaia s.,S. Nagornaia,,Sofiia Nagornaia
wta_1416,popescu a.,A. Popescu,,Alessia Popescu
wta_1417,hutchinson h.,H. Hutchinson,,Holly Hutchinson
wta_1418,badia l.,L. Badia,,Laura Badia
wta_1419,lages m.,M. Lages,,Maria Eduarda Lages
wta_1420,atia m.,M. Atia,,Mariam Atia
wta_1421,maruca m.,M. Maruca,,Melina Maria Maruca
wta_1422,safi m.,M. Safi,,Meshkatolzahra Safi
wta_1423,ciocan m.,M. Ciocan,,Milena Ciocan
wta_1424,fernandez b.,B. Fernandez,,Bianca Jolie Fernandez
wta_1425,xun f.,F. Xun,,Fang Ying Xun
wta_1426,nozdrachova m.,M. Nozdrachova,,Mariia Nozdrachova
wta_1427,cui a.,A. Cui,,Angela Cui
wta_1428,allegre c.,C. Allegre,,Camille Allegre
wta_1429,gay c.,C. Gay,,Cayetana Gay
wta_1430,sandhu g.,G. Sandhu,,Gurmanat Kaur Sandhu
wta_1431,sawant m.,M. Sawant,,Madhurima Sawant
wta_1432,yamakita m.,M. Yamakita,,Mia Yamakita
wta_1433,lancelot o.,O. Lancelot,,Olympe Lancelot
wta_1434,ingale p.,P. Ingale,,Pooja Ingale
wta_1435,nloga s.,S. Nloga,,Samantha Imbo Nloga
wta_1436,atturu s.,S. Atturu,,Shria Atturu
wta_1437,ahti v.,V. Ahti,,Venla Ahti
wta_1438,zhao y.,Y. Zhao,,Yichen Zhao
wta_1439,soulie a.,A. Soulie,,Alice Soulie
wta_1440,reva a.,A. Reva,,Aliesia Reva
wta_1441,yuneva a.,A. Yuneva,,Alina Yuneva
wta_1442,sushkova a.,A. Sushkova,,Antonina Sushkova
wta_1443,corvi a.,A. Corvi,,Aurora Corvi
wta_1444,nosei a.,A. Nosei,,Aurora Nosei
wta_1445,simunyu c.,C. Simunyu,,Celine Simunyu
wta_1446,lopez c.,C. Lopez,,Chrystal Lopez
wta_1447,valente d.,D. Valente,,Denise Valente
wta_1448,kaler h.,H. Kaler,,Havah Kaur Kaler
wta_1449,bueno h.,H. Bueno,,Helena Bueno
wta_1450,elkady j.,J. Elkady,,Joody Elkady
wta_1451,belkova k.,K. Belkova,,Kristina Belkova
wta_1452,aguilo m.,M. Aguilo,,Maria Penalver Aguilo
wta_1453,buchnik m.,M. Buchnik,,Mika Buchnik
wta_1454,kang n.,N. Kang,,Na Hyun Kang
wta_1455,hurkacz n.,N. Hurkacz,,Nika Hurkacz
wta_1456,skopintseva p.,P. Skopintseva,,Polina Skopintseva
wta_1457,avataneo s.,S. Avataneo,,Sofia Avataneo
wta_1458,guidi s.,S. Guidi,,Sol Ailin Larraya Guidi
wta_1459,bandurowska x.,X. Bandurowska,,Xenia Bandurowska
wta_1460,negishi y.,Y. Negishi,,Yuzuha Negishi
wta_1461,kolb m.,M. Kolb,,Maryna Kolb
wta_1462,zheng s.,S. Zheng,,Saisai Zheng
wta_1463,yang a.,A. Yang,,Anna Yang
wta_1464,guerrero d.,D. Guerrero,,Daniela Martinez Guerrero
wta_1465,qu y.,Y. Qu,,Yihan Qu
wta_1466,oliveras a.,A. Oliveras,,Abril Cardenas Oliveras
wta_1467,suciu a.,A. Suciu,,Amalia Suciu
wta_1468,couto l.,L. Couto,,Lena Couto
wta_1469,kovacic n.,N. Kovacic,,Nala Kovacic
wta_1470,fernandez o.,O. Fernandez,,Olga Bienzobas Fernandez
wta_1471,kozak v.,V. Kozak,,Vlada Kozak
wta_1472,fedorova a.,A. Fedorova,,Aglaya Fedorova
wta_1473,neira a.,A. Neira,,Agustina Soto Neira
wta_1474,zamburek a.,A. Zamburek,,Ana Carmen Zamburek
wta_1475,requena a.,A. Requena,,Ana Giraldi Requena
wta_1476,safta a.,A. Safta,,Anastasia Safta
wta_1477,arora a.,A. Arora,,Anya Arora
wta_1478,schueller a.,A. Schueller,,Ava Schueller
wta_1479,carvalho b.,B. Carvalho,,Bruna Liotto De Carvalho
wta_1480,corte c.,C. Corte,,Carlota Corte
wta_1481,delaunay c.,C. Delaunay,,Carolann Delaunay
wta_1482,gaillard d.,D. Gaillard,,Delia Gaillard
wta_1483,yakovleva d.,D. Yakovleva,,Diana Yakovleva
wta_1484,pirohova d.,D. Pirohova,,Dominika Pirohova
wta_1485,gao d.,D. Gao,,Duanrui Gao
wta_1486,agureeva e.,E. Agureeva,,Ekaterina Agureeva
wta_1487,tsetsou e.,E. Tsetsou,,Eleni Tsetsou
wta_1488,wan e.,E. Wan,,Elsa Wan
wta_1489,juravliova e.,E. Juravliova,,Elvira Juravliova
wta_1490,mazzoni e.,E. Mazzoni,,Emma Mazzoni
wta_1491,ghirardato e.,E. Ghirardato,,Emma Ottavia Ghirardato
wta_1492,contrino g.,G. Contrino,,Gloria Contrino
wta_1493,arabarco i.,I. Arabarco,,Isabel Arabarco
wta_1494,cherny i.,I. Cherny,,Isabelle Cherny
wta_1495,ogunwale j.,J. Ogunwale,,Jaquelyn Ogunwale
wta_1496,mazzoni j.,J. Mazzoni,,Juliette Mazzoni
wta_1497,trunet j.,J. Trunet,,Juliette Trunet
wta_1498,hui k.,K. Hui,,Katherine Hui
wta_1499,tamura k.,K. Tamura,,Kurumi Tamura
wta_1500,arnautovic l.,L. Arnautovic,,Larisa Arnautovic
wta_1501,dandu l.,L. Dandu,,Laxmisiri Dandu
wta_1502,rabl l.,L. Rabl,,Leonie Rabl
wta_1503,schruff l.,L. Schruff,,Luisa Schruff
wta_1504,baniak m.,M. Baniak,,Magdalena Baniak
wta_1505,stoilkovska m.,M. Stoilkovska,,Magdalena Stoilkovska
wta_1506,ignatjeva m.,M. Ignatjeva,,Margarita Ignatjeva
wta_1507,aytoyan m.,M. Aytoyan,,Maria Aytoyan
wta_1508,burylo m.,M. Burylo,,Matylda Burylo
wta_1509,chudejova m.,M. Chudejova,,Mia Chudejova
wta_1510,kim n.,N. Kim,,Na Ri Kim
wta_1511,paathak p.,P. Paathak,,Paavanii Paathak
wta_1512,bartha p.,P. Bartha,,Panna Bartha
wta_1513,gloeckner p.,P. Gloeckner,,Pauline Gloeckner
wta_1514,ohashi r.,R. Ohashi,,Remika Ohashi
wta_1515,newborn r.,R. Newborn,,Rhiann Newborn
wta_1516,okuwaki r.,R. Okuwaki,,Rinon Okuwaki
wta_1517,rao s.,S. Rao,,Sandeepti Singh Rao
wta_1518,kenzhibayeva s.,S. Kenzhibayeva,,Sandugash Kenzhibayeva
wta_1519,husarova s.,S. Husarova,,Silvia Husarova
wta_1520,ksandinov s.,S. Ksandinov,,Sophia Ksandinov
wta_1521,bruno v.,V. Bruno,,Valentina Abril Bruno
wta_1522,garnevska v.,V. Garnevska,,Valeria Garnevska
wta_1523,gudelj v.,V. Gudelj,,Vanja Gudelj
wta_1524,bedini v.,V. Bedini,,Viola Bedini
