match_id,match_date,player1,player2,match_link
23-03-2026-jakub-tazler-marek-chlebecek,2026-03-23 01:30:00,Jakub Tazler,Marek Chlebecek,https://scores24.live/en/table-tennis/23-03-2026-jakub-tazler-marek-chlebecek
23-03-2026-michal-vedmoch-pavel-fojt,2026-03-23 01:30:00,Michal Vedmoch,Pavel Fojt,https://scores24.live/en/table-tennis/23-03-2026-michal-vedmoch-pavel-fojt
23-03-2026-smrcek-milan-petr-picek,2026-03-23 01:30:00,Milan Smrcek,Petr Picek,https://scores24.live/en/table-tennis/23-03-2026-smrcek-milan-petr-picek
23-03-2026-frantisek-briza-dmitro-parhomenko,2026-03-23 02:00:00,Frantisek Briza,Dmitro Parhomenko,https://scores24.live/en/table-tennis/23-03-2026-frantisek-briza-dmitro-parhomenko
23-03-2026-matej-volf-daniel-tuma,2026-03-23 02:00:00,Matej Volf,Daniel Tuma,https://scores24.live/en/table-tennis/23-03-2026-matej-volf-daniel-tuma
23-03-2026-steffan-jan-tomas-andrle,2026-03-23 02:00:00,Jan Steffan,Tomas Andrle,https://scores24.live/en/table-tennis/23-03-2026-steffan-jan-tomas-andrle
23-03-2026-marek-chlebecek-martin-sobisek,2026-03-23 02:30:00,Marek Chlebecek,Martin Sobisek,https://scores24.live/en/table-tennis/23-03-2026-marek-chlebecek-martin-sobisek
23-03-2026-pavel-fojt-jiri-plachy,2026-03-23 02:30:00,Pavel Fojt,Jiri Plachy,https://scores24.live/en/table-tennis/23-03-2026-pavel-fojt-jiri-plachy
23-03-2026-petr-picek-marek-placek,2026-03-23 02:30:00,Petr Picek,Marek Placek,https://scores24.live/en/table-tennis/23-03-2026-petr-picek-marek-placek
23-03-2026-frantisek-briza-michal-vedmoch,2026-03-23 03:00:00,Frantisek Briza,Michal Vedmoch,https://scores24.live/en/table-tennis/23-03-2026-frantisek-briza-michal-vedmoch
23-03-2026-matej-volf-jakub-tazler,2026-03-23 03:00:00,Matej Volf,Jakub Tazler,https://scores24.live/en/table-tennis/23-03-2026-matej-volf-jakub-tazler
23-03-2026-steffan-jan-smrcek-milan,2026-03-23 03:00:00,Jan Steffan,Milan Smrcek,https://scores24.live/en/table-tennis/23-03-2026-steffan-jan-smrcek-milan
23-03-2026-jiri-plachy-dmitro-parhomenko,2026-03-23 03:30:00,Jiri Plachy,Dmitro Parhomenko,https://scores24.live/en/table-tennis/23-03-2026-jiri-plachy-dmitro-parhomenko
23-03-2026-marek-placek-tomas-andrle,2026-03-23 03:30:00,Marek Placek,Tomas Andrle,https://scores24.live/en/table-tennis/23-03-2026-marek-placek-tomas-andrle
23-03-2026-martin-sobisek-daniel-tuma,2026-03-23 03:30:00,Martin Sobisek,Daniel Tuma,https://scores24.live/en/table-tennis/23-03-2026-martin-sobisek-daniel-tuma
23-03-2026-dalimil-machander-jaroslav-schwan,2026-03-23 07:00:00,Dalimil Machander,Jaroslav Schwan,https://scores24.live/en/table-tennis/23-03-2026-dalimil-machander-jaroslav-schwan
23-03-2026-jiri-grohsgott-jan-potensky,2026-03-23 07:00:00,Jiri Grohsgott,Jan Potensky,https://scores24.live/en/table-tennis/23-03-2026-jiri-grohsgott-jan-potensky
23-03-2026-julius-didi-chalupnicek-milan,2026-03-23 07:00:00,Julius Didi,Milan Chalupnicek,https://scores24.live/en/table-tennis/23-03-2026-julius-didi-chalupnicek-milan
23-03-2026-oborny-dominik-adamczyk-vladimir,2026-03-23 07:00:00,Dominik Oborny,Vladimir Adamczyk,https://scores24.live/en/table-tennis/23-03-2026-oborny-dominik-adamczyk-vladimir
23-03-2026-petr-monik-vladimir-kubat,2026-03-23 07:00:00,Petr Monik,Vladimir Kubat,https://scores24.live/en/table-tennis/23-03-2026-petr-monik-vladimir-kubat
23-03-2026-milota-tomas-petr-osvald,2026-03-23 07:30:00,Tomas Mikutis,Petr Osvald,https://scores24.live/en/table-tennis/23-03-2026-milota-tomas-petr-osvald
23-03-2026-potmesil-pavel-stary-jiri,2026-03-23 07:30:00,Pavel Potmesil,Jiri Stary,https://scores24.live/en/table-tennis/23-03-2026-potmesil-pavel-stary-jiri
23-03-2026-richard-skacelik-danko-petr,2026-03-23 07:30:00,Richard Skacelik,Petr Danko,https://scores24.live/en/table-tennis/23-03-2026-richard-skacelik-danko-petr
23-03-2026-tomas-kucera-alexander-hejduk,2026-03-23 07:30:00,Tomas Kucera,Alexander Hejduk,https://scores24.live/en/table-tennis/23-03-2026-tomas-kucera-alexander-hejduk
23-03-2026-tomas-nohejl-milan-cetner,2026-03-23 07:30:00,Tomas Nohejl,Milan Cetner,https://scores24.live/en/table-tennis/23-03-2026-tomas-nohejl-milan-cetner
23-03-2026-adamczyk-vladimir-milota-tomas,2026-03-23 08:00:00,Vladimir Adamczyk,Tomas Mikutis,https://scores24.live/en/table-tennis/23-03-2026-adamczyk-vladimir-milota-tomas
23-03-2026-chalupnicek-milan-tomas-nohejl,2026-03-23 08:00:00,Milan Chalupnicek,Tomas Nohejl,https://scores24.live/en/table-tennis/23-03-2026-chalupnicek-milan-tomas-nohejl
23-03-2026-jan-potensky-tomas-kucera,2026-03-23 08:00:00,Jan Potensky,Tomas Kucera,https://scores24.live/en/table-tennis/23-03-2026-jan-potensky-tomas-kucera
23-03-2026-jaroslav-schwan-richard-skacelik,2026-03-23 08:00:00,Jaroslav Schwan,Richard Skacelik,https://scores24.live/en/table-tennis/23-03-2026-jaroslav-schwan-richard-skacelik
23-03-2026-vladimir-kubat-potmesil-pavel,2026-03-23 08:00:00,Vladimir Kubat,Pavel Potmesil,https://scores24.live/en/table-tennis/23-03-2026-vladimir-kubat-potmesil-pavel
23-03-2026-alexander-hejduk-jiri-grohsgott,2026-03-23 08:30:00,Alexander Hejduk,Jiri Grohsgott,https://scores24.live/en/table-tennis/23-03-2026-alexander-hejduk-jiri-grohsgott
23-03-2026-danko-petr-dalimil-machander,2026-03-23 08:30:00,Petr Danko,Dalimil Machander,https://scores24.live/en/table-tennis/23-03-2026-danko-petr-dalimil-machander
23-03-2026-milan-cetner-julius-didi,2026-03-23 08:30:00,Milan Cetner,Julius Didi,https://scores24.live/en/table-tennis/23-03-2026-milan-cetner-julius-didi
23-03-2026-petr-osvald-oborny-dominik,2026-03-23 08:30:00,Petr Osvald,Dominik Oborny,https://scores24.live/en/table-tennis/23-03-2026-petr-osvald-oborny-dominik
23-03-2026-stary-jiri-petr-monik,2026-03-23 08:30:00,Jiri Stary,Petr Monik,https://scores24.live/en/table-tennis/23-03-2026-stary-jiri-petr-monik
23-03-2026-dalimil-machander-richard-skacelik,2026-03-23 09:00:00,Dalimil Machander,Richard Skacelik,https://scores24.live/en/table-tennis/23-03-2026-dalimil-machander-richard-skacelik
23-03-2026-jiri-grohsgott-tomas-kucera,2026-03-23 09:00:00,Jiri Grohsgott,Tomas Kucera,https://scores24.live/en/table-tennis/23-03-2026-jiri-grohsgott-tomas-kucera
23-03-2026-julius-didi-tomas-nohejl,2026-03-23 09:00:00,Julius Didi,Tomas Nohejl,https://scores24.live/en/table-tennis/23-03-2026-julius-didi-tomas-nohejl
23-03-2026-oborny-dominik-milota-tomas,2026-03-23 09:00:00,Dominik Oborny,Tomas Mikutis,https://scores24.live/en/table-tennis/23-03-2026-oborny-dominik-milota-tomas
23-03-2026-petr-monik-potmesil-pavel,2026-03-23 09:00:00,Petr Monik,Pavel Potmesil,https://scores24.live/en/table-tennis/23-03-2026-petr-monik-potmesil-pavel
23-03-2026-adamczyk-vladimir-petr-osvald,2026-03-23 09:30:00,Vladimir Adamczyk,Petr Osvald,https://scores24.live/en/table-tennis/23-03-2026-adamczyk-vladimir-petr-osvald
23-03-2026-chalupnicek-milan-milan-cetner,2026-03-23 09:30:00,Milan Chalupnicek,Milan Cetner,https://scores24.live/en/table-tennis/23-03-2026-chalupnicek-milan-milan-cetner
23-03-2026-jan-potensky-alexander-hejduk,2026-03-23 09:30:00,Jan Potensky,Alexander Hejduk,https://scores24.live/en/table-tennis/23-03-2026-jan-potensky-alexander-hejduk
23-03-2026-jaroslav-schwan-danko-petr,2026-03-23 09:30:00,Jaroslav Schwan,Petr Danko,https://scores24.live/en/table-tennis/23-03-2026-jaroslav-schwan-danko-petr
23-03-2026-vladimir-kubat-stary-jiri,2026-03-23 09:30:00,Vladimir Kubat,Jiri Stary,https://scores24.live/en/table-tennis/23-03-2026-vladimir-kubat-stary-jiri
23-03-2026-dan-volhejn-michal-vavrecka,2026-03-23 11:00:00,Dan Volhejn,Michal Vavrecka,https://scores24.live/en/table-tennis/23-03-2026-dan-volhejn-michal-vavrecka
23-03-2026-darin-kyryl-jaroslav-prokupek,2026-03-23 11:00:00,Kyryl Darin,Jaroslav Prokupek,https://scores24.live/en/table-tennis/23-03-2026-darin-kyryl-jaroslav-prokupek
23-03-2026-milos-pospisil-rotislav-hasmanda,2026-03-23 11:00:00,Milos Pospisil,Rotislav Hasmanda,https://scores24.live/en/table-tennis/23-03-2026-milos-pospisil-rotislav-hasmanda
23-03-2026-paril-ondrej-jan-szotkowski,2026-03-23 11:00:00,Ondrej Paril,Jan Szotkowski,https://scores24.live/en/table-tennis/23-03-2026-paril-ondrej-jan-szotkowski
23-03-2026-virag-alexandr-tyn-daniel,2026-03-23 11:00:00,Alexandr Virag,Daniel Tyn,https://scores24.live/en/table-tennis/23-03-2026-virag-alexandr-tyn-daniel
23-03-2026-adam-pokorny-tadeas-zika,2026-03-23 11:30:00,Adam Pokorny,Tadeas Zika,https://scores24.live/en/table-tennis/23-03-2026-adam-pokorny-tadeas-zika
23-03-2026-jiri-dedek-josef-belovsky-,2026-03-23 11:30:00,Jiri Dedek,Josef Belovsky,https://scores24.live/en/table-tennis/23-03-2026-jiri-dedek-josef-belovsky-
23-03-2026-kaspar-michal-zbynek-zientek,2026-03-23 11:30:00,Michal Kaspar,Zbynek Zientek,https://scores24.live/en/table-tennis/23-03-2026-kaspar-michal-zbynek-zientek
23-03-2026-milan-longin-vaclav-hruska,2026-03-23 11:30:00,Milan Longin,Vaclav Hruska Sr,https://scores24.live/en/table-tennis/23-03-2026-milan-longin-vaclav-hruska
23-03-2026-vratislav-petracek-jiri-ruzicka,2026-03-23 11:30:00,Vratislav Petracek,Jiri Ruzicka,https://scores24.live/en/table-tennis/23-03-2026-vratislav-petracek-jiri-ruzicka
23-03-2026-jan-szotkowski-adam-pokorny,2026-03-23 12:00:00,Jan Szotkowski,Adam Pokorny,https://scores24.live/en/table-tennis/23-03-2026-jan-szotkowski-adam-pokorny
23-03-2026-jaroslav-prokupek-jiri-dedek,2026-03-23 12:00:00,Jaroslav Prokupek,Jiri Dedek,https://scores24.live/en/table-tennis/23-03-2026-jaroslav-prokupek-jiri-dedek
23-03-2026-michal-vavrecka-vratislav-petracek,2026-03-23 12:00:00,Michal Vavrecka,Vratislav Petracek,https://scores24.live/en/table-tennis/23-03-2026-michal-vavrecka-vratislav-petracek
23-03-2026-rotislav-hasmanda-milan-longin,2026-03-23 12:00:00,Rotislav Hasmanda,Milan Longin,https://scores24.live/en/table-tennis/23-03-2026-rotislav-hasmanda-milan-longin
23-03-2026-tyn-daniel-kaspar-michal,2026-03-23 12:00:00,Daniel Tyn,Michal Kaspar,https://scores24.live/en/table-tennis/23-03-2026-tyn-daniel-kaspar-michal
23-03-2026-jiri-ruzicka-dan-volhejn,2026-03-23 12:30:00,Jiri Ruzicka,Dan Volhejn,https://scores24.live/en/table-tennis/23-03-2026-jiri-ruzicka-dan-volhejn
23-03-2026-josef-belovsky-darin-kyryl,2026-03-23 12:30:00,Josef Belovsky,Kyryl Darin,https://scores24.live/en/table-tennis/23-03-2026-josef-belovsky-darin-kyryl
23-03-2026-tadeas-zika-paril-ondrej,2026-03-23 12:30:00,Tadeas Zika,Ondrej Paril,https://scores24.live/en/table-tennis/23-03-2026-tadeas-zika-paril-ondrej
23-03-2026-vaclav-hruska-milos-pospisil,2026-03-23 12:30:00,Vaclav Hruska Sr,Milos Pospisil,https://scores24.live/en/table-tennis/23-03-2026-vaclav-hruska-milos-pospisil
23-03-2026-zbynek-zientek-virag-alexandr,2026-03-23 12:30:00,Zbynek Zientek,Alexandr Virag,https://scores24.live/en/table-tennis/23-03-2026-zbynek-zientek-virag-alexandr
23-03-2026-dan-volhejn-vratislav-petracek,2026-03-23 13:00:00,Dan Volhejn,Vratislav Petracek,https://scores24.live/en/table-tennis/23-03-2026-dan-volhejn-vratislav-petracek
23-03-2026-darin-kyryl-jiri-dedek,2026-03-23 13:00:00,Kyryl Darin,Jiri Dedek,https://scores24.live/en/table-tennis/23-03-2026-darin-kyryl-jiri-dedek
23-03-2026-milos-pospisil-milan-longin,2026-03-23 13:00:00,Milos Pospisil,Milan Longin,https://scores24.live/en/table-tennis/23-03-2026-milos-pospisil-milan-longin
23-03-2026-paril-ondrej-adam-pokorny,2026-03-23 13:00:00,Ondrej Paril,Adam Pokorny,https://scores24.live/en/table-tennis/23-03-2026-paril-ondrej-adam-pokorny
23-03-2026-virag-alexandr-kaspar-michal,2026-03-23 13:00:00,Alexandr Virag,Michal Kaspar,https://scores24.live/en/table-tennis/23-03-2026-virag-alexandr-kaspar-michal
23-03-2026-jan-szotkowski-tadeas-zika,2026-03-23 13:30:00,Jan Szotkowski,Tadeas Zika,https://scores24.live/en/table-tennis/23-03-2026-jan-szotkowski-tadeas-zika
23-03-2026-jaroslav-prokupek-josef-belovsky-,2026-03-23 13:30:00,Jaroslav Prokupek,Josef Belovsky,https://scores24.live/en/table-tennis/23-03-2026-jaroslav-prokupek-josef-belovsky-
23-03-2026-michal-vavrecka-jiri-ruzicka,2026-03-23 13:30:00,Michal Vavrecka,Jiri Ruzicka,https://scores24.live/en/table-tennis/23-03-2026-michal-vavrecka-jiri-ruzicka
23-03-2026-rotislav-hasmanda-vaclav-hruska,2026-03-23 13:30:00,Rotislav Hasmanda,Vaclav Hruska Sr,https://scores24.live/en/table-tennis/23-03-2026-rotislav-hasmanda-vaclav-hruska
23-03-2026-tyn-daniel-zbynek-zientek,2026-03-23 13:30:00,Daniel Tyn,Zbynek Zientek,https://scores24.live/en/table-tennis/23-03-2026-tyn-daniel-zbynek-zientek
23-03-2026-cabis-michal-skotnica-martin,2026-03-23 15:00:00,Michal Cabis,Martin Skotnica,https://scores24.live/en/table-tennis/23-03-2026-cabis-michal-skotnica-martin
23-03-2026-jakub-vales-petr-bradach,2026-03-23 15:00:00,Jakub Vales,Petr Bradach,https://scores24.live/en/table-tennis/23-03-2026-jakub-vales-petr-bradach
23-03-2026-tomas-regner-milan-kolar,2026-03-23 15:00:00,Tomas Regner,Kolar Milan,https://scores24.live/en/table-tennis/23-03-2026-tomas-regner-milan-kolar
23-03-2026-yan-kanera-michal-jezek,2026-03-23 15:00:00,Jan Kanera,Michal Jezek,https://scores24.live/en/table-tennis/23-03-2026-yan-kanera-michal-jezek
23-03-2026-zbynek-pagac-michal-chalupa,2026-03-23 15:00:00,Zbynek Pagac,Michal Chalupa,https://scores24.live/en/table-tennis/23-03-2026-zbynek-pagac-michal-chalupa
23-03-2026-dan-volhejn-jiri-ruzicka,2026-03-23 15:30:00,Dan Volhejn,Jiri Ruzicka,https://scores24.live/en/table-tennis/23-03-2026-dan-volhejn-jiri-ruzicka
23-03-2026-jan-szotkowski-grundel-matej,2026-03-23 15:30:00,Jan Szotkowski,Matej Grundel,https://scores24.live/en/table-tennis/23-03-2026-jan-szotkowski-grundel-matej
23-03-2026-jan-varcl-jr-jiri-havel,2026-03-23 15:30:00,Jan Jr Varcl,Jiri Havel,https://scores24.live/en/table-tennis/23-03-2026-jan-varcl-jr-jiri-havel
23-03-2026-roman-hudeczek-unzeitig-daniel,2026-03-23 15:30:00,Roman Hudeczek,Daniel Unzeitig,https://scores24.live/en/table-tennis/23-03-2026-roman-hudeczek-unzeitig-daniel
23-03-2026-vojtech-koubek-vratislav-petracek,2026-03-23 15:30:00,Vojtech Koubek,Vratislav Petracek,https://scores24.live/en/table-tennis/23-03-2026-vojtech-koubek-vratislav-petracek
23-03-2026-michal-chalupa-roman-hudeczek,2026-03-23 16:00:00,Michal Chalupa,Roman Hudeczek,https://scores24.live/en/table-tennis/23-03-2026-michal-chalupa-roman-hudeczek
23-03-2026-michal-jezek-dan-volhejn,2026-03-23 16:00:00,Michal Jezek,Dan Volhejn,https://scores24.live/en/table-tennis/23-03-2026-michal-jezek-dan-volhejn
23-03-2026-milan-kolar-jan-varcl-jr,2026-03-23 16:00:00,Kolar Milan,Jan Jr Varcl,https://scores24.live/en/table-tennis/23-03-2026-milan-kolar-jan-varcl-jr
23-03-2026-petr-bradach-vojtech-koubek,2026-03-23 16:00:00,Petr Bradach,Vojtech Koubek,https://scores24.live/en/table-tennis/23-03-2026-petr-bradach-vojtech-koubek
23-03-2026-skotnica-martin-jan-szotkowski,2026-03-23 16:00:00,Martin Skotnica,Jan Szotkowski,https://scores24.live/en/table-tennis/23-03-2026-skotnica-martin-jan-szotkowski
23-03-2026-grundel-matej-cabis-michal,2026-03-23 16:30:00,Matej Grundel,Michal Cabis,https://scores24.live/en/table-tennis/23-03-2026-grundel-matej-cabis-michal
23-03-2026-jiri-havel-tomas-regner,2026-03-23 16:30:00,Jiri Havel,Tomas Regner,https://scores24.live/en/table-tennis/23-03-2026-jiri-havel-tomas-regner
23-03-2026-jiri-ruzicka-yan-kanera,2026-03-23 16:30:00,Jiri Ruzicka,Jan Kanera,https://scores24.live/en/table-tennis/23-03-2026-jiri-ruzicka-yan-kanera
23-03-2026-unzeitig-daniel-zbynek-pagac,2026-03-23 16:30:00,Daniel Unzeitig,Zbynek Pagac,https://scores24.live/en/table-tennis/23-03-2026-unzeitig-daniel-zbynek-pagac
23-03-2026-vratislav-petracek-jakub-vales,2026-03-23 16:30:00,Vratislav Petracek,Jakub Vales,https://scores24.live/en/table-tennis/23-03-2026-vratislav-petracek-jakub-vales
23-03-2026-cabis-michal-jan-szotkowski,2026-03-23 17:00:00,Michal Cabis,Jan Szotkowski,https://scores24.live/en/table-tennis/23-03-2026-cabis-michal-jan-szotkowski
23-03-2026-jakub-vales-vojtech-koubek,2026-03-23 17:00:00,Jakub Vales,Vojtech Koubek,https://scores24.live/en/table-tennis/23-03-2026-jakub-vales-vojtech-koubek
23-03-2026-tomas-regner-jan-varcl-jr,2026-03-23 17:00:00,Tomas Regner,Jan Jr Varcl,https://scores24.live/en/table-tennis/23-03-2026-tomas-regner-jan-varcl-jr
23-03-2026-yan-kanera-dan-volhejn,2026-03-23 17:00:00,Jan Kanera,Dan Volhejn,https://scores24.live/en/table-tennis/23-03-2026-yan-kanera-dan-volhejn
23-03-2026-zbynek-pagac-roman-hudeczek,2026-03-23 17:00:00,Zbynek Pagac,Roman Hudeczek,https://scores24.live/en/table-tennis/23-03-2026-zbynek-pagac-roman-hudeczek
23-03-2026-michal-chalupa-unzeitig-daniel,2026-03-23 17:30:00,Michal Chalupa,Daniel Unzeitig,https://scores24.live/en/table-tennis/23-03-2026-michal-chalupa-unzeitig-daniel
23-03-2026-michal-jezek-jiri-ruzicka,2026-03-23 17:30:00,Michal Jezek,Jiri Ruzicka,https://scores24.live/en/table-tennis/23-03-2026-michal-jezek-jiri-ruzicka
23-03-2026-milan-kolar-jiri-havel,2026-03-23 17:30:00,Kolar Milan,Jiri Havel,https://scores24.live/en/table-tennis/23-03-2026-milan-kolar-jiri-havel
23-03-2026-petr-bradach-vratislav-petracek,2026-03-23 17:30:00,Petr Bradach,Vratislav Petracek,https://scores24.live/en/table-tennis/23-03-2026-petr-bradach-vratislav-petracek
23-03-2026-skotnica-martin-grundel-matej,2026-03-23 17:30:00,Martin Skotnica,Matej Grundel,https://scores24.live/en/table-tennis/23-03-2026-skotnica-martin-grundel-matej
23-03-2026-jakub-tazler-daniel-tuma,2026-03-23 19:00:00,Jakub Tazler,Daniel Tuma,https://scores24.live/en/table-tennis/23-03-2026-jakub-tazler-daniel-tuma
23-03-2026-michal-vedmoch-jiri-plachy-1,2026-03-23 19:00:00,Michal Vedmoch,Jiri Plachy,https://scores24.live/en/table-tennis/23-03-2026-michal-vedmoch-jiri-plachy-1
23-03-2026-opralka-roman-marek-holub,2026-03-23 19:00:00,Roman Opralka,Marek Holub,https://scores24.live/en/table-tennis/23-03-2026-opralka-roman-marek-holub
23-03-2026-radomir-revay-radovan-polasek,2026-03-23 19:00:00,Radomir Revay,Radovan Polasek,https://scores24.live/en/table-tennis/23-03-2026-radomir-revay-radovan-polasek
23-03-2026-yirzhi-louda-karel-brozhik,2026-03-23 19:00:00,Yirzhi Louda,Karel Brozhik,https://scores24.live/en/table-tennis/23-03-2026-yirzhi-louda-karel-brozhik
23-03-2026-babinec-zdenek-michal-chalupa,2026-03-23 19:30:00,Zdenek Babinec,Michal Chalupa,https://scores24.live/en/table-tennis/23-03-2026-babinec-zdenek-michal-chalupa
23-03-2026-cabis-michal-tadeas-zika,2026-03-23 19:30:00,Michal Cabis,Tadeas Zika,https://scores24.live/en/table-tennis/23-03-2026-cabis-michal-tadeas-zika
23-03-2026-kasnik-sebastian-tomas-zahradnik,2026-03-23 19:30:00,Sebastian Kasnik,Tomas Zahradnik,https://scores24.live/en/table-tennis/23-03-2026-kasnik-sebastian-tomas-zahradnik
23-03-2026-tomas-dousa-jaroslav-prokupek,2026-03-23 19:30:00,Tomas Dousa,Jaroslav Prokupek,https://scores24.live/en/table-tennis/23-03-2026-tomas-dousa-jaroslav-prokupek
23-03-2026-tomas-dousa-nguyen-ba-hoang-tai,2026-03-23 19:30:00,Tomas Dousa,Ba Hoang Tai Nguyen,https://scores24.live/en/table-tennis/23-03-2026-tomas-dousa-nguyen-ba-hoang-tai
23-03-2026-tomas-vinter-jakub-hradecky,2026-03-23 19:30:00,Tomas Vinter,Jakub Hradecky,https://scores24.live/en/table-tennis/23-03-2026-tomas-vinter-jakub-hradecky
23-03-2026-daniel-tuma-tomas-vinter,2026-03-23 20:00:00,Daniel Tuma,Tomas Vinter,https://scores24.live/en/table-tennis/23-03-2026-daniel-tuma-tomas-vinter
23-03-2026-jiri-plachy-tomas-dousa,2026-03-23 20:00:00,Jiri Plachy,Tomas Dousa,https://scores24.live/en/table-tennis/23-03-2026-jiri-plachy-tomas-dousa
23-03-2026-karel-brozhik-kasnik-sebastian-1,2026-03-23 20:00:00,Karel Brozhik,Sebastian Kasnik,https://scores24.live/en/table-tennis/23-03-2026-karel-brozhik-kasnik-sebastian-1
23-03-2026-marek-holub-babinec-zdenek,2026-03-23 20:00:00,Marek Holub,Zdenek Babinec,https://scores24.live/en/table-tennis/23-03-2026-marek-holub-babinec-zdenek
23-03-2026-radovan-polasek-cabis-michal,2026-03-23 20:00:00,Radovan Polasek,Michal Cabis,https://scores24.live/en/table-tennis/23-03-2026-radovan-polasek-cabis-michal
23-03-2026-jakub-hradecky-jakub-tazler,2026-03-23 20:30:00,Jakub Hradecky,Jakub Tazler,https://scores24.live/en/table-tennis/23-03-2026-jakub-hradecky-jakub-tazler
23-03-2026-jaroslav-prokupek-michal-vedmoch,2026-03-23 20:30:00,Jaroslav Prokupek,Michal Vedmoch,https://scores24.live/en/table-tennis/23-03-2026-jaroslav-prokupek-michal-vedmoch
23-03-2026-michal-chalupa-opralka-roman,2026-03-23 20:30:00,Michal Chalupa,Roman Opralka,https://scores24.live/en/table-tennis/23-03-2026-michal-chalupa-opralka-roman
23-03-2026-nguyen-ba-hoang-tai-michal-vedmoch,2026-03-23 20:30:00,Ba Hoang Tai Nguyen,Michal Vedmoch,https://scores24.live/en/table-tennis/23-03-2026-nguyen-ba-hoang-tai-michal-vedmoch
23-03-2026-tadeas-zika-radomir-revay,2026-03-23 20:30:00,Tadeas Zika,Radomir Revay,https://scores24.live/en/table-tennis/23-03-2026-tadeas-zika-radomir-revay
23-03-2026-tomas-zahradnik-yirzhi-louda,2026-03-23 20:30:00,Tomas Zahradnik,Yirzhi Louda,https://scores24.live/en/table-tennis/23-03-2026-tomas-zahradnik-yirzhi-louda
23-03-2026-jakub-tazler-tomas-vinter,2026-03-23 21:00:00,Jakub Tazler,Tomas Vinter,https://scores24.live/en/table-tennis/23-03-2026-jakub-tazler-tomas-vinter
23-03-2026-michal-vedmoch-tomas-dousa,2026-03-23 21:00:00,Michal Vedmoch,Tomas Dousa,https://scores24.live/en/table-tennis/23-03-2026-michal-vedmoch-tomas-dousa
23-03-2026-opralka-roman-babinec-zdenek,2026-03-23 21:00:00,Roman Opralka,Zdenek Babinec,https://scores24.live/en/table-tennis/23-03-2026-opralka-roman-babinec-zdenek
23-03-2026-radomir-revay-cabis-michal,2026-03-23 21:00:00,Radomir Revay,Michal Cabis,https://scores24.live/en/table-tennis/23-03-2026-radomir-revay-cabis-michal
23-03-2026-yirzhi-louda-kasnik-sebastian,2026-03-23 21:00:00,Yirzhi Louda,Sebastian Kasnik,https://scores24.live/en/table-tennis/23-03-2026-yirzhi-louda-kasnik-sebastian
23-03-2026-daniel-tuma-jakub-hradecky,2026-03-23 21:30:00,Daniel Tuma,Jakub Hradecky,https://scores24.live/en/table-tennis/23-03-2026-daniel-tuma-jakub-hradecky
23-03-2026-jiri-plachy-jaroslav-prokupek,2026-03-23 21:30:00,Jiri Plachy,Jaroslav Prokupek,https://scores24.live/en/table-tennis/23-03-2026-jiri-plachy-jaroslav-prokupek
23-03-2026-jiri-plachy-nguyen-ba-hoang-tai,2026-03-23 21:30:00,Jiri Plachy,Ba Hoang Tai Nguyen,https://scores24.live/en/table-tennis/23-03-2026-jiri-plachy-nguyen-ba-hoang-tai
23-03-2026-karel-brozhik-tomas-zahradnik,2026-03-23 21:30:00,Karel Brozhik,Tomas Zahradnik,https://scores24.live/en/table-tennis/23-03-2026-karel-brozhik-tomas-zahradnik
23-03-2026-marek-holub-michal-chalupa,2026-03-23 21:30:00,Marek Holub,Michal Chalupa,https://scores24.live/en/table-tennis/23-03-2026-marek-holub-michal-chalupa
23-03-2026-radovan-polasek-tadeas-zika,2026-03-23 21:30:00,Radovan Polasek,Tadeas Zika,https://scores24.live/en/table-tennis/23-03-2026-radovan-polasek-tadeas-zika
23-03-2026-milan-klement-ondrej-svacha,2026-03-23 23:00:00,Milan Klement,Ondrej Svacha,https://scores24.live/en/table-tennis/23-03-2026-milan-klement-ondrej-svacha
23-03-2026-milan-kolar-tomas-regner,2026-03-23 23:00:00,Kolar Milan,Tomas Regner,https://scores24.live/en/table-tennis/23-03-2026-milan-kolar-tomas-regner
23-03-2026-ondrej-pastorek-martin-stefek,2026-03-23 23:00:00,Ondrej Pastorek,Martin Stefek,https://scores24.live/en/table-tennis/23-03-2026-ondrej-pastorek-martin-stefek
23-03-2026-alexander-mikuska-ondrej-kucirek,2026-03-23 23:30:00,Alexander Mikuska,Ondrej Kucirek,https://scores24.live/en/table-tennis/23-03-2026-alexander-mikuska-ondrej-kucirek
23-03-2026-kasnik-sebastian-viktor-vejvoda,2026-03-23 23:30:00,Sebastian Kasnik,Viktor Vejvoda,https://scores24.live/en/table-tennis/23-03-2026-kasnik-sebastian-viktor-vejvoda
23-03-2026-vaclav-dolezal-oleg-vitrovyj,2026-03-23 23:30:00,Vaclav Dolezal,Oleg Vitrovyj,https://scores24.live/en/table-tennis/23-03-2026-vaclav-dolezal-oleg-vitrovyj
24-03-2026-martin-stefek-jiri-havel,2026-03-24 00:00:00,Martin Stefek,Jiri Havel,https://scores24.live/en/table-tennis/24-03-2026-martin-stefek-jiri-havel
24-03-2026-ondrej-svacha-svechota-vojtech,2026-03-24 00:00:00,Ondrej Svacha,Vojtech Svechota,https://scores24.live/en/table-tennis/24-03-2026-ondrej-svacha-svechota-vojtech
24-03-2026-tomas-regner-lukas-babicka,2026-03-24 00:00:00,Tomas Regner,Lukas Babicka,https://scores24.live/en/table-tennis/24-03-2026-tomas-regner-lukas-babicka
24-03-2026-milan-klement-kasnik-sebastian,2026-03-24 00:30:00,Milan Klement,Sebastian Kasnik,https://scores24.live/en/table-tennis/24-03-2026-milan-klement-kasnik-sebastian
24-03-2026-milan-kolar-alexander-mikuska,2026-03-24 00:30:00,Kolar Milan,Alexander Mikuska,https://scores24.live/en/table-tennis/24-03-2026-milan-kolar-alexander-mikuska
24-03-2026-ondrej-pastorek-vaclav-dolezal,2026-03-24 00:30:00,Ondrej Pastorek,Vaclav Dolezal,https://scores24.live/en/table-tennis/24-03-2026-ondrej-pastorek-vaclav-dolezal
24-03-2026-jiri-havel-oleg-vitrovyj,2026-03-24 01:00:00,Jiri Havel,Oleg Vitrovyj,https://scores24.live/en/table-tennis/24-03-2026-jiri-havel-oleg-vitrovyj
24-03-2026-lukas-babicka-ondrej-kucirek,2026-03-24 01:00:00,Lukas Babicka,Ondrej Kucirek,https://scores24.live/en/table-tennis/24-03-2026-lukas-babicka-ondrej-kucirek
24-03-2026-svechota-vojtech-viktor-vejvoda,2026-03-24 01:00:00,Vojtech Svechota,Viktor Vejvoda,https://scores24.live/en/table-tennis/24-03-2026-svechota-vojtech-viktor-vejvoda
24-03-2026-martin-stefek-vaclav-dolezal,2026-03-24 01:30:00,Martin Stefek,Vaclav Dolezal,https://scores24.live/en/table-tennis/24-03-2026-martin-stefek-vaclav-dolezal
24-03-2026-ondrej-svacha-kasnik-sebastian,2026-03-24 01:30:00,Ondrej Svacha,Sebastian Kasnik,https://scores24.live/en/table-tennis/24-03-2026-ondrej-svacha-kasnik-sebastian
24-03-2026-tomas-regner-alexander-mikuska,2026-03-24 01:30:00,Tomas Regner,Alexander Mikuska,https://scores24.live/en/table-tennis/24-03-2026-tomas-regner-alexander-mikuska
24-03-2026-oleg-vitrovyj-ondrej-pastorek,2026-03-24 02:00:00,Oleg Vitrovyj,Ondrej Pastorek,https://scores24.live/en/table-tennis/24-03-2026-oleg-vitrovyj-ondrej-pastorek
24-03-2026-ondrej-kucirek-milan-kolar,2026-03-24 02:00:00,Ondrej Kucirek,Kolar Milan,https://scores24.live/en/table-tennis/24-03-2026-ondrej-kucirek-milan-kolar
24-03-2026-viktor-vejvoda-milan-klement,2026-03-24 02:00:00,Viktor Vejvoda,Milan Klement,https://scores24.live/en/table-tennis/24-03-2026-viktor-vejvoda-milan-klement
24-03-2026-alexander-mikuska-lukas-babicka,2026-03-24 02:30:00,Alexander Mikuska,Lukas Babicka,https://scores24.live/en/table-tennis/24-03-2026-alexander-mikuska-lukas-babicka
24-03-2026-kasnik-sebastian-svechota-vojtech,2026-03-24 02:30:00,Sebastian Kasnik,Vojtech Svechota,https://scores24.live/en/table-tennis/24-03-2026-kasnik-sebastian-svechota-vojtech
24-03-2026-vaclav-dolezal-jiri-havel,2026-03-24 02:30:00,Vaclav Dolezal,Jiri Havel,https://scores24.live/en/table-tennis/24-03-2026-vaclav-dolezal-jiri-havel
24-03-2026-oleg-vitrovyj-martin-stefek,2026-03-24 03:00:00,Oleg Vitrovyj,Martin Stefek,https://scores24.live/en/table-tennis/24-03-2026-oleg-vitrovyj-martin-stefek
24-03-2026-ondrej-kucirek-tomas-regner,2026-03-24 03:00:00,Ondrej Kucirek,Tomas Regner,https://scores24.live/en/table-tennis/24-03-2026-ondrej-kucirek-tomas-regner
24-03-2026-viktor-vejvoda-ondrej-svacha,2026-03-24 03:00:00,Viktor Vejvoda,Ondrej Svacha,https://scores24.live/en/table-tennis/24-03-2026-viktor-vejvoda-ondrej-svacha
24-03-2026-jiri-havel-ondrej-pastorek,2026-03-24 03:30:00,Jiri Havel,Ondrej Pastorek,https://scores24.live/en/table-tennis/24-03-2026-jiri-havel-ondrej-pastorek
24-03-2026-lukas-babicka-milan-kolar,2026-03-24 03:30:00,Lukas Babicka,Kolar Milan,https://scores24.live/en/table-tennis/24-03-2026-lukas-babicka-milan-kolar
24-03-2026-svechota-vojtech-milan-klement,2026-03-24 03:30:00,Vojtech Svechota,Milan Klement,https://scores24.live/en/table-tennis/24-03-2026-svechota-vojtech-milan-klement
