match_id,date,player1,player2
11622562,2026-03-20 17:05:00,Robert Szymik,Adam Ruszkiewicz
11622626,2026-03-20 17:10:00,Michal Krutak,Miroslaw Lewczuk
11622625,2026-03-20 17:20:00,Tomasz Pisarczyk,Jakub Wozniak
11622624,2026-03-20 17:30:00,Roman Wiza,Damian Fira
11622714,2026-03-20 17:35:00,Cezary Pawlik,Jakub Skorupa
11622713,2026-03-20 17:45:00,Dawid Kotwica,Jakub Wozniak
11622712,2026-03-20 17:55:00,Jakub Michalski,Rafal Adach
11622711,2026-03-20 18:00:00,Lukasz Pyda,Artur Kubiak
11622844,2026-03-20 18:10:00,Sebastian Baran,Tomasz Pisarczyk
11622843,2026-03-20 18:20:00,Robert Szymik,Damian Fira
11622842,2026-03-20 18:25:00,Michal Krutak,Cezary Pawlik
11622990,2026-03-20 18:35:00,Dawid Kotwica,Tomasz Pisarczyk
11622989,2026-03-20 18:40:00,Adam Ruszkiewicz,Rafal Adach
11622988,2026-03-20 18:50:00,Artur Kubiak,Miroslaw Lewczuk
11622987,2026-03-20 18:55:00,Jakub Wozniak,Sebastian Baran
11615074,2026-03-20 19:00:00,Jakub Kuzmicz,Marcin Marchlewski
11621021,2026-03-20 19:05:00,Adrian Eliasz,Dariusz Wrobel
11622986,2026-03-20 19:05:00,Roman Wiza,Jakub Michalski
11623076,2026-03-20 19:10:00,Lukasz Pyda,Jakub Skorupa
11623075,2026-03-20 19:20:00,Dawid Kotwica,Sebastian Baran
11620996,2026-03-20 19:25:00,Krystian Kolodziej,Marcin Marchlewski
11623378,2026-03-20 19:30:00,Damian Fira,Rafal Adach
11616766,2026-03-20 19:30:00,Adrian Fabis,Dariusz Wrobel
11623253,2026-03-20 19:35:00,Cezary Pawlik,Miroslaw Lewczuk
11623252,2026-03-20 19:45:00,Tomasz Pisarczyk,Jakub Wozniak
11615073,2026-03-20 19:50:00,Kacper Szurlej,Jakub Kuzmicz
11621241,2026-03-20 19:55:00,Kacper Marchlewski,Adrian Eliasz
11623377,2026-03-20 19:55:00,Robert Szymik,Jakub Michalski
11623251,2026-03-20 20:00:00,Michal Krutak,Lukasz Pyda
11623376,2026-03-20 20:10:00,Dawid Kotwica,Jakub Wozniak
11615072,2026-03-20 20:15:00,Krystian Kolodziej,Jakub Kuzmicz
11623375,2026-03-20 20:20:00,Adam Ruszkiewicz,Roman Wiza
11616765,2026-03-20 20:20:00,Adrian Fabis,Adrian Eliasz
11623374,2026-03-20 20:25:00,Artur Kubiak,Jakub Skorupa
11621431,2026-03-20 20:40:00,Marcin Marchlewski,Kacper Szurlej
11621006,2026-03-20 20:45:00,Dariusz Wrobel,Kacper Marchlewski
11623601,2026-03-20 20:45:00,Cezary Pawlik,Lukasz Pyda
11623600,2026-03-20 21:00:00,Dawid Kotwica,Tomasz Pisarczyk
11621696,2026-03-20 21:05:00,Krystian Kolodziej,Kacper Szurlej
11616764,2026-03-20 21:10:00,Adrian Fabis,Kacper Marchlewski
11623599,2026-03-20 21:10:00,Michal Krutak,Artur Kubiak
11623754,2026-03-20 21:25:00,Jakub Wozniak,Sebastian Baran
11615071,2026-03-20 21:30:00,Jakub Kuzmicz,Marcin Marchlewski
11620870,2026-03-20 21:35:00,Adrian Eliasz,Dariusz Wrobel
11616763,2026-03-20 22:00:00,Adrian Fabis,Dariusz Wrobel
11621136,2026-03-20 22:20:00,Kacper Marchlewski,Adrian Eliasz
11621598,2026-03-20 23:00:00,Dawid Poloszczanski,Arkadiusz Mugowski
11621973,2026-03-20 23:00:00,Jacek Przewlocki,Jakub Wozniak
11621105,2026-03-20 23:05:00,Grzegorz Poliniewicz,Filip Kujawa
11621516,2026-03-20 23:20:00,Karol Sulkowski,Szymon Skop
11621744,2026-03-20 23:25:00,Dawid Kotwica,Mateusz Trela
11621081,2026-03-20 23:30:00,Milosz Piecowski,Jakub Zochniak
11621394,2026-03-20 23:35:00,Grzegorz Sawicki,Rafal Idaczyk
11623547,2026-03-20 23:45:00,Dariusz Wrobel,Sebastian Baran
11621314,2026-03-20 23:50:00,Tadeusz Piotrowski,Piotr Strus
11621104,2026-03-20 23:55:00,Piotr Szafranek,Kamil Rudomina
11621464,2026-03-21 00:00:00,Adam Dosz,Adrian Spychala
11621464,2026-03-21 00:00:00,Adam Dosz,Adrian Spychala
11621094,2026-03-21 00:15:00,Grzegorz Poliniewicz,Milosz Piecowski
11621461,2026-03-21 00:20:00,Artur Daniel,Grzegorz Adamiak
11621432,2026-03-21 00:35:00,Kamil Rudomina,Filip Kujawa
11621472,2026-03-21 00:40:00,Martin Olejnik,Krzysztof Wloczko
11623546,2026-03-21 01:00:00,Dariusz Wrobel,Szymon Skop
11621093,2026-03-21 01:00:00,Piotr Szafranek,Jakub Zochniak
11621477,2026-03-21 01:05:00,Adam Dosz,Artur Daniel
11621103,2026-03-21 01:20:00,Milosz Piecowski,Filip Kujawa
11621446,2026-03-21 01:25:00,Krzysztof Wloczko,Adrian Spychala
11621262,2026-03-21 01:30:00,Daniel Morawiec,Jakub Pruszkowski
11621102,2026-03-21 01:45:00,Grzegorz Poliniewicz,Piotr Szafranek
11623545,2026-03-21 01:50:00,Dawid Poloszczanski,Dariusz Wrobel
11621463,2026-03-21 01:50:00,Martin Olejnik,Grzegorz Adamiak
11621101,2026-03-21 01:55:00,Lukasz Bernacki,Witold Buczynski
11621100,2026-03-21 02:10:00,Kamil Rudomina,Jakub Zochniak
11621447,2026-03-21 02:15:00,Artur Daniel,Adrian Spychala
11622683,2026-03-21 02:20:00,Oskar Jadach,Piotr Gumulinski
11621468,2026-03-21 02:35:00,Milosz Piecowski,Piotr Szafranek
11621457,2026-03-21 02:40:00,Adam Dosz,Martin Olejnik
11623544,2026-03-21 02:40:00,Karol Sulkowski,Dariusz Wrobel
11621489,2026-03-21 03:10:00,Grzegorz Poliniewicz,Kamil Rudomina
11621469,2026-03-21 03:15:00,Krzysztof Wloczko,Grzegorz Adamiak
11621439,2026-03-21 03:35:00,Jakub Zochniak,Filip Kujawa
11621470,2026-03-21 03:40:00,Artur Daniel,Martin Olejnik
11621440,2026-03-21 03:55:00,Milosz Piecowski,Kamil Rudomina
11621460,2026-03-21 04:00:00,Adam Dosz,Krzysztof Wloczko
11623543,2026-03-21 04:15:00,Dariusz Wrobel,Arkadiusz Mugowski
11621459,2026-03-21 04:20:00,Piotr Szafranek,Filip Kujawa
11621462,2026-03-21 04:25:00,Grzegorz Adamiak,Adrian Spychala
11621433,2026-03-21 04:45:00,Grzegorz Poliniewicz,Jakub Zochniak
11621474,2026-03-21 04:50:00,Artur Daniel,Krzysztof Wloczko
11621406,2026-03-21 05:00:00,Krzysztof Guminski,Mateusz Misiak
11621473,2026-03-21 05:05:00,Marcin Marchlewski,Piotr Szafranek
11621458,2026-03-21 05:10:00,Martin Olejnik,Adrian Spychala
11621972,2026-03-21 05:25:00,Jacek Przewlocki,Bartlomiej Wisniewski
11621465,2026-03-21 05:30:00,Grzegorz Poliniewicz,Karol Sulkowski
11621434,2026-03-21 05:35:00,Adam Dosz,Grzegorz Adamiak
11621407,2026-03-21 05:55:00,Bartosz Kwodawski,Jakub Witkowski
11621497,2026-03-21 06:00:00,Amirreza Abbasi,Martin Olejnik
11621435,2026-03-21 06:20:00,Marcin Marchlewski,Grzegorz Poliniewicz
11621466,2026-03-21 06:25:00,Adam Dosz,Grzegorz Adamiak
11621454,2026-03-21 06:40:00,Jakub Witkowski,Piotr Szafranek
11621490,2026-03-21 06:45:00,Amirreza Abbasi,Grzegorz Adamiak
11621448,2026-03-21 07:05:00,Bartosz Kwodawski,Karol Sulkowski
11621436,2026-03-21 07:10:00,Martin Olejnik,Adam Dosz
11621475,2026-03-21 07:30:00,Grzegorz Poliniewicz,Piotr Szafranek
11621471,2026-03-21 07:35:00,Amirreza Abbasi,Adam Dosz
11621449,2026-03-21 07:55:00,Marcin Marchlewski,Bartosz Kwodawski
11621450,2026-03-21 08:00:00,Grzegorz Adamiak,Martin Olejnik
11621662,2026-03-21 08:20:00,Jakub Witkowski,Karol Sulkowski
11621453,2026-03-21 08:25:00,Amirreza Abbasi,Martin Olejnik
11621557,2026-03-21 08:45:00,Grzegorz Poliniewicz,Bartosz Kwodawski
11621451,2026-03-21 08:50:00,Adam Dosz,Grzegorz Adamiak
11621634,2026-03-21 09:10:00,Marcin Marchlewski,Jakub Witkowski
11621467,2026-03-21 09:15:00,Amirreza Abbasi,Grzegorz Adamiak
11621663,2026-03-21 09:35:00,Karol Sulkowski,Piotr Szafranek
11621441,2026-03-21 09:40:00,Martin Olejnik,Adam Dosz
11621664,2026-03-21 10:00:00,Grzegorz Poliniewicz,Jakub Witkowski
11621476,2026-03-21 10:05:00,Amirreza Abbasi,Adam Dosz
11621665,2026-03-21 10:25:00,Bartosz Kwodawski,Piotr Szafranek
11621452,2026-03-21 10:30:00,Grzegorz Adamiak,Martin Olejnik
11621666,2026-03-21 10:45:00,Marcin Marchlewski,Karol Sulkowski
11621910,2026-03-21 11:00:00,Kacper Marchlewski,Blazej Warpas
11622148,2026-03-21 11:05:00,Adrian Eliasz,Bartosz Kwodawski
11621412,2026-03-21 11:25:00,Adam Kasperski,Jaroslaw Rolak
11621327,2026-03-21 11:30:00,Maciej Kolek,Bartosz Sulkowski
11621695,2026-03-21 12:00:00,Krystian Kolodziej,Kacper Szurlej
11621770,2026-03-21 12:00:00,Pawel Polanski,Zbigniew Nocun
11622147,2026-03-21 12:15:00,Kacper Marchlewski,Adam Kasperski
11622146,2026-03-21 12:20:00,Adrian Eliasz,Maciej Kolek
11621694,2026-03-21 12:25:00,Mateusz Rutkowski,Jakub Witkowski
11621909,2026-03-21 12:35:00,Bartlomiej Wisniewski,Blazej Warpas
11621890,2026-03-21 12:45:00,Rafal Utylski,Marcin Marchlewski
11621693,2026-03-21 13:05:00,Krystian Kolodziej,Mateusz Rutkowski
11621908,2026-03-21 13:20:00,Adam Kasperski,Blazej Warpas
11621793,2026-03-21 13:30:00,Marcin Marchlewski,Kacper Szurlej
11622145,2026-03-21 13:45:00,Kacper Marchlewski,Bartlomiej Mrugala
11622144,2026-03-21 13:50:00,Adrian Eliasz,Radoslaw Malinowski
11621889,2026-03-21 13:55:00,Rafal Utylski,Jakub Witkowski
11621692,2026-03-21 14:20:00,Mateusz Rutkowski,Kacper Szurlej
11621691,2026-03-21 14:40:00,Krystian Kolodziej,Rafal Utylski
11622143,2026-03-21 14:55:00,Kacper Marchlewski,Bartlomiej Wisniewski
11622142,2026-03-21 15:00:00,Adrian Eliasz,Krzysztof Guminski
11621888,2026-03-21 15:05:00,Marcin Marchlewski,Jakub Witkowski
11621907,2026-03-21 15:20:00,Jaroslaw Rolak,Blazej Warpas
11621690,2026-03-21 15:30:00,Mateusz Rutkowski,Rafal Utylski
11621687,2026-03-21 15:50:00,Krystian Kolodziej,Marcin Marchlewski
11621906,2026-03-21 16:05:00,Bartlomiej Mrugala,Blazej Warpas
11621792,2026-03-21 16:15:00,Jakub Witkowski,Kacper Szurlej
11622141,2026-03-21 16:30:00,Kacper Marchlewski,Jaroslaw Rolak
11622140,2026-03-21 16:35:00,Adrian Eliasz,Bartosz Sulkowski
11621686,2026-03-21 16:40:00,Mateusz Rutkowski,Marcin Marchlewski
11622139,2026-03-21 17:00:00,Kacper Marchlewski,Bartlomiej Mrugala
11622138,2026-03-21 17:05:00,Adrian Eliasz,Radoslaw Malinowski
11621791,2026-03-21 17:10:00,Rafal Utylski,Kacper Szurlej
11621685,2026-03-21 17:35:00,Krystian Kolodziej,Jakub Witkowski
11622137,2026-03-21 17:45:00,Kacper Marchlewski,Adam Kasperski
11622136,2026-03-21 17:50:00,Adrian Eliasz,Piotr Staniszewski
11621684,2026-03-21 17:55:00,Krystian Kolodziej,Rafal Utylski
11621790,2026-03-21 18:20:00,Jakub Witkowski,Kacper Szurlej
11622135,2026-03-21 18:35:00,Kacper Marchlewski,Jaroslaw Rolak
11622134,2026-03-21 18:40:00,Adrian Eliasz,Bartosz Sulkowski
11621683,2026-03-21 18:45:00,Krystian Kolodziej,Kacper Szurlej
11621887,2026-03-21 19:05:00,Rafal Utylski,Jakub Witkowski
11622133,2026-03-21 19:20:00,Kacper Marchlewski,Bartlomiej Mrugala
11622132,2026-03-21 19:25:00,Adrian Eliasz,Radoslaw Malinowski
11621682,2026-03-21 19:30:00,Krystian Kolodziej,Jakub Witkowski
11621789,2026-03-21 19:55:00,Kacper Szurlej,Rafal Utylski
11622131,2026-03-21 20:10:00,Kacper Marchlewski,Adam Kasperski
11622130,2026-03-21 20:15:00,Adrian Eliasz,Piotr Staniszewski
11621681,2026-03-21 20:20:00,Krystian Kolodziej,Rafal Utylski
11621788,2026-03-21 20:45:00,Jakub Witkowski,Kacper Szurlej
11622129,2026-03-21 21:00:00,Kacper Marchlewski,Jaroslaw Rolak
11622128,2026-03-21 21:05:00,Adrian Eliasz,Bartosz Sulkowski
11621680,2026-03-21 21:10:00,Krystian Kolodziej,Kacper Szurlej
11621886,2026-03-21 21:35:00,Rafal Utylski,Jakub Witkowski
11621679,2026-03-21 22:00:00,Krystian Kolodziej,Jakub Witkowski
11621787,2026-03-21 22:20:00,Kacper Szurlej,Rafal Utylski
