date,player1,player2
2026-01-01 00:00:00,Lukasz Jarocki,Martin Olejnik
2026-02-27 23:20:00,Jakub Michalski,Roman Wiza
2026-02-27 23:30:00,Piotr Strus,Milosz Kukawka
2026-02-27 23:40:00,Damian Fira,Mariusz Baron
2026-02-28 00:05:00,Pawel Slosarczyk,Wojciech Urban
2026-02-28 00:15:00,Krzysztof Kotyl,Milosz Kukawka
2026-02-28 00:25:00,Dariusz Wrobel,Michal Minda
2026-02-28 00:30:00,Patryk Jedrzejak,Witold Buczynski
2026-02-28 00:35:00,Wojciech Pytlas,Pawel Kurek
2026-02-28 00:40:00,Dawid Poloszczanski,Tadeusz Piotrowski
2026-02-28 00:50:00,Jakub Wozniak,Mateusz Trela
2026-02-28 01:05:00,Piotr Strus,Jacek Przewlocki
2026-02-28 01:10:00,Jakub Glanowski,Frantisek Krcil
2026-02-28 01:15:00,Sebastian Baran,Damian Wasilewski
2026-02-28 01:15:00,Grzegorz Poliniewicz,Adrian Spychala
2026-02-28 01:20:00,Sebastian Szostok,Lukasz Oracz
2026-02-28 01:25:00,Rafal Idaczyk,Michal Paszkiewicz
2026-02-28 01:30:00,Krzysztof Kotyl,Tadeusz Piotrowski
2026-02-28 01:35:00,Milosz Piecowski,Bartlomiej Mleczko
2026-02-28 01:40:00,Artur Gromek,Lukasz Jarocki
2026-02-28 01:40:00,Dariusz Wrobel,Mateusz Trela
2026-02-28 01:45:00,Wojciech Pytlas,Dawid Jedrysik
2026-02-28 01:45:00,Patryk Jedrzejak,Daniel Morawiec
2026-02-28 01:55:00,Dawid Poloszczanski,Piotr Strus
2026-02-28 02:05:00,Jakub Wozniak,Sebastian Baran
2026-02-28 02:10:00,Lukasz Oracz,Witold Buczynski
2026-02-28 02:10:00,Artur Szoltysek,Jakub Glanowski
2026-02-28 02:10:00,Wojciech Wojtaszczyk,Rafal Idaczyk
2026-02-28 02:15:00,Karol Wisniewski,Martin Olejnik
2026-02-28 02:20:00,Jacek Przewlocki,Milosz Kukawka
2026-02-28 02:30:00,Damian Wasilewski,Michal Minda
2026-02-28 02:35:00,Michal Paszkiewicz,Pawel Kurek
2026-02-28 02:35:00,Frantisek Krcil,Arkadiusz Mugowski
2026-02-28 02:40:00,Grzegorz Poliniewicz,Lukasz Jarocki
2026-02-28 02:45:00,Krzysztof Kotyl,Piotr Strus
2026-02-28 02:50:00,Dariusz Wrobel,Sebastian Baran
2026-02-28 02:55:00,Daniel Morawiec,Witold Buczynski
2026-02-28 02:55:00,Milosz Piecowski,Jakub Glanowski
2026-02-28 03:00:00,Artur Gromek,Karol Wisniewski
2026-02-28 03:00:00,Wojciech Pytlas,Rafal Idaczyk
2026-02-28 03:15:00,Mateusz Trela,Michal Minda
2026-02-28 03:20:00,Dawid Jedrysik,Pawel Kurek
2026-02-28 03:20:00,Patryk Jedrzejak,Sebastian Szostok
2026-02-28 03:20:00,Bartlomiej Mleczko,Arkadiusz Mugowski
2026-02-28 03:25:00,Martin Olejnik,Adrian Spychala
2026-02-28 03:45:00,Artur Szoltysek,Frantisek Krcil
2026-02-28 03:50:00,Grzegorz Poliniewicz,Karol Wisniewski
2026-02-28 04:00:00,Gracjan Kesik,Milosz Piecowski
2026-02-28 04:00:00,Tadeusz Piotrowski,Bartlomiej Wisniewski
2026-02-28 04:05:00,Bartlomiej Mleczko,Mikolaj Olejnik
2026-02-28 04:10:00,Lukasz Jarocki,Adrian Spychala
2026-02-28 04:20:00,Jakub Wozniak,Jakub Glanowski
2026-02-28 04:25:00,Dawid Poloszczanski,Rafal Stapor
2026-02-28 04:30:00,Artur Szoltysek,Bartosz Kwodawski
2026-02-28 04:35:00,Artur Gromek,Martin Olejnik
2026-02-28 04:45:00,Arkadiusz Mugowski,Damian Wasilewski
2026-02-28 04:55:00,Alan Wos,Frantisek Krcil
2026-02-28 05:00:00,Adrian Spychala,Karol Wisniewski
2026-02-28 05:20:00,Bartlomiej Mleczko,Artur Szoltysek
2026-02-28 05:25:00,Artur Gromek,Martin Olejnik
2026-02-28 05:30:00,Damian Wasilewski,Milosz Piecowski
2026-02-28 05:40:00,Frantisek Krcil,Mikolaj Olejnik
2026-02-28 05:45:00,Adrian Spychala,Martin Olejnik
2026-02-28 05:55:00,Arkadiusz Mugowski,Jakub Glanowski
2026-02-28 06:05:00,Alan Wos,Bartosz Kwodawski
2026-02-28 06:10:00,Karol Wisniewski,Artur Gromek
2026-02-28 06:20:00,Jakub Wozniak,Milosz Piecowski
2026-02-28 06:30:00,Artur Szoltysek,Mikolaj Olejnik
2026-02-28 06:35:00,Adrian Spychala,Artur Gromek
2026-02-28 06:45:00,Gracjan Kesik,Arkadiusz Mugowski
2026-02-28 06:55:00,Bartlomiej Mleczko,Alan Wos
2026-02-28 07:00:00,Martin Olejnik,Karol Wisniewski
2026-02-28 07:10:00,Damian Wasilewski,Jakub Glanowski
2026-02-28 07:20:00,Frantisek Krcil,Bartosz Kwodawski
2026-02-28 07:25:00,Adrian Spychala,Karol Wisniewski
2026-02-28 07:35:00,Jakub Wozniak,Arkadiusz Mugowski
2026-02-28 07:45:00,Artur Szoltysek,Alan Wos
2026-02-28 07:50:00,Artur Gromek,Martin Olejnik
2026-02-28 08:10:00,Bartlomiej Mleczko,Frantisek Krcil
2026-02-28 08:15:00,Adrian Spychala,Martin Olejnik
2026-02-28 08:25:00,Jakub Glanowski,Milosz Piecowski
2026-02-28 08:35:00,Bartosz Kwodawski,Mikolaj Olejnik
2026-02-28 08:40:00,Karol Wisniewski,Artur Gromek
2026-02-28 09:00:00,Artur Szoltysek,Frantisek Krcil
2026-02-28 09:05:00,Adrian Spychala,Artur Gromek
2026-02-28 09:15:00,Arkadiusz Mugowski,Milosz Piecowski
2026-02-28 09:25:00,Alan Wos,Mikolaj Olejnik
2026-02-28 09:30:00,Martin Olejnik,Karol Wisniewski
2026-02-28 09:35:00,Gracjan Kesik,Jakub Glanowski
2026-02-28 09:45:00,Bartlomiej Mleczko,Bartosz Kwodawski
2026-02-28 10:00:00,Adam Kasperski,Jacek Wieczerzak
2026-02-28 10:05:00,Jaroslaw Rolak,Mikolaj Olejnik
2026-02-28 10:10:00,Lukasz Pyda,Zbigniew Nocun
2026-02-28 10:25:00,Rafal Stapor,Rafal Glica
2026-02-28 10:30:00,Blazej Warpas,Dawid Kotwica
2026-02-28 10:50:00,Michal Wojewodka,Adrian Fabis
2026-02-28 10:55:00,Gracjan Kesik,Mateusz Misiak
2026-02-28 11:00:00,Mateusz Rutkowski,Wojciech Gronowski
2026-02-28 11:00:00,Jacek Oracz,Artur Kubiak
2026-02-28 11:25:00,Alan Wos,Michal Olbrycht
2026-02-28 11:35:00,Adrian Fabis,Jacek Wieczerzak
2026-02-28 11:45:00,Bartosz Kwodawski,Bartlomiej Mleczko
2026-02-28 11:55:00,Michal Wojewodka,Rafal Glica
2026-02-28 12:05:00,Mateusz Rutkowski,Alan Wos
2026-02-28 12:20:00,Rafal Stapor,Jacek Wieczerzak
2026-02-28 12:30:00,Bartlomiej Mleczko,Wojciech Gronowski
2026-02-28 12:45:00,Adam Kasperski,Michal Wojewodka
2026-02-28 12:55:00,Krzysztof Schaniel,Grzegorz Sawicki
2026-02-28 12:55:00,Bartosz Kwodawski,Michal Olbrycht
2026-02-28 13:10:00,Adrian Fabis,Rafal Glica
2026-02-28 13:20:00,Oliver Vincenec,Piotr Gumulinski
2026-02-28 13:20:00,Alan Wos,Wojciech Gronowski
2026-02-28 13:30:00,Rafal Stapor,Michal Wojewodka
2026-02-28 13:40:00,Mateusz Rutkowski,Bartosz Kwodawski
2026-02-28 14:05:00,Bartlomiej Mleczko,Michal Olbrycht
2026-02-28 14:20:00,Rafal Glica,Jacek Wieczerzak
2026-02-28 14:30:00,Alan Wos,Bartosz Kwodawski
2026-02-28 14:50:00,Mateusz Rutkowski,Bartlomiej Mleczko
2026-02-28 15:05:00,Michal Wojewodka,Jacek Wieczerzak
2026-02-28 15:15:00,Michal Olbrycht,Wojciech Gronowski
2026-02-28 15:30:00,Adam Kasperski,Rafal Glica
2026-02-28 15:40:00,Alan Wos,Bartlomiej Mleczko
2026-02-28 16:00:00,Adam Kasperski,Michal Wojewodka
2026-02-28 16:20:00,Rafal Glica,Jacek Wieczerzak
2026-02-28 16:35:00,Mateusz Rutkowski,Michal Olbrycht
2026-02-28 16:45:00,Adam Kasperski,Jacek Wieczerzak
2026-02-28 16:55:00,Mateusz Rutkowski,Wojciech Gronowski
2026-02-28 17:10:00,Michal Wojewodka,Rafal Glica
2026-02-28 17:20:00,Michal Olbrycht,Mateusz Misiak
2026-02-28 17:35:00,Adam Kasperski,Rafal Glica
2026-02-28 17:45:00,Mateusz Rutkowski,Mateusz Misiak
2026-02-28 17:55:00,Jacek Wieczerzak,Michal Wojewodka
2026-02-28 18:05:00,Wojciech Gronowski,Michal Olbrycht
2026-02-28 18:20:00,Adam Kasperski,Michal Wojewodka
2026-02-28 18:30:00,Mateusz Rutkowski,Michal Olbrycht
2026-02-28 18:45:00,Rafal Glica,Jacek Wieczerzak
2026-02-28 19:10:00,Adam Kasperski,Jacek Wieczerzak
2026-02-28 19:20:00,Mateusz Rutkowski,Wojciech Gronowski
2026-02-28 19:35:00,Michal Wojewodka,Rafal Glica
2026-02-28 19:45:00,Michal Olbrycht,Mateusz Misiak
2026-02-28 20:00:00,Adam Kasperski,Rafal Glica
2026-02-28 20:10:00,Mateusz Rutkowski,Mateusz Misiak
2026-02-28 20:25:00,Jacek Wieczerzak,Michal Wojewodka
2026-02-28 20:35:00,Wojciech Gronowski,Michal Olbrycht
2026-02-28 21:00:00,Mateusz Rutkowski,Michal Olbrycht
