match_id,date,player1,player2,sets1,sets2
11507834,2026-02-27T03:20:00Z,Kamil Klocek,Milosz Kukawka,1,3
11507981,2026-02-27T03:00:00Z,Kuba Golaszewski,Jaroslaw Rolak,3,1
11512635,2026-02-27T02:35:00Z,Milosz Kukawka,Jaroslaw Rolak,3,1
11510975,2026-02-27T02:30:00Z,Maciej Kolek,Krzysztof Kapik,1,3
11507835,2026-02-27T02:10:00Z,Kuba Golaszewski,Kamil Klocek,3,0
11507418,2026-02-27T02:05:00Z,Patryk Jendrzejewski,Jakub Witkowski,3,2
11514269,2026-02-27T02:00:00Z,Blazej Warpas,Maciej Sinicki,3,0
11514411,2026-02-27T02:00:00Z,Pawel Polanski,Zbigniew Nocun,3,2
11514270,2026-02-27T01:45:00Z,Mariusz Koczyba,Marian Lebek,3,0
11507836,2026-02-27T01:45:00Z,Jaroslaw Rolak,Kamil Klocek,3,1
11510964,2026-02-27T01:40:00Z,Krzysztof Kapik,Jakub Witkowski,2,3
11514412,2026-02-27T01:40:00Z,Jerzy Michalik,Jacek Zelezik,1,3
11514210,2026-02-27T01:35:00Z,Mateusz Misiak,Maciej Sinicki,3,0
11514174,2026-02-27T01:25:00Z,Kacper Adamus,Jakub Kaczmarek,2,3
11507982,2026-02-27T01:20:00Z,Kuba Golaszewski,Milosz Kukawka,0,3
11514413,2026-02-27T01:20:00Z,Dawid Pyrek,Pawel Polanski,3,1
11507419,2026-02-27T01:15:00Z,Patryk Jendrzejewski,Maciej Kolek,3,1
11514271,2026-02-27T01:10:00Z,Blazej Warpas,Jakub Zochniak,2,3
11514416,2026-02-27T01:00:00Z,Aleksander Szydlo,Marian Lebek,0,3
11514346,2026-02-27T00:55:00Z,Jacek Zelezik,Adam Staniczek,2,3
11507837,2026-02-27T00:55:00Z,Kamil Klocek,Milosz Kukawka,0,3
11511015,2026-02-27T00:50:00Z,Jakub Witkowski,Maciej Kolek,1,3
11514115,2026-02-27T00:45:00Z,Maciej Sinicki,Jakub Zochniak,1,3
11514019,2026-02-27T00:35:00Z,Mariusz Koczyba,Jakub Pruszkowski,2,3
11507983,2026-02-27T00:30:00Z,Kuba Golaszewski,Jaroslaw Rolak,3,2
11505997,2026-02-27T00:30:00Z,Jerzy Michalik,Zbigniew Nocun,0,3
11507420,2026-02-27T00:25:00Z,Patryk Jendrzejewski,Krzysztof Kapik,0,3
11514061,2026-02-27T00:20:00Z,Blazej Warpas,Mateusz Misiak,2,3
11513822,2026-02-27T00:10:00Z,Marian Lebek,Jakub Kaczmarek,3,0
11510972,2026-02-27T00:05:00Z,Milosz Kukawka,Jaroslaw Rolak,0,3
11510972,2026-02-27T00:05:00Z,Milosz Kukawka,Jaroslaw Rolak,0,3
11510976,2026-02-27T00:00:00Z,Maciej Kolek,Krzysztof Kapik,2,3
11513824,2026-02-26T23:55:00Z,Jakub Zochniak,Mateusz Misiak,3,0
11513825,2026-02-26T23:50:00Z,Kacper Adamus,Jakub Pruszkowski,3,2
11507838,2026-02-26T23:45:00Z,Kuba Golaszewski,Kamil Klocek,0,3
11513636,2026-02-26T23:40:00Z,Dawid Pyrek,Zbigniew Nocun,0,3
11507421,2026-02-26T23:40:00Z,Patryk Jendrzejewski,Jakub Witkowski,1,3
11514116,2026-02-26T23:35:00Z,Blazej Warpas,Maciej Sinicki,3,0
11514127,2026-02-26T23:25:00Z,Aleksander Szydlo,Mariusz Koczyba,0,3
11507839,2026-02-26T23:20:00Z,Jaroslaw Rolak,Kamil Klocek,0,3
11513582,2026-02-26T23:20:00Z,Jacek Zelezik,Dariusz Molenda,0,3
11510969,2026-02-26T23:15:00Z,Krzysztof Kapik,Jakub Witkowski,3,0
11513583,2026-02-26T23:10:00Z,Mateusz Misiak,Maciej Sinicki,3,2
11510945,2026-02-26T23:00:00Z,Marian Lebek,Kacper Adamus,3,0
11513584,2026-02-26T22:55:00Z,Adam Staniczek,Zbigniew Nocun,2,3
11507984,2026-02-26T22:55:00Z,Kuba Golaszewski,Milosz Kukawka,1,3
11507422,2026-02-26T22:50:00Z,Patryk Jendrzejewski,Maciej Kolek,1,3
11514125,2026-02-26T22:45:00Z,Blazej Warpas,Jakub Zochniak,0,3
11507985,2026-02-26T22:35:00Z,Kuba Golaszewski,Jaroslaw Rolak,0,3
11513353,2026-02-26T22:35:00Z,Mariusz Koczyba,Jakub Kaczmarek,3,2
11513354,2026-02-26T22:30:00Z,Pawel Polanski,Dariusz Molenda,3,2
11509414,2026-02-26T22:30:00Z,Jakub Witkowski,Maciej Kolek,3,1
11509116,2026-02-26T22:20:00Z,Maciej Sinicki,Jakub Zochniak,0,3
11506695,2026-02-26T22:10:00Z,Aleksander Szydlo,Jakub Pruszkowski,0,3
11507840,2026-02-26T22:10:00Z,Marcin Kowalczyk,Milosz Kukawka,0,3
11513091,2026-02-26T22:05:00Z,Jacek Zelezik,Dawid Pyrek,3,2
11507423,2026-02-26T22:05:00Z,Patryk Jendrzejewski,Krzysztof Kapik,3,1
11510042,2026-02-26T22:00:00Z,Blazej Warpas,Mateusz Misiak,1,3
11513093,2026-02-26T21:45:00Z,Dariusz Molenda,Adam Staniczek,3,0
11513092,2026-02-26T21:45:00Z,Kacper Adamus,Jakub Kaczmarek,3,1
11507986,2026-02-26T21:40:00Z,Bartlomiej Mrugala,Piotr Strus,1,3
11507424,2026-02-26T21:35:00Z,Patryk Jendrzejewski,Jakub Witkowski,2,3
11513501,2026-02-26T21:30:00Z,Blazej Warpas,Maciej Sinicki,1,3
11512972,2026-02-26T21:20:00Z,Piotr Kaczynski,Wojciech Pytlas,3,2
11512973,2026-02-26T21:20:00Z,Pawel Polanski,Dawid Pyrek,1,3
11510968,2026-02-26T21:15:00Z,Jaroslaw Rolak,Milosz Kukawka,0,3
11509254,2026-02-26T21:10:00Z,Krzysztof Kapik,Mateusz Rutkowski,3,2
11513522,2026-02-26T21:05:00Z,Waclaw Suchecki,Bartosz Sulkowski,1,3
11512974,2026-02-26T21:00:00Z,Mariusz Koczyba,Pawel Gasiorski,1,3
11512975,2026-02-26T20:55:00Z,Jacek Zelezik,Zbigniew Nocun,0,3
11507987,2026-02-26T20:50:00Z,Kuba Golaszewski,Piotr Strus,1,3
11507552,2026-02-26T20:45:00Z,Maciej Domin,Krystian Kolodziej,0,3
11512745,2026-02-26T20:40:00Z,Adam Linek,Wojciech Gluszek,3,2
11512746,2026-02-26T20:35:00Z,Jakub Kaczmarek,Wojciech Pytlas,3,0
11507841,2026-02-26T20:30:00Z,Bartlomiej Mrugala,Marcin Kowalczyk,2,3
11512747,2026-02-26T20:30:00Z,Dawid Pyrek,Adam Staniczek,3,0
11509255,2026-02-26T20:25:00Z,Jakub Witkowski,Mateusz Rutkowski,1,3
11512748,2026-02-26T20:20:00Z,Maciej Sinicki,Bartosz Sulkowski,3,1
11512750,2026-02-26T20:10:00Z,Dariusz Molenda,Zbigniew Nocun,3,0
11512749,2026-02-26T20:10:00Z,Kacper Adamus,Pawel Gasiorski,0,3
11510974,2026-02-26T20:05:00Z,Piotr Strus,Jaroslaw Rolak,3,0
11507425,2026-02-26T20:00:00Z,Patryk Jendrzejewski,Krystian Kolodziej,3,2
11512751,2026-02-26T19:55:00Z,Blazej Warpas,Wojciech Gluszek,0,3
11512752,2026-02-26T19:45:00Z,Mariusz Koczyba,Piotr Kaczynski,2,3
11512753,2026-02-26T19:45:00Z,Pawel Polanski,Jacek Zelezik,3,0
11507842,2026-02-26T19:40:00Z,Kuba Golaszewski,Marcin Kowalczyk,0,3
11510949,2026-02-26T19:35:00Z,Maciej Domin,Krzysztof Kapik,3,2
11512636,2026-02-26T19:30:00Z,Adam Linek,Waclaw Suchecki,2,3
11512595,2026-02-26T19:25:00Z,Pawel Gasiorski,Jakub Kaczmarek,3,2
11507988,2026-02-26T19:20:00Z,Bartlomiej Mrugala,Milosz Kukawka,1,3
11507554,2026-02-26T19:15:00Z,Krystian Kolodziej,Jakub Witkowski,3,0
11512596,2026-02-26T19:10:00Z,Wojciech Gluszek,Maciej Sinicki,3,2
11512597,2026-02-26T19:00:00Z,Kacper Adamus,Piotr Kaczynski,3,1
11512598,2026-02-26T18:55:00Z,Jacek Zelezik,Adam Staniczek,3,2
11507843,2026-02-26T18:55:00Z,Marcin Kowalczyk,Jaroslaw Rolak,3,0
11507426,2026-02-26T18:50:00Z,Patryk Jendrzejewski,Krzysztof Kapik,1,3
11512994,2026-02-26T18:45:00Z,Blazej Warpas,Waclaw Suchecki,3,0
11512264,2026-02-26T18:35:00Z,Mariusz Koczyba,Wojciech Pytlas,1,3
11510380,2026-02-26T18:30:00Z,Pawel Polanski,Zbigniew Nocun,1,3
11510967,2026-02-26T18:30:00Z,Piotr Strus,Milosz Kukawka,1,3
11509256,2026-02-26T18:25:00Z,Maciej Domin,Mateusz Rutkowski,3,0
11512265,2026-02-26T18:20:00Z,Adam Linek,Bartosz Sulkowski,2,3
11512266,2026-02-26T18:10:00Z,Piotr Kaczynski,Jakub Kaczmarek,2,3
11512267,2026-02-26T18:05:00Z,Lukasz Oracz,Krzysztof Hetnar,1,3
11507989,2026-02-26T18:05:00Z,Kuba Golaszewski,Bartlomiej Mrugala,0,3
11510965,2026-02-26T18:00:00Z,Krzysztof Kapik,Jakub Witkowski,0,3
11512268,2026-02-26T17:55:00Z,Waclaw Suchecki,Maciej Sinicki,1,3
11512269,2026-02-26T17:50:00Z,Pawel Gasiorski,Wojciech Pytlas,1,3
11505948,2026-02-26T17:45:00Z,Marcin Kowalczyk,Piotr Strus,3,0
11512178,2026-02-26T17:40:00Z,Karol Jablonski,Krzysztof Schaniel,0,3
11507555,2026-02-26T17:40:00Z,Krystian Kolodziej,Mateusz Rutkowski,3,1
11511948,2026-02-26T17:35:00Z,Wojciech Gluszek,Bartosz Sulkowski,0,3
11511949,2026-02-26T17:25:00Z,Kacper Adamus,Mariusz Koczyba,3,0
11505989,2026-02-26T17:25:00Z,Bartlomiej Mrugala,Jaroslaw Rolak,1,3
11507427,2026-02-26T17:20:00Z,Patryk Jendrzejewski,Maciej Domin,2,3
11511950,2026-02-26T17:20:00Z,Waldemar Glanowski,Witold Buczynski,0,3
11511810,2026-02-26T17:15:00Z,Blazej Warpas,Adam Linek,0,3
11511811,2026-02-26T17:00:00Z,Piotr Kaczynski,Pawel Gasiorski,3,2
11505927,2026-02-26T17:00:00Z,Kuba Golaszewski,Milosz Kukawka,3,2
11507556,2026-02-26T16:55:00Z,Krzysztof Kapik,Krystian Kolodziej,1,3
11511813,2026-02-26T16:50:00Z,Waclaw Suchecki,Wojciech Gluszek,1,3
11509117,2026-02-26T16:35:00Z,Mariusz Koczyba,Jakub Kaczmarek,3,2
11506138,2026-02-26T16:35:00Z,Petr David,Lukasz Jarocki,2,3
11510973,2026-02-26T16:30:00Z,Maciej Domin,Jakub Witkowski,3,0
11511669,2026-02-26T16:30:00Z,Lukasz Oracz,Witold Buczynski,2,3
11511670,2026-02-26T16:25:00Z,Adam Linek,Maciej Sinicki,2,3
11509134,2026-02-26T16:10:00Z,Josef Braun,Michal Murawski,2,3
11508203,2026-02-26T16:10:00Z,Kacper Adamus,Wojciech Pytlas,0,3
11507428,2026-02-26T16:05:00Z,Patryk Jendrzejewski,Mateusz Rutkowski,3,1
11511776,2026-02-26T16:05:00Z,Waldemar Glanowski,Karol Jablonski,3,0
11505985,2026-02-26T16:00:00Z,Blazej Warpas,Bartosz Sulkowski,3,1
11507499,2026-02-26T15:50:00Z,Grzegorz Felkel,Marcin Jadczyk,0,3
11511579,2026-02-26T15:45:00Z,Witold Buczynski,Krzysztof Hetnar,0,3
11506650,2026-02-26T15:45:00Z,Maciej Domin,Jakub Witkowski,3,0
11511485,2026-02-26T15:40:00Z,Mateusz Zagajewski,Adam Linek,3,0
11507990,2026-02-26T15:35:00Z,Bartlomiej Mrugala,Wojciech Gluszek,2,3
11506137,2026-02-26T15:30:00Z,Lukasz Jarocki,Michal Murawski,1,3
11510077,2026-02-26T15:25:00Z,Artur Gromek,Jakub Kuzmicz,3,2
11510078,2026-02-26T15:20:00Z,Grzegorz Poliniewicz,Karol Sulkowski,3,1
11511777,2026-02-26T15:20:00Z,Lukasz Oracz,Karol Jablonski,1,3
11511406,2026-02-26T15:15:00Z,Waclaw Suchecki,Bartlomiej Wisniewski,0,3
11508801,2026-02-26T15:05:00Z,Petr David,Marcin Jadczyk,3,1
11508145,2026-02-26T15:00:00Z,Adrian Spychala,Karol Wisniewski,0,3
11511408,2026-02-26T14:55:00Z,Arkadiusz Mugowski,Igor Dabrowski,1,3
11511407,2026-02-26T14:55:00Z,Waldemar Glanowski,Krzysztof Schaniel,0,3
11511410,2026-02-26T14:50:00Z,Michal Skorski,Miroslaw Piecowski,0,3
11507503,2026-02-26T14:40:00Z,Grzegorz Felkel,Josef Braun,3,1
11506664,2026-02-26T14:35:00Z,Jakub Witkowski,Jakub Kuzmicz,1,3
11511682,2026-02-26T14:30:00Z,Karol Jablonski,Krzysztof Hetnar,1,3
11511265,2026-02-26T14:30:00Z,Adam Linek,Karol Sulkowski,3,1
11511266,2026-02-26T14:25:00Z,Wojciech Gluszek,Bartlomiej Wisniewski,3,0
11506141,2026-02-26T14:15:00Z,Marcin Jadczyk,Lukasz Jarocki,2,3
11511189,2026-02-26T14:10:00Z,Witold Buczynski,Krzysztof Schaniel,0,3
11506644,2026-02-26T14:10:00Z,Maciej Domin,Karol Wisniewski,1,3
11511190,2026-02-26T14:05:00Z,Mateusz Zagajewski,Igor Dabrowski,3,0
11507991,2026-02-26T14:00:00Z,Bartlomiej Mrugala,Miroslaw Piecowski,3,2
11508342,2026-02-26T13:50:00Z,Petr David,Josef Braun,2,3
11511191,2026-02-26T13:45:00Z,Lukasz Oracz,Waldemar Glanowski,3,2
11510045,2026-02-26T13:45:00Z,Adrian Spychala,Artur Gromek,0,3
11510079,2026-02-26T13:40:00Z,Arkadiusz Mugowski,Grzegorz Poliniewicz,0,3
11511608,2026-02-26T13:35:00Z,Michal Skorski,Waclaw Suchecki,3,1
11507496,2026-02-26T13:25:00Z,Grzegorz Felkel,Michal Murawski,3,1
11506659,2026-02-26T13:20:00Z,Karol Wisniewski,Jakub Witkowski,3,2
11511219,2026-02-26T13:20:00Z,Karol Jablonski,Witold Buczynski,3,0
11511062,2026-02-26T13:15:00Z,Igor Dabrowski,Adam Linek,1,3
11511063,2026-02-26T13:10:00Z,Miroslaw Piecowski,Wojciech Gluszek,3,1
11506144,2026-02-26T13:00:00Z,Josef Braun,Lukasz Jarocki,3,1
11510650,2026-02-26T12:55:00Z,Maciej Domin,Artur Gromek,3,1
11511064,2026-02-26T12:55:00Z,Waldemar Glanowski,Krzysztof Hetnar,0,3
11510080,2026-02-26T12:50:00Z,Mateusz Zagajewski,Grzegorz Poliniewicz,3,2
11507992,2026-02-26T12:45:00Z,Bartlomiej Mrugala,Waclaw Suchecki,3,2
11506676,2026-02-26T12:35:00Z,Marcin Jadczyk,Michal Murawski,3,0
11510046,2026-02-26T12:30:00Z,Adrian Spychala,Jakub Kuzmicz,2,3
11511065,2026-02-26T12:30:00Z,Lukasz Oracz,Krzysztof Schaniel,3,2
11511066,2026-02-26T12:25:00Z,Arkadiusz Mugowski,Karol Sulkowski,3,2
11511045,2026-02-26T12:20:00Z,Michal Skorski,Bartlomiej Wisniewski,3,1
11506638,2026-02-26T12:10:00Z,Petr David,Grzegorz Felkel,1,3
11511046,2026-02-26T12:05:00Z,Witold Buczynski,Krzysztof Hetnar,3,0
11510651,2026-02-26T12:05:00Z,Artur Gromek,Jakub Witkowski,3,0
11510081,2026-02-26T12:00:00Z,Grzegorz Poliniewicz,Adam Linek,3,2
11511038,2026-02-26T11:55:00Z,Waclaw Suchecki,Wojciech Gluszek,1,3
11506658,2026-02-26T11:45:00Z,Josef Braun,Marcin Jadczyk,2,3
11511067,2026-02-26T11:40:00Z,Karol Jablonski,Krzysztof Schaniel,2,3
11506645,2026-02-26T11:40:00Z,Karol Wisniewski,Jakub Kuzmicz,1,3
11511047,2026-02-26T11:35:00Z,Igor Dabrowski,Karol Sulkowski,3,0
11511039,2026-02-26T11:30:00Z,Miroslaw Piecowski,Bartlomiej Wisniewski,0,3
11506143,2026-02-26T11:25:00Z,Grzegorz Felkel,Lukasz Jarocki,3,0
11506642,2026-02-26T11:20:00Z,Maciej Domin,Adrian Spychala,3,0
11511049,2026-02-26T11:20:00Z,Waldemar Glanowski,Lukasz Oracz,3,1
11510864,2026-02-26T11:10:00Z,Mateusz Zagajewski,Arkadiusz Mugowski,1,3
11507993,2026-02-26T11:05:00Z,Bartlomiej Mrugala,Michal Skorski,1,3
11508146,2026-02-26T11:00:00Z,Petr David,Michal Murawski,3,0
11510047,2026-02-26T10:55:00Z,Artur Gromek,Karol Wisniewski,2,3
11510739,2026-02-26T10:55:00Z,Krzysztof Hetnar,Krzysztof Schaniel,3,2
11510082,2026-02-26T10:50:00Z,Grzegorz Poliniewicz,Igor Dabrowski,3,1
11509112,2026-02-26T10:45:00Z,Waclaw Suchecki,Miroslaw Piecowski,0,3
11506656,2026-02-26T10:35:00Z,Grzegorz Felkel,Josef Braun,3,0
11510547,2026-02-26T10:30:00Z,Witold Buczynski,Lukasz Oracz,3,1
11506649,2026-02-26T10:30:00Z,Adrian Spychala,Jakub Witkowski,3,1
11510043,2026-02-26T10:25:00Z,Arkadiusz Mugowski,Adam Linek,3,0
11505938,2026-02-26T10:20:00Z,Michal Skorski,Wojciech Gluszek,0,3
11506643,2026-02-26T10:10:00Z,Petr David,Michal Murawski,1,3
11510946,2026-02-26T10:05:00Z,Waldemar Glanowski,Karol Jablonski,3,0
11506657,2026-02-26T10:05:00Z,Maciej Domin,Jakub Kuzmicz,1,3
11510548,2026-02-26T10:00:00Z,Mateusz Zagajewski,Karol Sulkowski,1,3
11506829,2026-02-26T10:00:00Z,Bartlomiej Mrugala,Bartlomiej Wisniewski,1,3
11510255,2026-02-26T09:50:00Z,Artur Gromek,Marcin Jadczyk,0,3
11510550,2026-02-26T09:45:00Z,Lukasz Oracz,Krzysztof Hetnar,3,2
11510549,2026-02-26T09:45:00Z,Jakub Kaczmarek,Jakub Michalski,3,1
11506647,2026-02-26T09:45:00Z,Adrian Spychala,Grzegorz Poliniewicz,3,0
11510551,2026-02-26T09:35:00Z,Arkadiusz Mugowski,Igor Dabrowski,3,1
11506653,2026-02-26T09:25:00Z,Josef Braun,Michal Murawski,3,0
11510553,2026-02-26T09:20:00Z,Witold Buczynski,Karol Jablonski,3,2
11510552,2026-02-26T09:20:00Z,Adrian Burkacki,Jakub Nowak,2,3
11506150,2026-02-26T09:20:00Z,Lukasz Jarocki,Karol Wisniewski,3,2
11510554,2026-02-26T09:10:00Z,Mateusz Zagajewski,Karol Sulkowski,3,1
11506648,2026-02-26T09:00:00Z,Grzegorz Felkel,Marcin Jadczyk,0,3
11510555,2026-02-26T09:00:00Z,Rafal Idaczyk,Marian Lebek,3,0
11506655,2026-02-26T08:55:00Z,Jakub Kuzmicz,Maciej Nowalinski,0,3
11510556,2026-02-26T08:55:00Z,Waldemar Glanowski,Krzysztof Schaniel,1,3
11510557,2026-02-26T08:45:00Z,Michal Minda,Krzysztof Kotyl,3,2
11510256,2026-02-26T08:40:00Z,Artur Gromek,Petr David,0,3
11510558,2026-02-26T08:35:00Z,Jakub Michalski,Jakub Nowak,1,3
11506652,2026-02-26T08:35:00Z,Grzegorz Poliniewicz,Karol Wisniewski,1,3
11510559,2026-02-26T08:30:00Z,Michal Skorski,Miroslaw Piecowski,3,1
11510469,2026-02-26T08:30:00Z,Karol Jablonski,Krzysztof Hetnar,3,2
11510560,2026-02-26T08:20:00Z,Igor Dabrowski,Karol Sulkowski,3,0
11506637,2026-02-26T08:15:00Z,Marcin Jadczyk,Josef Braun,2,3
11510205,2026-02-26T08:10:00Z,Jakub Kaczmarek,Marian Lebek,2,3
11506654,2026-02-26T08:10:00Z,Adrian Spychala,Maciej Nowalinski,3,2
11510206,2026-02-26T08:10:00Z,Lukasz Oracz,Krzysztof Schaniel,3,0
11510561,2026-02-26T08:05:00Z,Mikolaj Lukaszewski,Rafal Stapor,3,0
11510207,2026-02-26T07:55:00Z,Arkadiusz Mugowski,Krzysztof Kotyl,0,3
11510209,2026-02-26T07:45:00Z,Witold Buczynski,Waldemar Glanowski,0,3
11510208,2026-02-26T07:45:00Z,Rafal Idaczyk,Adrian Burkacki,3,2
11510210,2026-02-26T07:40:00Z,Miroslaw Piecowski,Rafal Stapor,1,3
11507511,2026-02-26T07:40:00Z,Grzegorz Felkel,Petr David,3,2
11506140,2026-02-26T07:35:00Z,Jakub Kuzmicz,Lukasz Jarocki,2,3
11510211,2026-02-26T07:30:00Z,Michal Minda,Mateusz Zagajewski,3,0
11510212,2026-02-26T07:25:00Z,Marian Lebek,Jakub Michalski,3,2
11506894,2026-02-26T07:20:00Z,Karol Jablonski,Lukasz Oracz,1,3
11510213,2026-02-26T07:15:00Z,Mikolaj Lukaszewski,Michal Skorski,3,0
11510150,2026-02-26T07:15:00Z,Artur Gromek,Michal Murawski,0,3
11506646,2026-02-26T07:10:00Z,Maciej Nowalinski,Grzegorz Poliniewicz,1,3
11510214,2026-02-26T07:05:00Z,Krzysztof Kotyl,Igor Dabrowski,2,3
11510215,2026-02-26T07:00:00Z,Jakub Kaczmarek,Adrian Burkacki,2,3
11505939,2026-02-26T06:55:00Z,Waldemar Glanowski,Krzysztof Hetnar,1,3
11510216,2026-02-26T06:50:00Z,Rafal Stapor,Michal Skorski,2,3
11505998,2026-02-26T06:50:00Z,Petr David,Josef Braun,3,0
11506139,2026-02-26T06:45:00Z,Adrian Spychala,Lukasz Jarocki,1,3
11510084,2026-02-26T06:40:00Z,Arkadiusz Mugowski,Mateusz Zagajewski,2,3
11510085,2026-02-26T06:35:00Z,Rafal Idaczyk,Jakub Nowak,3,1
11506021,2026-02-26T06:30:00Z,Witold Buczynski,Krzysztof Schaniel,0,3
11510086,2026-02-26T06:25:00Z,Mikolaj Lukaszewski,Miroslaw Piecowski,1,3
11505999,2026-02-26T06:25:00Z,Marcin Jadczyk,Michal Murawski,2,3
11506000,2026-02-26T06:20:00Z,Jakub Kuzmicz,Karol Wisniewski,1,3
11510087,2026-02-26T06:15:00Z,Michal Minda,Karol Sulkowski,2,3
11510088,2026-02-26T06:10:00Z,Adrian Burkacki,Jakub Michalski,0,3
11510151,2026-02-26T06:05:00Z,Grzegorz Felkel,Artur Gromek,3,0
11510099,2026-02-26T06:05:00Z,Witold Stechly,Miroslaw Warzecha,0,3
11506136,2026-02-26T06:00:00Z,Lukasz Jarocki,Grzegorz Poliniewicz,2,3
11510089,2026-02-26T06:00:00Z,Michal Skorski,Miroslaw Piecowski,2,3
11510090,2026-02-26T05:55:00Z,Mateusz Zagajewski,Igor Dabrowski,3,1
11510091,2026-02-26T05:50:00Z,Marian Lebek,Jakub Nowak,3,0
11506001,2026-02-26T05:40:00Z,Petr David,Marcin Jadczyk,3,0
11510100,2026-02-26T05:40:00Z,Pawel Polanski,Zbigniew Nocun,1,3
11506002,2026-02-26T05:35:00Z,Maciej Nowalinski,Karol Wisniewski,3,2
11510092,2026-02-26T05:35:00Z,Mikolaj Lukaszewski,Rafal Stapor,1,3
11510093,2026-02-26T05:30:00Z,Krzysztof Kotyl,Karol Sulkowski,1,3
11510094,2026-02-26T05:25:00Z,Jakub Kaczmarek,Rafal Idaczyk,0,3
11510101,2026-02-26T05:20:00Z,Arkadiusz Skupinski,Marian Brunner,3,2
11509805,2026-02-26T05:20:00Z,Artur Gromek,Josef Braun,1,3
11506003,2026-02-26T05:15:00Z,Adrian Spychala,Jakub Kuzmicz,0,3
11510096,2026-02-26T05:10:00Z,Arkadiusz Mugowski,Michal Minda,0,3
11510095,2026-02-26T05:10:00Z,Miroslaw Piecowski,Rafal Stapor,3,1
11510097,2026-02-26T05:00:00Z,Adrian Burkacki,Marian Lebek,3,1
11506004,2026-02-26T05:00:00Z,Grzegorz Felkel,Michal Murawski,3,0
11510044,2026-02-26T04:55:00Z,Miroslaw Warzecha,Zbigniew Nocun,3,1
11506146,2026-02-26T04:55:00Z,Lukasz Jarocki,Maciej Nowalinski,2,3
11507639,2026-02-26T04:50:00Z,Mateusz Zagajewski,Krzysztof Kotyl,0,3
11510098,2026-02-26T04:45:00Z,Mikolaj Lukaszewski,Michal Skorski,3,1
11506023,2026-02-26T04:35:00Z,Rafal Idaczyk,Jakub Michalski,1,3
11510102,2026-02-26T04:30:00Z,Witold Stechly,Marian Brunner,0,3
11505936,2026-02-26T04:30:00Z,Jakub Kuzmicz,Grzegorz Poliniewicz,3,0
11506024,2026-02-26T04:25:00Z,Michal Minda,Igor Dabrowski,2,3
11505928,2026-02-26T04:20:00Z,Rafal Stapor,Michal Skorski,3,0
11505940,2026-02-26T04:10:00Z,Jakub Kaczmarek,Jakub Nowak,2,3
11506005,2026-02-26T04:05:00Z,Adrian Spychala,Karol Wisniewski,3,1
11509743,2026-02-26T04:05:00Z,Arkadiusz Skupinski,Pawel Polanski,0,3
11505941,2026-02-26T04:00:00Z,Arkadiusz Mugowski,Karol Sulkowski,1,3
11507239,2026-02-26T04:00:00Z,Mikolaj Lukaszewski,Miroslaw Piecowski,3,2
11509744,2026-02-26T03:45:00Z,Marian Brunner,Miroslaw Warzecha,0,3
11509741,2026-02-26T03:45:00Z,Marian Lebek,Jakub Michalski,3,2
11509940,2026-02-26T03:20:00Z,Sebastian Krupa,Adrian Burkacki,3,1
11509745,2026-02-26T03:20:00Z,Witold Stechly,Pawel Polanski,0,3
11502603,2026-02-26T03:20:00Z,Stanislaw Wnek,Bartlomiej Mrugala,1,3
11509569,2026-02-26T03:00:00Z,Jakub Nowak,Sebastian Szostok,1,3
11502763,2026-02-26T03:00:00Z,Adrian Fabis,Marcin Kowalczyk,3,1
11509746,2026-02-26T02:55:00Z,Arkadiusz Skupinski,Zbigniew Nocun,3,1
11509505,2026-02-26T02:35:00Z,Jakub Michalski,Adrian Burkacki,3,0
11502604,2026-02-26T02:35:00Z,Bartlomiej Mrugala,Marcin Kowalczyk,0,3
11509548,2026-02-26T02:30:00Z,Pawel Polanski,Miroslaw Warzecha,1,3
11502587,2026-02-26T02:30:00Z,Mateusz Rutkowski,Krystian Kolodziej,0,3
11509527,2026-02-26T02:25:00Z,Adam Linek,Mateusz Misiak,1,3
11509450,2026-02-26T02:10:00Z,Marian Lebek,Sebastian Szostok,3,0
11509549,2026-02-26T02:10:00Z,Marian Brunner,Zbigniew Nocun,0,3
11502605,2026-02-26T02:10:00Z,Adrian Fabis,Stanislaw Wnek,1,3
11502509,2026-02-26T02:05:00Z,Patryk Jendrzejewski,Mateusz Ufnal,2,3
11509550,2026-02-26T02:00:00Z,Dariusz Wrobel,Dawid Kotwica,3,0
11509451,2026-02-26T01:45:00Z,Jakub Nowak,Sebastian Krupa,3,2
11509551,2026-02-26T01:45:00Z,Witold Stechly,Arkadiusz Skupinski,3,1
11502606,2026-02-26T01:45:00Z,Marcin Kowalczyk,Stanislaw Wnek,1,3
11502510,2026-02-26T01:40:00Z,Krystian Kolodziej,Mateusz Ufnal,3,0
11509415,2026-02-26T01:35:00Z,Mateusz Misiak,Dawid Kotwica,3,0
11509387,2026-02-26T01:25:00Z,Sebastian Szostok,Jakub Michalski,3,2
11509526,2026-02-26T01:20:00Z,Pawel Polanski,Marian Brunner,0,3
11502607,2026-02-26T01:20:00Z,Adrian Fabis,Bartlomiej Mrugala,3,0
11502511,2026-02-26T01:15:00Z,Patryk Jendrzejewski,Mateusz Rutkowski,1,3
11509372,2026-02-26T01:10:00Z,Dariusz Wrobel,Adam Linek,0,3
11509251,2026-02-26T01:00:00Z,Marian Lebek,Sebastian Krupa,2,3
11509314,2026-02-26T00:55:00Z,Arkadiusz Skupinski,Miroslaw Warzecha,1,3
11502608,2026-02-26T00:55:00Z,Stanislaw Wnek,Bartlomiej Mrugala,3,1
11502512,2026-02-26T00:50:00Z,Mateusz Ufnal,Mateusz Rutkowski,0,3
11509252,2026-02-26T00:45:00Z,Dawid Kotwica,Adam Linek,1,3
11509141,2026-02-26T00:35:00Z,Jakub Nowak,Adrian Burkacki,0,3
11502764,2026-02-26T00:30:00Z,Adrian Fabis,Marcin Kowalczyk,2,3
11502110,2026-02-26T00:30:00Z,Witold Stechly,Zbigniew Nocun,1,3
11502513,2026-02-26T00:25:00Z,Patryk Jendrzejewski,Krystian Kolodziej,3,0
11509315,2026-02-26T00:20:00Z,Dariusz Wrobel,Mateusz Misiak,3,1
11509069,2026-02-26T00:10:00Z,Sebastian Krupa,Jakub Michalski,3,0
11502609,2026-02-26T00:05:00Z,Bartlomiej Mrugala,Marcin Kowalczyk,3,2
11509070,2026-02-26T00:05:00Z,Marian Brunner,Miroslaw Warzecha,2,3
11502588,2026-02-26T00:00:00Z,Mateusz Rutkowski,Krystian Kolodziej,1,3
11509071,2026-02-25T23:55:00Z,Adam Linek,Mateusz Misiak,3,2
11509072,2026-02-25T23:50:00Z,Sebastian Szostok,Adrian Burkacki,3,1
11502610,2026-02-25T23:45:00Z,Adrian Fabis,Stanislaw Wnek,0,3
11509073,2026-02-25T23:40:00Z,Pawel Polanski,Zbigniew Nocun,0,3
11502514,2026-02-25T23:40:00Z,Patryk Jendrzejewski,Mateusz Ufnal,3,1
11509036,2026-02-25T23:35:00Z,Dariusz Wrobel,Dawid Kotwica,2,3
11508755,2026-02-25T23:25:00Z,Marian Lebek,Jakub Nowak,0,3
11508756,2026-02-25T23:20:00Z,Arkadiusz Skupinski,Slawomir Janus,1,3
11502611,2026-02-25T23:20:00Z,Marcin Kowalczyk,Stanislaw Wnek,0,3
11502515,2026-02-25T23:15:00Z,Krystian Kolodziej,Mateusz Ufnal,3,0
11508757,2026-02-25T23:10:00Z,Mateusz Misiak,Dawid Kotwica,3,0
11508758,2026-02-25T23:00:00Z,Sebastian Krupa,Sebastian Szostok,2,3
11508760,2026-02-25T22:55:00Z,Miroslaw Warzecha,Zbigniew Nocun,3,2
11502612,2026-02-25T22:55:00Z,Adrian Fabis,Bartlomiej Mrugala,3,2
11502516,2026-02-25T22:50:00Z,Patryk Jendrzejewski,Mateusz Rutkowski,3,0
11509037,2026-02-25T22:45:00Z,Dariusz Wrobel,Adam Linek,3,1
11502263,2026-02-25T22:35:00Z,Jakub Nowak,Jakub Michalski,1,3
11502765,2026-02-25T22:35:00Z,Adrian Fabis,Marcin Kowalczyk,1,3
11508347,2026-02-25T22:30:00Z,Marian Brunner,Slawomir Janus,0,3
11502241,2026-02-25T22:30:00Z,Mateusz Ufnal,Mateusz Rutkowski,2,3
11502242,2026-02-25T22:20:00Z,Dawid Kotwica,Adam Linek,3,1
11502613,2026-02-25T22:10:00Z,Bartlomiej Mrugala,Stanislaw Wnek,3,0
11504626,2026-02-25T22:10:00Z,Marian Lebek,Adrian Burkacki,3,0
11508266,2026-02-25T22:05:00Z,Arkadiusz Skupinski,Pawel Polanski,3,1
11502517,2026-02-25T22:05:00Z,Patryk Jendrzejewski,Krystian Kolodziej,1,3
11502243,2026-02-25T22:00:00Z,Dariusz Wrobel,Mateusz Misiak,0,3
11508268,2026-02-25T21:45:00Z,Sebastian Szostok,Adam Ruszkiewicz,3,0
11508267,2026-02-25T21:45:00Z,Slawomir Janus,Miroslaw Warzecha,0,3
11502686,2026-02-25T21:40:00Z,Kamil Klocek,Kuba Golaszewski,2,3
11502518,2026-02-25T21:35:00Z,Patryk Jendrzejewski,Mateusz Ufnal,0,3
11508182,2026-02-25T21:30:00Z,Maciej Kolek,Dawid Kotwica,3,1
11508184,2026-02-25T21:20:00Z,Sebastian Krupa,Waldemar Jozala,1,3
11508183,2026-02-25T21:20:00Z,Marian Brunner,Pawel Polanski,2,3
11502614,2026-02-25T21:15:00Z,Marcin Kowalczyk,Stanislaw Wnek,3,1
11502550,2026-02-25T21:10:00Z,Tomasz Filbrandt,Krzysztof Kapik,0,3
11508128,2026-02-25T21:05:00Z,Dawid Kosmal,Jakub Zochniak,2,3
11508129,2026-02-25T21:00:00Z,Krzysztof Juszczyk,Mariusz Koczyba,1,3
11508130,2026-02-25T20:55:00Z,Arkadiusz Skupinski,Zbigniew Nocun,0,3
11502687,2026-02-25T20:50:00Z,Adrian Fabis,Kuba Golaszewski,0,3
11502589,2026-02-25T20:45:00Z,Krystian Kolodziej,Artur Daniel,3,2
11508028,2026-02-25T20:40:00Z,Jakub Krawczyk,Waclaw Suchecki,1,3
11508029,2026-02-25T20:35:00Z,Adam Ruszkiewicz,Waldemar Jozala,0,3
11502615,2026-02-25T20:30:00Z,Kamil Klocek,Bartlomiej Mrugala,2,3
11508030,2026-02-25T20:30:00Z,Pawel Polanski,Miroslaw Warzecha,3,1
11502519,2026-02-25T20:25:00Z,Mateusz Ufnal,Krzysztof Kapik,0,3
11508031,2026-02-25T20:20:00Z,Dawid Kotwica,Jakub Zochniak,0,3
11508032,2026-02-25T20:10:00Z,Slawomir Janus,Zbigniew Nocun,3,0
11508022,2026-02-25T20:10:00Z,Sebastian Szostok,Mariusz Koczyba,1,3
11502688,2026-02-25T20:05:00Z,Kuba Golaszewski,Marcin Kowalczyk,1,3
11502520,2026-02-25T20:00:00Z,Patryk Jendrzejewski,Artur Daniel,3,0
11508023,2026-02-25T19:55:00Z,Maciej Kolek,Waclaw Suchecki,3,0
11507783,2026-02-25T19:45:00Z,Krzysztof Juszczyk,Sebastian Krupa,3,2
11507782,2026-02-25T19:45:00Z,Marian Brunner,Arkadiusz Skupinski,3,1
11502616,2026-02-25T19:40:00Z,Adrian Fabis,Bartlomiej Mrugala,1,3
11502551,2026-02-25T19:35:00Z,Krystian Kolodziej,Tomasz Filbrandt,3,2
11507784,2026-02-25T19:30:00Z,Jakub Krawczyk,Dawid Kosmal,0,3
11507785,2026-02-25T19:25:00Z,Mariusz Koczyba,Adam Ruszkiewicz,3,2
11502221,2026-02-25T19:20:00Z,Pawel Polanski,Slawomir Janus,2,3
11502617,2026-02-25T19:20:00Z,Kamil Klocek,Stanislaw Wnek,2,3
11502521,2026-02-25T19:15:00Z,Artur Daniel,Mateusz Ufnal,3,1
11507786,2026-02-25T19:10:00Z,Waclaw Suchecki,Dawid Kotwica,3,2
11507787,2026-02-25T19:00:00Z,Sebastian Szostok,Sebastian Krupa,3,1
11502245,2026-02-25T18:55:00Z,Arkadiusz Skupinski,Miroslaw Warzecha,1,3
11502618,2026-02-25T18:55:00Z,Bartlomiej Mrugala,Marcin Kowalczyk,0,3
11502522,2026-02-25T18:50:00Z,Patryk Jendrzejewski,Tomasz Filbrandt,0,3
11507788,2026-02-25T18:45:00Z,Maciej Kolek,Dawid Kosmal,2,3
11507391,2026-02-25T18:35:00Z,Krzysztof Juszczyk,Waldemar Jozala,2,3
11502619,2026-02-25T18:30:00Z,Kuba Golaszewski,Stanislaw Wnek,3,1
11507392,2026-02-25T18:30:00Z,Marian Brunner,Zbigniew Nocun,3,1
11502590,2026-02-25T18:25:00Z,Krystian Kolodziej,Krzysztof Kapik,1,3
11507260,2026-02-25T18:20:00Z,Jakub Krawczyk,Jakub Zochniak,3,1
11507261,2026-02-25T18:10:00Z,Sebastian Krupa,Adam Ruszkiewicz,3,0
11505551,2026-02-25T18:05:00Z,Adrian Fabis,Kamil Klocek,3,1
11507262,2026-02-25T18:05:00Z,Jerzy Pelka,Grzegorz Jurowicz,3,1
11502523,2026-02-25T18:00:00Z,Tomasz Filbrandt,Mateusz Ufnal,3,0
11507263,2026-02-25T17:55:00Z,Dawid Kosmal,Dawid Kotwica,3,0
11507264,2026-02-25T17:50:00Z,Mariusz Koczyba,Waldemar Jozala,3,1
11502620,2026-02-25T17:45:00Z,Bartlomiej Mrugala,Kuba Golaszewski,3,2
11505552,2026-02-25T17:40:00Z,Artur Daniel,Krzysztof Kapik,3,0
11506999,2026-02-25T17:40:00Z,Rafal Gajda,Kacper Adamus,3,2
11507000,2026-02-25T17:35:00Z,Waclaw Suchecki,Jakub Zochniak,1,3
11507001,2026-02-25T17:25:00Z,Sebastian Szostok,Krzysztof Juszczyk,3,2
11502766,2026-02-25T17:25:00Z,Kamil Klocek,Marcin Kowalczyk,3,2
11507002,2026-02-25T17:20:00Z,Sebastian Juzek,Kamil Smolka,3,2
11502524,2026-02-25T17:20:00Z,Patryk Jendrzejewski,Krystian Kolodziej,1,3
11506886,2026-02-25T17:15:00Z,Maciej Kolek,Jakub Krawczyk,0,3
11502246,2026-02-25T17:00:00Z,Adrian Fabis,Stanislaw Wnek,3,1
11502060,2026-02-25T17:00:00Z,Sebastian Krupa,Mariusz Koczyba,1,3
11506887,2026-02-25T16:55:00Z,Grzegorz Jurowicz,Kacper Adamus,3,0
11502552,2026-02-25T16:55:00Z,Tomasz Filbrandt,Artur Daniel,1,3
11507615,2026-02-25T16:50:00Z,Dawid Kosmal,Waclaw Suchecki,2,3
11500940,2026-02-25T16:35:00Z,Michal Murawski,Martin Olejnik,3,2
11502278,2026-02-25T16:35:00Z,Krzysztof Juszczyk,Adam Ruszkiewicz,3,0
11502525,2026-02-25T16:30:00Z,Krystian Kolodziej,Mateusz Ufnal,3,0
11506724,2026-02-25T16:30:00Z,Jerzy Pelka,Kamil Smolka,0,3
11502047,2026-02-25T16:25:00Z,Jakub Krawczyk,Dawid Kotwica,2,3
11500936,2026-02-25T16:10:00Z,Grzegorz Felkel,Petr David,0,3
11505724,2026-02-25T16:10:00Z,Sebastian Szostok,Waldemar Jozala,1,3
11506670,2026-02-25T16:05:00Z,Sebastian Juzek,Rafal Gajda,3,1
11502526,2026-02-25T16:05:00Z,Patryk Jendrzejewski,Krzysztof Kapik,3,2
11504423,2026-02-25T16:00:00Z,Maciej Kolek,Jakub Zochniak,3,0
11500926,2026-02-25T15:50:00Z,Kacper Petas,Adrian Wiecek,3,1
11506671,2026-02-25T15:45:00Z,Kamil Smolka,Grzegorz Jurowicz,3,2
11500875,2026-02-25T15:45:00Z,Maciej Nowalinski,Artur Daniel,3,1
11507234,2026-02-25T15:40:00Z,Dawid Kosmal,Jakub Krawczyk,3,1
11507009,2026-02-25T15:35:00Z,Kamil Klocek,Waclaw Suchecki,1,3
11500941,2026-02-25T15:30:00Z,Martin Olejnik,Petr David,2,3
11500898,2026-02-25T15:25:00Z,Krzysztof Kapik,Jakub Kwapis,0,3
11506268,2026-02-25T15:20:00Z,Jerzy Pelka,Rafal Gajda,3,1
11506269,2026-02-25T15:20:00Z,Szymon Brud,Jakub Zochniak,1,3
11506270,2026-02-25T15:15:00Z,Arkadiusz Mugowski,Krzysztof Kotyl,3,1
11500957,2026-02-25T15:05:00Z,Michal Murawski,Adrian Wiecek,1,3
11500960,2026-02-25T15:00:00Z,Maksymilian Miastowski,Lukasz Jarocki,3,1
11506271,2026-02-25T14:55:00Z,Sebastian Juzek,Kacper Adamus,3,1
11502553,2026-02-25T14:55:00Z,Kacper Szurlej,Tomasz Filbrandt,3,2
11506272,2026-02-25T14:50:00Z,Mikolaj Lukaszewski,Mateusz Trela,3,1
11500961,2026-02-25T14:40:00Z,Kacper Petas,Grzegorz Felkel,1,3
11500866,2026-02-25T14:35:00Z,Artur Daniel,Jakub Kwapis,3,2
11505974,2026-02-25T14:30:00Z,Jakub Krawczyk,Jakub Zochniak,1,3
11505984,2026-02-25T14:30:00Z,Rafal Gajda,Grzegorz Jurowicz,3,2
11505975,2026-02-25T14:25:00Z,Waclaw Suchecki,Krzysztof Kotyl,2,3
11500897,2026-02-25T14:15:00Z,Adrian Wiecek,Martin Olejnik,0,3
11500946,2026-02-25T14:10:00Z,Maciej Nowalinski,Lukasz Jarocki,2,3
11505976,2026-02-25T14:10:00Z,Kamil Smolka,Kacper Adamus,1,3
11502554,2026-02-25T14:05:00Z,Dawid Kosmal,Tomasz Filbrandt,3,2
11505980,2026-02-25T14:00:00Z,Kamil Klocek,Mateusz Trela,1,3
11500919,2026-02-25T13:50:00Z,Michal Murawski,Grzegorz Felkel,0,3
11500896,2026-02-25T13:45:00Z,Maksymilian Miastowski,Krzysztof Kapik,3,2
11505981,2026-02-25T13:45:00Z,Jerzy Pelka,Sebastian Juzek,1,3
11505788,2026-02-25T13:40:00Z,Kacper Szurlej,Szymon Brud,3,2
11505789,2026-02-25T13:35:00Z,Mikolaj Lukaszewski,Arkadiusz Mugowski,0,3
11500951,2026-02-25T13:25:00Z,Kacper Petas,Petr David,2,3
11500885,2026-02-25T13:20:00Z,Lukasz Jarocki,Artur Daniel,1,3
11505679,2026-02-25T13:20:00Z,Rafal Gajda,Kamil Smolka,3,2
11502555,2026-02-25T13:15:00Z,Tomasz Filbrandt,Jakub Krawczyk,3,1
11505680,2026-02-25T13:10:00Z,Mateusz Trela,Waclaw Suchecki,3,1
11500918,2026-02-25T13:00:00Z,Grzegorz Felkel,Martin Olejnik,3,1
11505681,2026-02-25T12:55:00Z,Sebastian Juzek,Grzegorz Jurowicz,3,1
11500959,2026-02-25T12:55:00Z,Maciej Nowalinski,Krzysztof Kapik,1,3
11505682,2026-02-25T12:50:00Z,Dawid Kosmal,Szymon Brud,3,0
11506273,2026-02-25T12:45:00Z,Kamil Klocek,Arkadiusz Mugowski,0,3
11500894,2026-02-25T12:35:00Z,Adrian Wiecek,Petr David,3,1
11505575,2026-02-25T12:30:00Z,Jerzy Pelka,Kacper Adamus,1,3
11500952,2026-02-25T12:30:00Z,Maksymilian Miastowski,Jakub Kwapis,3,2
11505556,2026-02-25T12:25:00Z,Kacper Szurlej,Jakub Zochniak,2,3
11505444,2026-02-25T12:20:00Z,Mikolaj Lukaszewski,Krzysztof Kotyl,1,3
11500880,2026-02-25T12:10:00Z,Michal Murawski,Kacper Petas,3,2
11500916,2026-02-25T12:05:00Z,Krzysztof Kapik,Artur Daniel,3,2
11505445,2026-02-25T12:05:00Z,Kamil Smolka,Grzegorz Jurowicz,1,3
11505446,2026-02-25T12:00:00Z,Szymon Brud,Jakub Krawczyk,3,0
11505447,2026-02-25T11:55:00Z,Arkadiusz Mugowski,Waclaw Suchecki,3,1
11500938,2026-02-25T11:45:00Z,Grzegorz Felkel,Adrian Wiecek,1,3
11500895,2026-02-25T11:40:00Z,Lukasz Jarocki,Jakub Kwapis,3,0
11505213,2026-02-25T11:40:00Z,Rafal Gajda,Kacper Adamus,1,3
11502556,2026-02-25T11:35:00Z,Tomasz Filbrandt,Jakub Zochniak,3,1
11505214,2026-02-25T11:30:00Z,Mateusz Trela,Krzysztof Kotyl,2,3
11500958,2026-02-25T11:25:00Z,Kacper Petas,Martin Olejnik,3,0
11500915,2026-02-25T11:20:00Z,Maciej Nowalinski,Maksymilian Miastowski,3,1
11505215,2026-02-25T11:20:00Z,Sebastian Juzek,Jerzy Pelka,0,3
11505772,2026-02-25T11:10:00Z,Dawid Kosmal,Kacper Szurlej,3,0
11505773,2026-02-25T11:05:00Z,Kamil Klocek,Mikolaj Lukaszewski,3,1
11500888,2026-02-25T11:00:00Z,Michal Murawski,Petr David,1,3
11500917,2026-02-25T10:55:00Z,Krzysztof Kapik,Lukasz Jarocki,3,0
11505216,2026-02-25T10:55:00Z,Grzegorz Jurowicz,Kacper Adamus,2,3
11502557,2026-02-25T10:50:00Z,Szymon Brud,Tomasz Filbrandt,1,3
11505217,2026-02-25T10:45:00Z,Arkadiusz Mugowski,Mateusz Trela,1,3
11500925,2026-02-25T10:35:00Z,Kacper Petas,Adrian Wiecek,0,3
11505112,2026-02-25T10:30:00Z,Kamil Smolka,Jerzy Pelka,2,3
11500878,2026-02-25T10:30:00Z,Maksymilian Miastowski,Artur Daniel,3,1
11505666,2026-02-25T10:25:00Z,Kacper Szurlej,Jakub Krawczyk,3,0
11505113,2026-02-25T10:20:00Z,Mikolaj Lukaszewski,Waclaw Suchecki,3,1
11500932,2026-02-25T10:10:00Z,Michal Murawski,Grzegorz Felkel,1,3
11505062,2026-02-25T10:05:00Z,Sebastian Juzek,Rafal Gajda,1,3
11500929,2026-02-25T10:05:00Z,Maciej Nowalinski,Jakub Kwapis,3,1
11502379,2026-02-25T10:00:00Z,Kamil Klocek,Krzysztof Kotyl,3,2
11502635,2026-02-25T10:00:00Z,Dawid Kosmal,Jakub Zochniak,0,3
11500927,2026-02-25T09:50:00Z,Petr David,Martin Olejnik,1,3
11505007,2026-02-25T09:45:00Z,Sebastian Szostok,Michal Paszkiewicz,1,3
11505006,2026-02-25T09:45:00Z,Jerzy Pelka,Grzegorz Jurowicz,0,3
11500953,2026-02-25T09:45:00Z,Maksymilian Miastowski,Lukasz Jarocki,1,3
11505008,2026-02-25T09:35:00Z,Kacper Szurlej,Karol Sulkowski,1,3
11500956,2026-02-25T09:25:00Z,Adrian Wiecek,Grzegorz Felkel,3,2
11505010,2026-02-25T09:20:00Z,Krzysztof Hetnar,Jakub Kaczmarek,3,0
11500945,2026-02-25T09:20:00Z,Jakub Kuzmicz,Jakub Kwapis,1,3
11505009,2026-02-25T09:20:00Z,Kamil Smolka,Rafal Gajda,3,2
11504905,2026-02-25T09:10:00Z,Grzegorz Poliniewicz,Arkadiusz Mugowski,2,3
11504906,2026-02-25T09:00:00Z,Rafal Idaczyk,Krzysztof Schaniel,3,1
11500874,2026-02-25T09:00:00Z,Kacper Petas,Martin Olejnik,2,3
11500944,2026-02-25T08:55:00Z,Karol Wisniewski,Maciej Nowalinski,3,2
11504907,2026-02-25T08:55:00Z,Sebastian Juzek,Kacper Adamus,3,1
11504908,2026-02-25T08:45:00Z,Krzysztof Kotyl,Michal Minda,1,3
11500904,2026-02-25T08:40:00Z,Petr David,Michal Murawski,1,3
11504850,2026-02-25T08:35:00Z,Michal Paszkiewicz,Jakub Kaczmarek,2,3
11500890,2026-02-25T08:35:00Z,Lukasz Jarocki,Jakub Kwapis,3,0
11504851,2026-02-25T08:30:00Z,Rafal Gajda,Grzegorz Jurowicz,3,1
11504871,2026-02-25T08:30:00Z,Mikolaj Lukaszewski,Mateusz Trela,1,3
11504852,2026-02-25T08:20:00Z,Karol Sulkowski,Arkadiusz Mugowski,3,1
11500950,2026-02-25T08:15:00Z,Martin Olejnik,Adrian Wiecek,3,1
11504776,2026-02-25T08:10:00Z,Sebastian Szostok,Krzysztof Schaniel,2,3
11504775,2026-02-25T08:10:00Z,Jerzy Pelka,Kacper Adamus,3,0
11500924,2026-02-25T08:10:00Z,Maksymilian Miastowski,Maciej Nowalinski,1,3
11504831,2026-02-25T08:05:00Z,Rafal Stapor,Milosz Kukawka,3,1
11504777,2026-02-25T07:55:00Z,Kacper Szurlej,Michal Minda,1,3
11504779,2026-02-25T07:45:00Z,Rafal Idaczyk,Krzysztof Hetnar,0,3
11504778,2026-02-25T07:45:00Z,Kamil Smolka,Sebastian Juzek,3,1
11504741,2026-02-25T07:40:00Z,Mateusz Trela,Milosz Kukawka,1,3
11500934,2026-02-25T07:40:00Z,Kacper Petas,Michal Murawski,3,1
11500882,2026-02-25T07:35:00Z,Karol Wisniewski,Jakub Kuzmicz,0,3
11504705,2026-02-25T07:30:00Z,Krzysztof Kotyl,Grzegorz Poliniewicz,0,3
11504706,2026-02-25T07:25:00Z,Krzysztof Schaniel,Michal Paszkiewicz,3,2
11502933,2026-02-25T07:20:00Z,Rafal Gajda,Jerzy Pelka,1,3
11504677,2026-02-25T07:15:00Z,Rafal Stapor,Mikolaj Lukaszewski,3,0
11500877,2026-02-25T07:15:00Z,Petr David,Grzegorz Felkel,3,2
11500873,2026-02-25T07:10:00Z,Maciej Nowalinski,Lukasz Jarocki,0,3
11504657,2026-02-25T07:05:00Z,Michal Minda,Karol Sulkowski,3,1
11504658,2026-02-25T07:00:00Z,Sebastian Szostok,Krzysztof Hetnar,3,2
11502203,2026-02-25T06:55:00Z,Sebastian Juzek,Grzegorz Jurowicz,0,3
11500902,2026-02-25T06:50:00Z,Michal Murawski,Adrian Wiecek,1,3
11504659,2026-02-25T06:50:00Z,Milosz Kukawka,Mikolaj Lukaszewski,1,3
11500893,2026-02-25T06:45:00Z,Maksymilian Miastowski,Jakub Kuzmicz,2,3
11504539,2026-02-25T06:40:00Z,Kacper Szurlej,Grzegorz Poliniewicz,1,3
11504540,2026-02-25T06:35:00Z,Rafal Idaczyk,Jakub Kaczmarek,3,0
11502934,2026-02-25T06:30:00Z,Kamil Smolka,Kacper Adamus,1,3
11504622,2026-02-25T06:25:00Z,Rafal Stapor,Mateusz Trela,1,3
11500914,2026-02-25T06:25:00Z,Martin Olejnik,Grzegorz Felkel,1,3
11500879,2026-02-25T06:20:00Z,Karol Wisniewski,Jakub Kwapis,0,3
11504506,2026-02-25T06:15:00Z,Krzysztof Kotyl,Arkadiusz Mugowski,3,0
11501865,2026-02-25T06:10:00Z,Krzysztof Hetnar,Michal Paszkiewicz,3,2
11504866,2026-02-25T06:05:00Z,Jerzy Michalik,Kazimierz Rybak,3,1
11500939,2026-02-25T06:05:00Z,Kacper Petas,Petr David,0,3
11504507,2026-02-25T06:00:00Z,Mikolaj Lukaszewski,Mateusz Trela,3,1
11500933,2026-02-25T06:00:00Z,Jakub Kuzmicz,Lukasz Jarocki,3,0
11504508,2026-02-25T05:55:00Z,Grzegorz Poliniewicz,Karol Sulkowski,3,1
11504509,2026-02-25T05:50:00Z,Krzysztof Schaniel,Jakub Kaczmarek,3,2
11500903,2026-02-25T05:40:00Z,Michal Murawski,Martin Olejnik,0,3
11504817,2026-02-25T05:40:00Z,Pawel Chojnacki,Dawid Pyrek,1,3
11500876,2026-02-25T05:35:00Z,Maciej Nowalinski,Jakub Kwapis,3,2
11504410,2026-02-25T05:35:00Z,Rafal Stapor,Milosz Kukawka,2,3
11504414,2026-02-25T05:30:00Z,Michal Minda,Arkadiusz Mugowski,3,0
11501866,2026-02-25T05:25:00Z,Sebastian Szostok,Rafal Idaczyk,3,2
11504758,2026-02-25T05:20:00Z,Maciej Lamer,Henryk Tkaczyk,0,3
11500928,2026-02-25T05:20:00Z,Petr David,Adrian Wiecek,2,3
11500913,2026-02-25T05:15:00Z,Maksymilian Miastowski,Karol Wisniewski,3,1
11504378,2026-02-25T05:10:00Z,Kacper Szurlej,Krzysztof Kotyl,3,1
11504377,2026-02-25T05:10:00Z,Mateusz Trela,Milosz Kukawka,3,1
11500892,2026-02-25T05:00:00Z,Kacper Petas,Grzegorz Felkel,1,3
11504379,2026-02-25T05:00:00Z,Krzysztof Hetnar,Krzysztof Schaniel,3,0
11504590,2026-02-25T04:55:00Z,Kazimierz Rybak,Dawid Pyrek,1,3
11500887,2026-02-25T04:55:00Z,Jakub Kuzmicz,Maciej Nowalinski,3,2
11502181,2026-02-25T04:50:00Z,Grzegorz Poliniewicz,Michal Minda,3,1
11504380,2026-02-25T04:45:00Z,Rafal Stapor,Mikolaj Lukaszewski,3,1
11501853,2026-02-25T04:35:00Z,Rafal Idaczyk,Michal Paszkiewicz,1,3
11504662,2026-02-25T04:30:00Z,Jerzy Michalik,Henryk Tkaczyk,1,3
11500872,2026-02-25T04:30:00Z,Karol Wisniewski,Lukasz Jarocki,3,2
11502187,2026-02-25T04:25:00Z,Krzysztof Kotyl,Karol Sulkowski,2,3
11502247,2026-02-25T04:20:00Z,Milosz Kukawka,Mikolaj Lukaszewski,3,0
11502091,2026-02-25T04:10:00Z,Sebastian Szostok,Jakub Kaczmarek,3,2
11504591,2026-02-25T04:05:00Z,Maciej Lamer,Pawel Chojnacki,1,3
11500905,2026-02-25T04:05:00Z,Maksymilian Miastowski,Jakub Kwapis,3,2
11502267,2026-02-25T04:00:00Z,Rafal Stapor,Mateusz Trela,3,0
11502108,2026-02-25T04:00:00Z,Kacper Szurlej,Arkadiusz Mugowski,2,3
11504523,2026-02-25T03:45:00Z,Henryk Tkaczyk,Kazimierz Rybak,3,1
11504255,2026-02-25T03:45:00Z,Krzysztof Hetnar,Marian Lebek,3,2
11504424,2026-02-25T03:20:00Z,Jerzy Michalik,Pawel Chojnacki,3,2
11504209,2026-02-25T03:20:00Z,Krzysztof Schaniel,Mariusz Baron,3,0
11500889,2026-02-25T03:20:00Z,Bartlomiej Mrugala,Kuba Golaszewski,1,3
11498136,2026-02-25T03:00:00Z,Stanislaw Wnek,Jaroslaw Rolak,3,0
11504115,2026-02-25T03:00:00Z,Grzegorz Marud,Tomasz Wrzalik,3,2
11504411,2026-02-25T02:55:00Z,Maciej Lamer,Dawid Pyrek,1,3
11500912,2026-02-25T02:35:00Z,Kuba Golaszewski,Jaroslaw Rolak,3,1
11504051,2026-02-25T02:35:00Z,Marian Lebek,Mariusz Baron,3,1
11499220,2026-02-25T02:30:00Z,Patryk Jendrzejewski,Krystian Kolodziej,1,3
11504322,2026-02-25T02:30:00Z,Pawel Chojnacki,Kazimierz Rybak,2,3
11504068,2026-02-25T02:25:00Z,Szymon Brud,Bartosz Sulkowski,0,3
11504247,2026-02-25T02:10:00Z,Henryk Tkaczyk,Dawid Pyrek,3,1
11498137,2026-02-25T02:10:00Z,Stanislaw Wnek,Bartlomiej Mrugala,3,1
11503996,2026-02-25T02:10:00Z,Krzysztof Hetnar,Tomasz Wrzalik,3,2
11497743,2026-02-25T02:05:00Z,Mateusz Ufnal,Tomasz Filbrandt,3,0
11504024,2026-02-25T02:00:00Z,Maciej Kolek,Jakub Glanowski,3,1
11503997,2026-02-25T01:45:00Z,Grzegorz Marud,Krzysztof Schaniel,3,2
11500931,2026-02-25T01:45:00Z,Jaroslaw Rolak,Bartlomiej Mrugala,2,3
11504248,2026-02-25T01:45:00Z,Jerzy Michalik,Maciej Lamer,3,1
11499221,2026-02-25T01:40:00Z,Krystian Kolodziej,Tomasz Filbrandt,2,3
11504047,2026-02-25T01:35:00Z,Bartosz Sulkowski,Jakub Glanowski,3,0
11503938,2026-02-25T01:25:00Z,Tomasz Wrzalik,Marian Lebek,1,3
11498138,2026-02-25T01:20:00Z,Stanislaw Wnek,Kuba Golaszewski,3,2
11504220,2026-02-25T01:20:00Z,Pawel Chojnacki,Henryk Tkaczyk,0,3
11497744,2026-02-25T01:15:00Z,Mateusz Ufnal,Patryk Jendrzejewski,3,2
11503902,2026-02-25T01:10:00Z,Maciej Kolek,Szymon Brud,1,3
11503881,2026-02-25T01:00:00Z,Krzysztof Hetnar,Krzysztof Schaniel,1,3
11504210,2026-02-25T00:55:00Z,Maciej Lamer,Kazimierz Rybak,1,3
11500871,2026-02-25T00:55:00Z,Bartlomiej Mrugala,Kuba Golaszewski,3,0
11500911,2026-02-25T00:50:00Z,Tomasz Filbrandt,Patryk Jendrzejewski,2,3
11503882,2026-02-25T00:45:00Z,Jakub Glanowski,Szymon Brud,3,1
11503840,2026-02-25T00:35:00Z,Grzegorz Marud,Mariusz Baron,3,1
11498139,2026-02-25T00:30:00Z,Stanislaw Wnek,Jaroslaw Rolak,2,3
11497044,2026-02-25T00:30:00Z,Jerzy Michalik,Dawid Pyrek,1,3
11497745,2026-02-25T00:25:00Z,Mateusz Ufnal,Krystian Kolodziej,0,3
11503847,2026-02-25T00:20:00Z,Maciej Kolek,Bartosz Sulkowski,3,0
11503723,2026-02-25T00:10:00Z,Krzysztof Schaniel,Marian Lebek,1,3
11503724,2026-02-25T00:05:00Z,Henryk Tkaczyk,Kazimierz Rybak,3,1
11500870,2026-02-25T00:05:00Z,Kuba Golaszewski,Jaroslaw Rolak,1,3
11499222,2026-02-25T00:00:00Z,Patryk Jendrzejewski,Krystian Kolodziej,1,3
11503725,2026-02-24T23:55:00Z,Szymon Brud,Bartosz Sulkowski,2,3
11503726,2026-02-24T23:50:00Z,Tomasz Wrzalik,Mariusz Baron,1,3
11498140,2026-02-24T23:45:00Z,Stanislaw Wnek,Bartlomiej Mrugala,2,3
11503481,2026-02-24T23:40:00Z,Pawel Chojnacki,Dawid Pyrek,1,3
11497746,2026-02-24T23:40:00Z,Mateusz Ufnal,Tomasz Filbrandt,1,3
11503727,2026-02-24T23:35:00Z,Maciej Kolek,Jakub Glanowski,1,3
11503482,2026-02-24T23:25:00Z,Krzysztof Hetnar,Grzegorz Marud,3,1
11503483,2026-02-24T23:20:00Z,Maciej Lamer,Dariusz Molenda,2,3
11500891,2026-02-24T23:20:00Z,Jaroslaw Rolak,Bartlomiej Mrugala,1,3
11499223,2026-02-24T23:15:00Z,Krystian Kolodziej,Tomasz Filbrandt,3,2
11503354,2026-02-24T23:10:00Z,Bartosz Sulkowski,Jakub Glanowski,1,3
11497069,2026-02-24T23:00:00Z,Krzysztof Schaniel,Tomasz Wrzalik,0,3
11498141,2026-02-24T22:55:00Z,Stanislaw Wnek,Kuba Golaszewski,3,0
11503355,2026-02-24T22:55:00Z,Kazimierz Rybak,Dawid Pyrek,1,3
11497747,2026-02-24T22:50:00Z,Mateusz Ufnal,Patryk Jendrzejewski,0,3
11503356,2026-02-24T22:45:00Z,Maciej Kolek,Szymon Brud,1,3
11503195,2026-02-24T22:35:00Z,Grzegorz Marud,Marian Lebek,0,3
11498142,2026-02-24T22:35:00Z,Stanislaw Wnek,Jaroslaw Rolak,3,1
11500947,2026-02-24T22:30:00Z,Tomasz Filbrandt,Patryk Jendrzejewski,0,3
11503196,2026-02-24T22:30:00Z,Henryk Tkaczyk,Dariusz Molenda,3,2
11503243,2026-02-24T22:20:00Z,Jakub Glanowski,Szymon Brud,0,3
11503057,2026-02-24T22:10:00Z,Krzysztof Hetnar,Mariusz Baron,0,3
11498237,2026-02-24T22:10:00Z,Marcin Kowalczyk,Bartlomiej Mrugala,1,3
11497748,2026-02-24T22:05:00Z,Mateusz Ufnal,Krystian Kolodziej,0,3
11503058,2026-02-24T22:05:00Z,Maciej Lamer,Pawel Chojnacki,1,3
11503059,2026-02-24T22:00:00Z,Maciej Kolek,Bartosz Sulkowski,0,3
11503060,2026-02-24T21:45:00Z,Tomasz Wrzalik,Grzegorz Marud,3,2
11503061,2026-02-24T21:45:00Z,Dariusz Molenda,Kazimierz Rybak,3,1
11500857,2026-02-24T21:40:00Z,Kuba Golaszewski,Piotr Strus,2,3
11497749,2026-02-24T21:35:00Z,Mateusz Ufnal,Tomasz Filbrandt,1,3
11502916,2026-02-24T21:30:00Z,Maciej Kolek,Jakub Glanowski,3,1
11502918,2026-02-24T21:20:00Z,Henryk Tkaczyk,Pawel Chojnacki,2,3
11502917,2026-02-24T21:20:00Z,Marian Lebek,Mariusz Baron,2,3
11500886,2026-02-24T21:15:00Z,Jaroslaw Rolak,Bartlomiej Mrugala,2,3
11499224,2026-02-24T21:10:00Z,Krystian Kolodziej,Patryk Jendrzejewski,3,1
11502866,2026-02-24T21:05:00Z,Wojciech Gluszek,Szymon Brud,3,2
11502869,2026-02-24T21:00:00Z,Krzysztof Juszczyk,Mariusz Koczyba,1,3
11502867,2026-02-24T20:55:00Z,Maciej Lamer,Dawid Pyrek,0,3
11498143,2026-02-24T20:50:00Z,Stanislaw Wnek,Piotr Strus,0,3
11500164,2026-02-24T20:45:00Z,Karol Strowski,Artur Grela,3,0
11502797,2026-02-24T20:40:00Z,Bartosz Sulkowski,Dawid Kosmal,3,2
11502798,2026-02-24T20:35:00Z,Grzegorz Marud,Mariusz Baron,0,3
11502799,2026-02-24T20:30:00Z,Pawel Chojnacki,Kazimierz Rybak,2,3
11498238,2026-02-24T20:30:00Z,Kuba Golaszewski,Marcin Kowalczyk,3,2
11500858,2026-02-24T20:25:00Z,Tomasz Filbrandt,Patryk Jendrzejewski,3,1
11502800,2026-02-24T20:20:00Z,Jakub Glanowski,Szymon Brud,2,3
11502709,2026-02-24T20:10:00Z,Tomasz Wrzalik,Mariusz Koczyba,2,3
11502710,2026-02-24T20:10:00Z,Dariusz Molenda,Dawid Pyrek,2,3
11500923,2026-02-24T20:05:00Z,Piotr Strus,Jaroslaw Rolak,0,3
11497750,2026-02-24T20:00:00Z,Mateusz Ufnal,Artur Grela,3,2
11502711,2026-02-24T19:55:00Z,Maciej Kolek,Dawid Kosmal,3,1
11502712,2026-02-24T19:45:00Z,Krzysztof Juszczyk,Marian Lebek,3,2
11502713,2026-02-24T19:45:00Z,Henryk Tkaczyk,Maciej Lamer,3,1
11498144,2026-02-24T19:40:00Z,Stanislaw Wnek,Marcin Kowalczyk,3,1
11499225,2026-02-24T19:35:00Z,Karol Strowski,Krystian Kolodziej,1,3
11502630,2026-02-24T19:30:00Z,Bartosz Sulkowski,Wojciech Gluszek,0,3
11502631,2026-02-24T19:25:00Z,Mariusz Koczyba,Grzegorz Marud,0,3
11500839,2026-02-24T19:20:00Z,Kuba Golaszewski,Bartlomiej Mrugala,3,2
11502632,2026-02-24T19:20:00Z,Pawel Chojnacki,Dariusz Molenda,0,3
11500165,2026-02-24T19:15:00Z,Artur Grela,Tomasz Filbrandt,3,2
11502544,2026-02-24T19:10:00Z,Dawid Kosmal,Jakub Glanowski,3,2
11502545,2026-02-24T19:00:00Z,Tomasz Wrzalik,Marian Lebek,1,3
11502558,2026-02-24T18:55:00Z,Maciej Lamer,Kazimierz Rybak,3,1
11498239,2026-02-24T18:55:00Z,Marcin Kowalczyk,Jaroslaw Rolak,1,3
11497751,2026-02-24T18:50:00Z,Mateusz Ufnal,Krystian Kolodziej,0,3
11502495,2026-02-24T18:45:00Z,Maciej Kolek,Wojciech Gluszek,2,3
11502496,2026-02-24T18:35:00Z,Krzysztof Juszczyk,Mariusz Baron,1,3
11500840,2026-02-24T18:30:00Z,Piotr Strus,Bartlomiej Mrugala,3,0
11497176,2026-02-24T18:30:00Z,Henryk Tkaczyk,Dawid Pyrek,3,2
11500811,2026-02-24T18:25:00Z,Karol Strowski,Patryk Jendrzejewski,0,3
11502497,2026-02-24T18:20:00Z,Bartosz Sulkowski,Szymon Brud,2,3
11502370,2026-02-24T18:10:00Z,Marian Lebek,Grzegorz Marud,3,2
11502371,2026-02-24T18:05:00Z,Lukasz Oracz,Piotr Gumulinski,3,1
11498145,2026-02-24T18:05:00Z,Stanislaw Wnek,Kuba Golaszewski,1,3
11499226,2026-02-24T18:00:00Z,Krystian Kolodziej,Tomasz Filbrandt,1,3
11502372,2026-02-24T17:55:00Z,Wojciech Gluszek,Jakub Glanowski,3,2
11502373,2026-02-24T17:50:00Z,Mariusz Koczyba,Mariusz Baron,3,1
11497225,2026-02-24T17:45:00Z,Marcin Kowalczyk,Piotr Strus,3,0
11502297,2026-02-24T17:40:00Z,Rafal Gajda,Kacper Adamus,3,2
11500166,2026-02-24T17:40:00Z,Artur Grela,Patryk Jendrzejewski,2,3
11502298,2026-02-24T17:35:00Z,Dawid Kosmal,Szymon Brud,2,3
11502299,2026-02-24T17:25:00Z,Tomasz Wrzalik,Krzysztof Juszczyk,1,3
11497165,2026-02-24T17:25:00Z,Kuba Golaszewski,Jaroslaw Rolak,1,3
11502300,2026-02-24T17:20:00Z,Boguslaw Madej,Maksymilian Rus,3,2
11497752,2026-02-24T17:20:00Z,Mateusz Ufnal,Karol Strowski,0,3
11502213,2026-02-24T17:15:00Z,Maciej Kolek,Bartosz Sulkowski,3,1
11498146,2026-02-24T17:00:00Z,Stanislaw Wnek,Bartlomiej Mrugala,3,0
11496930,2026-02-24T17:00:00Z,Marian Lebek,Mariusz Koczyba,0,3
11502214,2026-02-24T16:55:00Z,Piotr Gumulinski,Kacper Adamus,3,1
11499227,2026-02-24T16:55:00Z,Krystian Kolodziej,Artur Grela,2,3
11502215,2026-02-24T16:50:00Z,Wojciech Gluszek,Dawid Kosmal,0,3
11496411,2026-02-24T16:35:00Z,Michal Murawski,Adrian Wiecek,3,2
11497298,2026-02-24T16:35:00Z,Krzysztof Juszczyk,Grzegorz Marud,3,2
11502127,2026-02-24T16:30:00Z,Lukasz Oracz,Maksymilian Rus,3,2
11500869,2026-02-24T16:30:00Z,Karol Strowski,Tomasz Filbrandt,3,1
11497199,2026-02-24T16:25:00Z,Bartosz Sulkowski,Jakub Glanowski,1,3
11496396,2026-02-24T16:10:00Z,Grzegorz Felkel,Jakub Kosowski,0,3
11497050,2026-02-24T16:10:00Z,Tomasz Wrzalik,Mariusz Baron,3,0
11497753,2026-02-24T16:05:00Z,Mateusz Ufnal,Patryk Jendrzejewski,2,3
11501977,2026-02-24T16:05:00Z,Boguslaw Madej,Rafal Gajda,1,3
11496826,2026-02-24T16:00:00Z,Maciej Kolek,Szymon Brud,3,1
11496393,2026-02-24T15:50:00Z,Piotr Chodorski,Artur Grela,3,0
11502143,2026-02-24T15:45:00Z,Maksymilian Rus,Piotr Gumulinski,0,3
11496358,2026-02-24T15:45:00Z,Karol Strowski,Jakub Kwapis,2,3
11501780,2026-02-24T15:40:00Z,Milosz Piecowski,Dawid Kosmal,2,3
11497917,2026-02-24T15:35:00Z,Wojciech Gluszek,Mikolaj Lukaszewski,3,0
11496359,2026-02-24T15:30:00Z,Adrian Wiecek,Jakub Kosowski,3,2
11496402,2026-02-24T15:25:00Z,Kacper Petas,Maksymilian Miastowski,1,3
11501645,2026-02-24T15:20:00Z,Jakub Zochniak,Kacper Szurlej,3,0
11501644,2026-02-24T15:20:00Z,Lukasz Oracz,Rafal Gajda,3,1
11498240,2026-02-24T15:15:00Z,Kamil Klocek,Bartlomiej Wisniewski,0,3
11496366,2026-02-24T15:05:00Z,Michal Murawski,Artur Grela,2,3
11496134,2026-02-24T15:00:00Z,Kacper Glazowski,Marcin Jadczyk,1,3
11501646,2026-02-24T14:55:00Z,Boguslaw Madej,Kacper Adamus,2,3
11501647,2026-02-24T14:55:00Z,Piotr Szafranek,Frantisek Krcil,3,2
11501648,2026-02-24T14:50:00Z,Mateusz Trela,Wojciech Iwasyszyn,1,3
11496367,2026-02-24T14:40:00Z,Piotr Chodorski,Grzegorz Felkel,1,3
11496390,2026-02-24T14:35:00Z,Jakub Kwapis,Maksymilian Miastowski,2,3
11501754,2026-02-24T14:30:00Z,Rafal Gajda,Piotr Gumulinski,0,3
11501520,2026-02-24T14:30:00Z,Dawid Kosmal,Kacper Szurlej,1,3
11497918,2026-02-24T14:25:00Z,Mikolaj Lukaszewski,Bartlomiej Wisniewski,2,3
11496375,2026-02-24T14:15:00Z,Artur Grela,Adrian Wiecek,1,3
11501264,2026-02-24T14:10:00Z,Maksymilian Rus,Kacper Adamus,3,1
11496153,2026-02-24T14:10:00Z,Karol Strowski,Marcin Jadczyk,0,3
11501265,2026-02-24T14:05:00Z,Milosz Piecowski,Frantisek Krcil,3,1
11501266,2026-02-24T14:00:00Z,Wojciech Gluszek,Wojciech Iwasyszyn,2,3
11496410,2026-02-24T13:50:00Z,Michal Murawski,Grzegorz Felkel,0,3
11501267,2026-02-24T13:45:00Z,Lukasz Oracz,Boguslaw Madej,1,3
11496368,2026-02-24T13:45:00Z,Kacper Glazowski,Kacper Petas,2,3
11501176,2026-02-24T13:40:00Z,Piotr Szafranek,Jakub Zochniak,1,3
11498241,2026-02-24T13:35:00Z,Mateusz Trela,Kamil Klocek,3,1
11496364,2026-02-24T13:25:00Z,Piotr Chodorski,Jakub Kosowski,2,3
11501177,2026-02-24T13:20:00Z,Rafal Gajda,Maksymilian Rus,2,3
11496152,2026-02-24T13:20:00Z,Marcin Jadczyk,Jakub Kwapis,2,3
11501104,2026-02-24T13:15:00Z,Frantisek Krcil,Dawid Kosmal,1,3
11497919,2026-02-24T13:10:00Z,Wojciech Iwasyszyn,Mikolaj Lukaszewski,2,3
11496361,2026-02-24T13:00:00Z,Grzegorz Felkel,Adrian Wiecek,3,2
11501105,2026-02-24T12:55:00Z,Boguslaw Madej,Piotr Gumulinski,2,3
11496397,2026-02-24T12:55:00Z,Karol Strowski,Kacper Petas,0,3
11501106,2026-02-24T12:50:00Z,Milosz Piecowski,Jakub Zochniak,1,3
11498242,2026-02-24T12:45:00Z,Wojciech Gluszek,Kamil Klocek,3,1
11496409,2026-02-24T12:35:00Z,Artur Grela,Jakub Kosowski,1,3
11501000,2026-02-24T12:30:00Z,Lukasz Oracz,Kacper Adamus,0,3
11496357,2026-02-24T12:30:00Z,Kacper Glazowski,Maksymilian Miastowski,3,0
11501001,2026-02-24T12:25:00Z,Piotr Szafranek,Kacper Szurlej,3,0
11501002,2026-02-24T12:20:00Z,Mateusz Trela,Bartlomiej Wisniewski,3,0
11496414,2026-02-24T12:10:00Z,Michal Murawski,Piotr Chodorski,3,2
11496428,2026-02-24T12:05:00Z,Kacper Petas,Jakub Kwapis,3,2
11501471,2026-02-24T12:05:00Z,Maksymilian Rus,Piotr Gumulinski,3,1
11500843,2026-02-24T12:00:00Z,Jakub Zochniak,Dawid Kosmal,0,3
11497920,2026-02-24T11:55:00Z,Kamil Klocek,Mikolaj Lukaszewski,0,3
11496374,2026-02-24T11:45:00Z,Grzegorz Felkel,Artur Grela,3,1
11500745,2026-02-24T11:40:00Z,Rafal Gajda,Kacper Adamus,1,3
11496155,2026-02-24T11:40:00Z,Marcin Jadczyk,Maksymilian Miastowski,3,0
11500746,2026-02-24T11:35:00Z,Frantisek Krcil,Kacper Szurlej,3,2
11500747,2026-02-24T11:30:00Z,Wojciech Iwasyszyn,Bartlomiej Wisniewski,2,3
11496360,2026-02-24T11:25:00Z,Piotr Chodorski,Adrian Wiecek,3,2
11500748,2026-02-24T11:20:00Z,Boguslaw Madej,Lukasz Oracz,0,3
11496365,2026-02-24T11:20:00Z,Karol Strowski,Kacper Glazowski,3,1
11500639,2026-02-24T11:10:00Z,Milosz Piecowski,Piotr Szafranek,0,3
11500640,2026-02-24T11:05:00Z,Wojciech Gluszek,Mateusz Trela,3,0
11496413,2026-02-24T11:00:00Z,Michal Murawski,Jakub Kosowski,0,3
11500641,2026-02-24T10:55:00Z,Piotr Gumulinski,Kacper Adamus,3,2
11496151,2026-02-24T10:55:00Z,Kacper Petas,Marcin Jadczyk,3,1
11499073,2026-02-24T10:50:00Z,Jakub Zochniak,Frantisek Krcil,0,3
11498243,2026-02-24T10:45:00Z,Kamil Klocek,Wojciech Iwasyszyn,0,3
11496369,2026-02-24T10:35:00Z,Piotr Chodorski,Artur Grela,1,3
11496394,2026-02-24T10:30:00Z,Kacper Glazowski,Jakub Kwapis,3,1
11500637,2026-02-24T10:30:00Z,Maksymilian Rus,Lukasz Oracz,3,2
11501093,2026-02-24T10:25:00Z,Piotr Szafranek,Dawid Kosmal,3,0
11497921,2026-02-24T10:20:00Z,Mateusz Trela,Mikolaj Lukaszewski,3,1
11496408,2026-02-24T10:10:00Z,Michal Murawski,Grzegorz Felkel,1,3
11500414,2026-02-24T10:05:00Z,Boguslaw Madej,Rafal Gajda,3,2
11496373,2026-02-24T10:05:00Z,Karol Strowski,Maksymilian Miastowski,0,3
11497177,2026-02-24T10:00:00Z,Wojciech Gluszek,Bartlomiej Wisniewski,3,2
11500415,2026-02-24T10:00:00Z,Milosz Piecowski,Kacper Szurlej,3,1
11496372,2026-02-24T09:50:00Z,Jakub Kosowski,Adrian Wiecek,3,0
11500417,2026-02-24T09:45:00Z,Lukasz Oracz,Piotr Gumulinski,3,2
11496395,2026-02-24T09:45:00Z,Kacper Glazowski,Kacper Petas,3,2
11500416,2026-02-24T09:45:00Z,Dawid Jedrysik,Jakub Kaczmarek,3,0
11500323,2026-02-24T09:35:00Z,Piotr Szafranek,Frantisek Krcil,1,3
11496389,2026-02-24T09:25:00Z,Artur Grela,Grzegorz Felkel,3,2
11496371,2026-02-24T09:20:00Z,Jakub Kwapis,Karol Wisniewski,3,0
11500325,2026-02-24T09:20:00Z,Maksymilian Rus,Rafal Gajda,2,3
11500324,2026-02-24T09:20:00Z,Adam Ruszkiewicz,Milosz Cesarz,2,3
11500256,2026-02-24T09:10:00Z,Karol Sulkowski,Grzegorz Poliniewicz,1,3
11500257,2026-02-24T09:00:00Z,Rafal Idaczyk,Marian Lebek,0,3
11496388,2026-02-24T09:00:00Z,Piotr Chodorski,Adrian Wiecek,1,3
11500258,2026-02-24T08:55:00Z,Boguslaw Madej,Kacper Adamus,3,2
11496148,2026-02-24T08:55:00Z,Maksymilian Miastowski,Marcin Jadczyk,1,3
11500259,2026-02-24T08:45:00Z,Kacper Szurlej,Milosz Piecowski,1,3
11496363,2026-02-24T08:40:00Z,Jakub Kosowski,Michal Murawski,1,3
11500220,2026-02-24T08:35:00Z,Jakub Kaczmarek,Milosz Cesarz,2,3
11496386,2026-02-24T08:35:00Z,Kacper Petas,Karol Wisniewski,3,1
11500243,2026-02-24T08:30:00Z,Wojciech Iwasyszyn,Mateusz Trela,0,3
11500373,2026-02-24T08:30:00Z,Rafal Gajda,Piotr Gumulinski,3,1
11500221,2026-02-24T08:20:00Z,Frantisek Krcil,Grzegorz Poliniewicz,1,3
11496376,2026-02-24T08:15:00Z,Adrian Wiecek,Artur Grela,3,2
11500167,2026-02-24T08:10:00Z,Dawid Jedrysik,Marian Lebek,1,3
11500168,2026-02-24T08:10:00Z,Lukasz Oracz,Kacper Adamus,3,2
11496147,2026-02-24T08:10:00Z,Kacper Glazowski,Marcin Jadczyk,1,3
11500260,2026-02-24T08:05:00Z,Rafal Stapor,Igor Dabrowski,3,1
11500169,2026-02-24T07:55:00Z,Piotr Szafranek,Milosz Piecowski,3,1
11500171,2026-02-24T07:45:00Z,Maksymilian Rus,Boguslaw Madej,3,2
11500170,2026-02-24T07:45:00Z,Rafal Idaczyk,Adam Ruszkiewicz,2,3
11500132,2026-02-24T07:40:00Z,Mateusz Trela,Igor Dabrowski,3,2
11496387,2026-02-24T07:40:00Z,Piotr Chodorski,Michal Murawski,2,3
11496412,2026-02-24T07:35:00Z,Maksymilian Miastowski,Jakub Kwapis,0,3
11500453,2026-02-24T07:30:00Z,Kacper Szurlej,Karol Sulkowski,3,1
11500133,2026-02-24T07:25:00Z,Marian Lebek,Jakub Kaczmarek,3,0
11500134,2026-02-24T07:20:00Z,Rafal Gajda,Lukasz Oracz,3,1
11500135,2026-02-24T07:15:00Z,Rafal Stapor,Wojciech Iwasyszyn,3,1
11496377,2026-02-24T07:15:00Z,Jakub Kosowski,Grzegorz Felkel,1,3
11496146,2026-02-24T07:10:00Z,Marcin Jadczyk,Kacper Petas,3,0
11500046,2026-02-24T07:05:00Z,Milosz Piecowski,Frantisek Krcil,0,3
11500047,2026-02-24T07:00:00Z,Dawid Jedrysik,Adam Ruszkiewicz,3,1
11497004,2026-02-24T06:55:00Z,Boguslaw Madej,Piotr Gumulinski,3,1
11500048,2026-02-24T06:50:00Z,Igor Dabrowski,Wojciech Iwasyszyn,3,1
11496362,2026-02-24T06:50:00Z,Michal Murawski,Artur Grela,3,1
11496370,2026-02-24T06:45:00Z,Kacper Glazowski,Jakub Kwapis,1,3
11500049,2026-02-24T06:40:00Z,Piotr Szafranek,Karol Sulkowski,3,1
11500050,2026-02-24T06:35:00Z,Rafal Idaczyk,Milosz Cesarz,3,2
11500051,2026-02-24T06:30:00Z,Maksymilian Rus,Kacper Adamus,3,2
11500052,2026-02-24T06:25:00Z,Rafal Stapor,Mateusz Trela,0,3
11496157,2026-02-24T06:25:00Z,Adrian Wiecek,Grzegorz Felkel,2,3
11496145,2026-02-24T06:20:00Z,Maksymilian Miastowski,Karol Wisniewski,3,1
11500053,2026-02-24T06:15:00Z,Kacper Szurlej,Grzegorz Poliniewicz,3,0
11500054,2026-02-24T06:10:00Z,Adam Ruszkiewicz,Jakub Kaczmarek,1,3
11496150,2026-02-24T06:05:00Z,Piotr Chodorski,Jakub Kosowski,1,3
11500045,2026-02-24T06:05:00Z,Wojciech Urban,Jakub Nowak,0,3
11500055,2026-02-24T06:00:00Z,Wojciech Iwasyszyn,Mateusz Trela,3,2
11496144,2026-02-24T06:00:00Z,Jakub Kwapis,Kacper Petas,1,3
11500101,2026-02-24T05:55:00Z,Karol Sulkowski,Frantisek Krcil,3,0
11499794,2026-02-24T03:20:00Z,Wojciech Urban,Grzegorz Marud,0,3
11496050,2026-02-24T03:20:00Z,Dariusz Wrobel,Stanislaw Wnek,0,3
11499687,2026-02-24T03:20:00Z,Miroslaw Warzecha,Miroslaw Lewczuk,0,3
11499603,2026-02-24T03:00:00Z,Michal Natkaniec,Jakub Cyndera,0,3
11496060,2026-02-24T03:00:00Z,Adrian Fabis,Milosz Kukawka,0,3
11499604,2026-02-24T02:55:00Z,Robert Kostepski,Mariusz Baron,3,2
11496061,2026-02-24T02:35:00Z,Stanislaw Wnek,Milosz Kukawka,1,3
11499556,2026-02-24T02:35:00Z,Jerzy Kucharek,Miroslaw Lewczuk,2,3
11499605,2026-02-24T02:30:00Z,Grzegorz Marud,Jakub Nowak,3,0
11493312,2026-02-24T02:30:00Z,Krystian Kolodziej,Krzysztof Kapik,2,3
11494353,2026-02-24T02:25:00Z,Igor Dabrowski,Mateusz Misiak,3,2
11496063,2026-02-24T02:10:00Z,Adrian Fabis,Dariusz Wrobel,1,3
11499500,2026-02-24T02:10:00Z,Jakub Pruszkowski,Mariusz Baron,3,0
11499465,2026-02-24T02:10:00Z,Michal Machelski,Jakub Cyndera,3,2
11493292,2026-02-24T02:05:00Z,Mateusz Ufnal,Mateusz Rutkowski,0,3
11493137,2026-02-24T02:00:00Z,Szymon Brud,Adam Linek,1,3
11499501,2026-02-24T01:45:00Z,Wojciech Urban,Robert Kostepski,1,3
11499466,2026-02-24T01:45:00Z,Michal Natkaniec,Miroslaw Warzecha,0,3
11496064,2026-02-24T01:45:00Z,Milosz Kukawka,Dariusz Wrobel,3,1
11493293,2026-02-24T01:40:00Z,Krzysztof Kapik,Mateusz Rutkowski,3,1
11493138,2026-02-24T01:35:00Z,Mateusz Misiak,Adam Linek,3,1
11499308,2026-02-24T01:25:00Z,Jakub Cyndera,Jerzy Kucharek,1,3
11499309,2026-02-24T01:20:00Z,Grzegorz Marud,Jakub Pruszkowski,1,3
11496034,2026-02-24T01:20:00Z,Adrian Fabis,Stanislaw Wnek,3,1
11493412,2026-02-24T01:15:00Z,Mateusz Ufnal,Krystian Kolodziej,0,3
11499282,2026-02-24T01:10:00Z,Szymon Brud,Igor Dabrowski,3,1
11499265,2026-02-24T01:00:00Z,Michal Machelski,Miroslaw Warzecha,1,3
11496066,2026-02-24T00:55:00Z,Dariusz Wrobel,Stanislaw Wnek,1,3
11499310,2026-02-24T00:55:00Z,Robert Kostepski,Jakub Nowak,2,3
11493294,2026-02-24T00:50:00Z,Mateusz Rutkowski,Krystian Kolodziej,2,3
11498167,2026-02-23T19:55:00Z,Szymon Brud,Lukasz Pietraszko,3,1
11498169,2026-02-23T19:45:00Z,Jakub Pruszkowski,Robert Kostepski,3,2
11498168,2026-02-23T19:45:00Z,Slawomir Janus,Miroslaw Warzecha,0,3
11496041,2026-02-23T19:40:00Z,Adrian Fabis,Marcin Kowalczyk,3,2
11496046,2026-02-23T19:35:00Z,Karol Strowski,Adrian Wiecek,3,0
11494461,2026-02-23T19:30:00Z,Artur Sobel,Jakub Zochniak,1,3
11497914,2026-02-23T19:25:00Z,Dariusz Maszczynski,Michal Natkaniec,2,3
11495384,2026-02-23T19:20:00Z,Grzegorz Marud,Wojciech Urban,2,3
11496038,2026-02-23T19:20:00Z,Stanislaw Wnek,Mikolaj Lukaszewski,1,3
11496044,2026-02-23T19:15:00Z,Josef Braun,Mateusz Ufnal,0,3
11493146,2026-02-23T19:10:00Z,Lukasz Pietraszko,Adam Linek,1,3
11497740,2026-02-23T19:00:00Z,Jakub Cyndera,Miroslaw Warzecha,0,3
11496065,2026-02-23T18:55:00Z,Marcin Kowalczyk,Milosz Kukawka,3,0
11495691,2026-02-23T18:55:00Z,Robert Kostepski,Jakub Nowak,3,2
11496048,2026-02-23T18:50:00Z,Kacper Glazowski,Adrian Wiecek,3,2
11494462,2026-02-23T18:45:00Z,Szymon Brud,Jakub Zochniak,3,2
11497642,2026-02-23T18:35:00Z,Slawomir Janus,Miroslaw Lewczuk,0,3
11495705,2026-02-23T18:30:00Z,Jakub Pruszkowski,Mariusz Baron,3,1
11496062,2026-02-23T18:30:00Z,Kamil Klocek,Mikolaj Lukaszewski,3,1
11495105,2026-02-23T18:25:00Z,Karol Strowski,Jakub Kuzmicz,3,1
11493147,2026-02-23T18:20:00Z,Artur Sobel,Piotr Szafranek,3,2
11497526,2026-02-23T18:10:00Z,Miroslaw Warzecha,Michal Natkaniec,3,2
11497527,2026-02-23T18:05:00Z,Yurij Fomin,Grzegorz Jurowicz,0,3
11496058,2026-02-23T18:05:00Z,Adrian Fabis,Stanislaw Wnek,1,3
11496051,2026-02-23T18:00:00Z,Adrian Wiecek,Mateusz Ufnal,3,2
11493148,2026-02-23T17:55:00Z,Jakub Zochniak,Adam Linek,1,3
11497528,2026-02-23T17:50:00Z,Dariusz Maszczynski,Miroslaw Lewczuk,3,2
11492775,2026-02-23T17:45:00Z,Marcin Kowalczyk,Kamil Klocek,2,3
11497389,2026-02-23T17:40:00Z,Wojciech Tobiasz,Rafal Skotniczny,1,3
11495106,2026-02-23T17:40:00Z,Josef Braun,Jakub Kuzmicz,3,0
11493149,2026-02-23T17:35:00Z,Lukasz Pietraszko,Piotr Szafranek,3,1
11497390,2026-02-23T17:25:00Z,Jakub Cyndera,Slawomir Janus,3,2
11493298,2026-02-23T17:25:00Z,Stanislaw Wnek,Milosz Kukawka,0,3
11496055,2026-02-23T17:20:00Z,Kacper Glazowski,Karol Strowski,2,3
11497391,2026-02-23T17:20:00Z,Witold Buczynski,Grzegorz Wichowski,1,3
11497278,2026-02-23T17:15:00Z,Szymon Brud,Artur Sobel,2,3
11496283,2026-02-23T17:00:00Z,Miroslaw Warzecha,Dariusz Maszczynski,3,0
11494476,2026-02-23T17:00:00Z,Adrian Fabis,Mikolaj Lukaszewski,3,1
11492226,2026-02-23T16:55:00Z,Adrian Wiecek,Josef Braun,3,0
11497279,2026-02-23T16:55:00Z,Grzegorz Jurowicz,Rafal Skotniczny,0,3
11494463,2026-02-23T16:50:00Z,Jakub Zochniak,Lukasz Pietraszko,3,2
11493334,2026-02-23T16:35:00Z,Slawomir Janus,Michal Natkaniec,3,1
11492225,2026-02-23T16:35:00Z,Jakub Kosowski,Piotr Chodorski,3,0
11492222,2026-02-23T16:30:00Z,Karol Strowski,Mateusz Ufnal,3,1
11497132,2026-02-23T16:30:00Z,Yurij Fomin,Grzegorz Wichowski,2,3
11493150,2026-02-23T16:25:00Z,Artur Sobel,Adam Linek,3,2
11492866,2026-02-23T16:10:00Z,Jakub Cyndera,Miroslaw Lewczuk,3,0
11492229,2026-02-23T16:10:00Z,Kacper Petas,Maksymilian Miastowski,2,3
11496998,2026-02-23T16:05:00Z,Witold Buczynski,Wojciech Tobiasz,1,3
11492221,2026-02-23T16:05:00Z,Kacper Glazowski,Jakub Kuzmicz,3,1
11492858,2026-02-23T16:00:00Z,Szymon Brud,Piotr Szafranek,1,3
11492224,2026-02-23T15:50:00Z,Krzysztof Wloczko,Adrian Wiecek,0,3
11492241,2026-02-23T15:45:00Z,Karol Strowski,Josef Braun,3,2
11496999,2026-02-23T15:45:00Z,Grzegorz Wichowski,Grzegorz Jurowicz,3,1
11496721,2026-02-23T15:40:00Z,Artur Sobel,Lukasz Pietraszko,0,3
11496722,2026-02-23T15:35:00Z,Kamil Klocek,Bartlomiej Wisniewski,2,3
11492223,2026-02-23T15:30:00Z,Piotr Chodorski,Maksymilian Miastowski,0,3
11492231,2026-02-23T15:25:00Z,Kacper Glazowski,Maciej Nowalinski,1,3
11496723,2026-02-23T15:20:00Z,Yurij Fomin,Wojciech Tobiasz,2,3
11493151,2026-02-23T15:20:00Z,Piotr Szafranek,Bartosz Sulkowski,1,3
11496595,2026-02-23T15:15:00Z,Karol Sulkowski,Krzysztof Kotyl,3,0
11492237,2026-02-23T15:05:00Z,Jakub Kosowski,Adrian Wiecek,1,3
11492240,2026-02-23T15:00:00Z,Jakub Kwapis,Miroslav Sklensky,1,3
11496596,2026-02-23T14:55:00Z,Michal Minda,Kacper Szurlej,3,1
11496597,2026-02-23T14:55:00Z,Witold Buczynski,Rafal Skotniczny,0,3
11496598,2026-02-23T14:50:00Z,Jacek Przewlocki,Wojciech Iwasyszyn,2,3
11492236,2026-02-23T14:40:00Z,Krzysztof Wloczko,Kacper Petas,3,0
11492233,2026-02-23T14:35:00Z,Josef Braun,Maciej Nowalinski,3,0
11496475,2026-02-23T14:30:00Z,Wojciech Tobiasz,Grzegorz Jurowicz,0,3
11496474,2026-02-23T14:30:00Z,Lukasz Pietraszko,Bartosz Sulkowski,1,3
11496476,2026-02-23T14:25:00Z,Bartlomiej Wisniewski,Krzysztof Kotyl,0,3
11492235,2026-02-23T14:15:00Z,Adrian Wiecek,Piotr Chodorski,3,2
11492239,2026-02-23T14:10:00Z,Karol Strowski,Miroslav Sklensky,3,0
11496347,2026-02-23T14:10:00Z,Grzegorz Wichowski,Rafal Skotniczny,0,3
11496348,2026-02-23T14:05:00Z,Artur Sobel,Kacper Szurlej,3,0
11497133,2026-02-23T14:00:00Z,Kamil Klocek,Wojciech Iwasyszyn,2,3
11492234,2026-02-23T13:50:00Z,Jakub Kosowski,Kacper Petas,1,3
11496349,2026-02-23T13:45:00Z,Yurij Fomin,Witold Buczynski,3,0
11492232,2026-02-23T13:45:00Z,Jakub Kwapis,Kacper Glazowski,3,0
11493152,2026-02-23T13:40:00Z,Michal Minda,Piotr Szafranek,2,3
11496298,2026-02-23T13:35:00Z,Jacek Przewlocki,Karol Sulkowski,1,3
11492242,2026-02-23T13:25:00Z,Krzysztof Wloczko,Maksymilian Miastowski,3,0
11496299,2026-02-23T13:20:00Z,Wojciech Tobiasz,Grzegorz Wichowski,3,1
11492230,2026-02-23T13:20:00Z,Miroslav Sklensky,Josef Braun,3,1
11496300,2026-02-23T13:15:00Z,Kacper Szurlej,Lukasz Pietraszko,2,3
11496301,2026-02-23T13:10:00Z,Wojciech Iwasyszyn,Bartlomiej Wisniewski,3,1
11492238,2026-02-23T13:00:00Z,Kacper Petas,Piotr Chodorski,3,0
11496302,2026-02-23T12:55:00Z,Witold Buczynski,Grzegorz Jurowicz,0,3
11492211,2026-02-23T12:55:00Z,Karol Strowski,Kacper Glazowski,1,3
11493153,2026-02-23T12:50:00Z,Artur Sobel,Piotr Szafranek,0,3
11496647,2026-02-23T12:45:00Z,Kamil Klocek,Karol Sulkowski,1,3
11492191,2026-02-23T12:35:00Z,Adrian Wiecek,Maksymilian Miastowski,3,2
11496125,2026-02-23T12:30:00Z,Yurij Fomin,Rafal Skotniczny,1,3
11492183,2026-02-23T12:30:00Z,Jakub Kwapis,Maciej Nowalinski,3,2
11496126,2026-02-23T12:25:00Z,Michal Minda,Bartosz Sulkowski,0,3
11496127,2026-02-23T12:20:00Z,Jacek Przewlocki,Krzysztof Kotyl,3,1
11492185,2026-02-23T12:10:00Z,Jakub Kosowski,Krzysztof Wloczko,1,3
11496128,2026-02-23T12:05:00Z,Grzegorz Wichowski,Grzegorz Jurowicz,2,3
11492207,2026-02-23T12:05:00Z,Kacper Glazowski,Josef Braun,3,1
11493154,2026-02-23T12:00:00Z,Piotr Szafranek,Lukasz Pietraszko,1,3
11496129,2026-02-23T11:55:00Z,Karol Sulkowski,Bartlomiej Wisniewski,1,3
11492192,2026-02-23T11:45:00Z,Kacper Petas,Adrian Wiecek,1,3
11495832,2026-02-23T11:40:00Z,Wojciech Tobiasz,Rafal Skotniczny,0,3
11492210,2026-02-23T11:40:00Z,Miroslav Sklensky,Maciej Nowalinski,3,2
11495833,2026-02-23T11:35:00Z,Kacper Szurlej,Bartosz Sulkowski,3,0
11496130,2026-02-23T11:30:00Z,Wojciech Iwasyszyn,Krzysztof Kotyl,3,0
11492196,2026-02-23T11:25:00Z,Krzysztof Wloczko,Piotr Chodorski,3,0
11492182,2026-02-23T11:20:00Z,Karol Strowski,Jakub Kwapis,1,3
11496131,2026-02-23T11:20:00Z,Witold Buczynski,Yurij Fomin,2,3
11495791,2026-02-23T11:10:00Z,Artur Sobel,Michal Minda,3,1
11496284,2026-02-23T11:05:00Z,Kamil Klocek,Jacek Przewlocki,3,2
11492184,2026-02-23T11:00:00Z,Jakub Kosowski,Maksymilian Miastowski,3,0
11495792,2026-02-23T10:55:00Z,Grzegorz Jurowicz,Rafal Skotniczny,2,3
11492194,2026-02-23T10:55:00Z,Kacper Glazowski,Miroslav Sklensky,0,3
11493155,2026-02-23T10:50:00Z,Piotr Szafranek,Kacper Szurlej,3,2
11495793,2026-02-23T10:45:00Z,Karol Sulkowski,Wojciech Iwasyszyn,3,0
11492199,2026-02-23T10:35:00Z,Krzysztof Wloczko,Kacper Petas,1,3
11495794,2026-02-23T10:30:00Z,Grzegorz Wichowski,Yurij Fomin,3,1
11492181,2026-02-23T10:30:00Z,Jakub Kwapis,Josef Braun,1,3
11495795,2026-02-23T10:25:00Z,Michal Minda,Lukasz Pietraszko,3,1
11494366,2026-02-23T10:20:00Z,Jacek Przewlocki,Bartlomiej Wisniewski,2,3
11492208,2026-02-23T10:10:00Z,Jakub Kosowski,Maksymilian Miastowski,3,1
11495699,2026-02-23T10:05:00Z,Witold Buczynski,Wojciech Tobiasz,2,3
11492219,2026-02-23T10:05:00Z,Karol Strowski,Maciej Nowalinski,3,2
11495796,2026-02-23T10:00:00Z,Artur Sobel,Bartosz Sulkowski,3,2
11495700,2026-02-23T10:00:00Z,Kamil Klocek,Krzysztof Kotyl,0,3
11492212,2026-02-23T09:50:00Z,Piotr Chodorski,Marcin Jadczyk,3,1
11495693,2026-02-23T09:45:00Z,Yurij Fomin,Grzegorz Jurowicz,3,1
11495692,2026-02-23T09:45:00Z,Jerzy Michalik,Andriej Fomin,3,2
11492177,2026-02-23T09:45:00Z,Jakub Kwapis,Miroslav Sklensky,3,1
11495694,2026-02-23T09:35:00Z,Michal Minda,Kacper Szurlej,2,3
11492188,2026-02-23T09:25:00Z,Kacper Petas,Maksymilian Miastowski,1,3
11492218,2026-02-23T09:20:00Z,Grzegorz Poliniewicz,Karol Wisniewski,0,3
11495690,2026-02-23T09:20:00Z,Grzegorz Wichowski,Wojciech Tobiasz,3,0
11495689,2026-02-23T09:20:00Z,Miroslaw Warzecha,Witold Stechly,3,1
11495315,2026-02-23T09:10:00Z,Artur Sobel,Bartosz Sulkowski,0,3
11492214,2026-02-23T09:00:00Z,Krzysztof Wloczko,Marcin Jadczyk,1,3
11495310,2026-02-23T09:00:00Z,Slawomir Janus,Michal Wolny,3,1
11495311,2026-02-23T08:55:00Z,Witold Buczynski,Rafal Skotniczny,1,3
11492197,2026-02-23T08:55:00Z,Jakub Kuzmicz,Maciej Nowalinski,2,3
11495312,2026-02-23T08:45:00Z,Arkadiusz Mugowski,Lukasz Pietraszko,0,3
11492209,2026-02-23T08:40:00Z,Piotr Chodorski,Jakub Kosowski,1,3
11495266,2026-02-23T08:35:00Z,Andriej Fomin,Witold Stechly,3,0
11492176,2026-02-23T08:35:00Z,Miroslav Sklensky,Karol Wisniewski,3,0
11495278,2026-02-23T08:30:00Z,Jacek Przewlocki,Wojciech Iwasyszyn,3,0
11495267,2026-02-23T08:30:00Z,Wojciech Tobiasz,Grzegorz Jurowicz,3,2
11495256,2026-02-23T08:20:00Z,Kacper Szurlej,Bartosz Sulkowski,3,1
11492180,2026-02-23T08:15:00Z,Marcin Jadczyk,Kacper Petas,3,0
11495187,2026-02-23T08:10:00Z,Yurij Fomin,Rafal Skotniczny,2,3
11495186,2026-02-23T08:10:00Z,Jerzy Michalik,Michal Wolny,0,3
11492881,2026-02-23T04:00:00Z,Karol Sulkowski,Wojciech Iwasyszyn,1,3
11492880,2026-02-23T04:00:00Z,Michal Minda,Bartosz Sulkowski,3,1
11494780,2026-02-23T03:45:00Z,Piotr Gumulinski,Sebastian Szostok,3,2
11494757,2026-02-23T03:45:00Z,Jaroslaw Badura,Marek Tkocz,0,3
11488809,2026-02-23T03:20:00Z,Michal Olbrycht,Jakub Zochniak,3,2
11494782,2026-02-23T03:20:00Z,Jakub Pruszkowski,Grzegorz Marud,0,3
11494666,2026-02-23T03:20:00Z,Sebastian Krupa,Jakub Jesiek,1,3
11492002,2026-02-23T03:00:00Z,Mateusz Rutkowski,Krzysztof Kapik,3,0
11494599,2026-02-23T03:00:00Z,Grzegorz Sawicki,Pawel Slosarczyk,2,3
11494783,2026-02-23T02:55:00Z,Jakub Kaczmarek,Wojciech Urban,1,3
11491997,2026-02-23T02:35:00Z,Jakub Zochniak,Krzysztof Kapik,1,3
11494559,2026-02-23T02:35:00Z,Marek Tkocz,Jakub Jesiek,3,1
11494784,2026-02-23T02:30:00Z,Grzegorz Marud,Sebastian Szostok,3,1
11488661,2026-02-23T02:30:00Z,Adam Linek,Mateusz Misiak,0,3
11490134,2026-02-23T02:25:00Z,Blazej Warpas,Adrian Fabis,0,3
11488810,2026-02-23T02:10:00Z,Mateusz Rutkowski,Michal Olbrycht,0,3
11494553,2026-02-23T02:10:00Z,Piotr Gumulinski,Wojciech Urban,3,0
11494516,2026-02-23T02:10:00Z,Jaroslaw Badura,Pawel Slosarczyk,0,3
11491994,2026-02-23T02:05:00Z,Piotr Szafranek,Dawid Kotwica,2,3
11494534,2026-02-23T02:00:00Z,Miroslaw Piecowski,Adam Kasperski,3,0
11494517,2026-02-23T01:45:00Z,Grzegorz Sawicki,Sebastian Krupa,0,3
11494555,2026-02-23T01:45:00Z,Jakub Pruszkowski,Jakub Kaczmarek,3,1
11488811,2026-02-23T01:45:00Z,Krzysztof Kapik,Michal Olbrycht,3,1
11488662,2026-02-23T01:40:00Z,Mateusz Misiak,Dawid Kotwica,3,0
11494498,2026-02-23T01:35:00Z,Adrian Fabis,Adam Kasperski,1,3
11494464,2026-02-23T01:25:00Z,Pawel Slosarczyk,Marek Tkocz,0,3
11494554,2026-02-23T01:20:00Z,Grzegorz Marud,Piotr Gumulinski,1,3
11492004,2026-02-23T01:20:00Z,Mateusz Rutkowski,Jakub Zochniak,1,3
11492000,2026-02-23T01:15:00Z,Piotr Szafranek,Adam Linek,3,1
11490135,2026-02-23T01:10:00Z,Miroslaw Piecowski,Blazej Warpas,0,3
11494422,2026-02-23T01:00:00Z,Jaroslaw Badura,Sebastian Krupa,1,3
11494556,2026-02-23T00:55:00Z,Jakub Kaczmarek,Sebastian Szostok,0,3
11488812,2026-02-23T00:55:00Z,Michal Olbrycht,Jakub Zochniak,1,3
11492001,2026-02-23T00:50:00Z,Dawid Kotwica,Adam Linek,1,3
11490136,2026-02-23T00:45:00Z,Adam Kasperski,Blazej Warpas,0,3
11494335,2026-02-23T00:35:00Z,Grzegorz Sawicki,Jakub Jesiek,1,3
11494336,2026-02-23T00:30:00Z,Jakub Pruszkowski,Wojciech Urban,3,0
11491995,2026-02-23T00:30:00Z,Mateusz Rutkowski,Krzysztof Kapik,3,2
11488663,2026-02-23T00:25:00Z,Piotr Szafranek,Mateusz Misiak,2,3
11494401,2026-02-23T00:20:00Z,Miroslaw Piecowski,Adrian Fabis,1,3
11494279,2026-02-23T00:10:00Z,Sebastian Krupa,Marek Tkocz,0,3
11494278,2026-02-23T00:05:00Z,Piotr Gumulinski,Sebastian Szostok,0,3
11491998,2026-02-23T00:05:00Z,Jakub Zochniak,Krzysztof Kapik,0,3
11488664,2026-02-23T00:00:00Z,Adam Linek,Mateusz Misiak,1,3
11490137,2026-02-22T23:55:00Z,Blazej Warpas,Adrian Fabis,1,3
11494280,2026-02-22T23:50:00Z,Pawel Slosarczyk,Jakub Jesiek,3,2
11488813,2026-02-22T23:45:00Z,Mateusz Rutkowski,Michal Olbrycht,3,0
11494225,2026-02-22T23:40:00Z,Grzegorz Marud,Wojciech Urban,2,3
11491996,2026-02-22T23:40:00Z,Piotr Szafranek,Dawid Kotwica,3,1
11494299,2026-02-22T23:35:00Z,Miroslaw Piecowski,Adam Kasperski,3,1
11494229,2026-02-22T23:25:00Z,Jaroslaw Badura,Grzegorz Sawicki,3,1
11488814,2026-02-22T23:20:00Z,Krzysztof Kapik,Michal Olbrycht,2,3
11494230,2026-02-22T23:20:00Z,Jakub Kaczmarek,Jakub Pruszkowski,1,3
11488665,2026-02-22T23:15:00Z,Mateusz Misiak,Dawid Kotwica,3,0
11494187,2026-02-22T23:10:00Z,Adrian Fabis,Adam Kasperski,1,3
11494188,2026-02-22T23:00:00Z,Sebastian Krupa,Pawel Slosarczyk,2,3
11494189,2026-02-22T22:55:00Z,Sebastian Szostok,Wojciech Urban,3,0
11487421,2026-02-22T22:55:00Z,Mateusz Rutkowski,Jakub Zochniak,3,1
11487331,2026-02-22T22:50:00Z,Piotr Szafranek,Adam Linek,3,0
11490138,2026-02-22T22:45:00Z,Miroslaw Piecowski,Blazej Warpas,3,2
11493002,2026-02-22T17:55:00Z,Adrian Fabis,Adam Kasperski,3,2
11493003,2026-02-22T17:50:00Z,Jaroslaw Badura,Jakub Jesiek,3,2
11487361,2026-02-22T17:45:00Z,Krystian Kolodziej,Maciej Kolek,2,3
11487422,2026-02-22T17:40:00Z,Sebastian Baran,Adam Linek,2,3
11492898,2026-02-22T17:40:00Z,Rafal Wojcik,Krzysztof Juszczyk,3,0
11492899,2026-02-22T17:35:00Z,Bartlomiej Wisniewski,Mikolaj Lukaszewski,3,0
11487437,2026-02-22T17:25:00Z,Petr David,Krzysztof Kapik,3,1
11492900,2026-02-22T17:25:00Z,Pawel Slosarczyk,Grzegorz Sawicki,2,3
11487317,2026-02-22T17:20:00Z,Piotr Szafranek,Blazej Warpas,3,0
11492901,2026-02-22T17:20:00Z,Lukasz Bernacki,Michal Paszkiewicz,0,3
11492803,2026-02-22T17:15:00Z,Miroslaw Piecowski,Mateusz Kalinowski,3,2
11487308,2026-02-22T17:00:00Z,Mateusz Rutkowski,Michal Olbrycht,3,1
11492804,2026-02-22T17:00:00Z,Sebastian Krupa,Jaroslaw Badura,3,1
11487322,2026-02-22T16:55:00Z,Bartlomiej Mleczko,Sebastian Baran,3,2
11492805,2026-02-22T16:55:00Z,Oskar Jadach,Krzysztof Juszczyk,3,1
11488872,2026-02-22T16:50:00Z,Adrian Fabis,Bartlomiej Wisniewski,3,2
11491391,2026-02-22T16:35:00Z,Grzegorz Sawicki,Marek Tkocz,2,3
11487357,2026-02-22T16:35:00Z,Piotr Chodorski,Maciej Nowalinski,3,0
11492688,2026-02-22T16:30:00Z,Patryk Mecik,Michal Paszkiewicz,1,3
11487263,2026-02-22T16:30:00Z,Blazej Warpas,Dawid Kotwica,3,2
11491116,2026-02-22T16:25:00Z,Mateusz Kalinowski,Adam Kasperski,3,2
11487278,2026-02-22T16:10:00Z,Pawel Slosarczyk,Jakub Jesiek,2,3
11487398,2026-02-22T16:10:00Z,Petr David,Grzegorz Felkel,3,0
11487393,2026-02-22T16:05:00Z,Piotr Szafranek,Adam Linek,2,3
11492608,2026-02-22T16:05:00Z,Lukasz Bernacki,Rafal Wojcik,3,2
11487452,2026-02-22T16:00:00Z,Miroslaw Piecowski,Mikolaj Lukaszewski,2,3
11487314,2026-02-22T15:50:00Z,Karol Wisniewski,Marcin Jadczyk,3,1
11487380,2026-02-22T15:45:00Z,Bartlomiej Mleczko,Grzegorz Poliniewicz,1,3
11492609,2026-02-22T15:45:00Z,Michal Paszkiewicz,Oskar Jadach,3,2
11492450,2026-02-22T15:40:00Z,Krzysztof Kotyl,Jakub Glanowski,1,3
11491180,2026-02-22T15:35:00Z,Sebastian Baran,Karol Sulkowski,1,3
11487414,2026-02-22T15:30:00Z,Maciej Nowalinski,Grzegorz Felkel,0,3
11487333,2026-02-22T15:25:00Z,Kamil Kostyk,Alan Wos,2,3
11492452,2026-02-22T15:20:00Z,Dawid Poloszczanski,Maciej Sinicki,1,3
11492451,2026-02-22T15:20:00Z,Patryk Mecik,Rafal Wojcik,3,2
11492310,2026-02-22T15:15:00Z,Mateusz Trela,Igor Dabrowski,1,3
11487397,2026-02-22T15:05:00Z,Piotr Chodorski,Marcin Jadczyk,1,3
11487375,2026-02-22T15:00:00Z,Marcin Marchlewski,Radoslaw Chrzescian,1,3
11492312,2026-02-22T14:55:00Z,Tadeusz Piotrowski,Bartlomiej Wisniewski,3,1
11492311,2026-02-22T14:55:00Z,Lukasz Bernacki,Krzysztof Juszczyk,0,3
11488788,2026-02-22T14:50:00Z,Daniel Murawski,Kacper Makowski,3,1
11487377,2026-02-22T14:40:00Z,Karol Wisniewski,Petr David,1,3
11487320,2026-02-22T14:35:00Z,Grzegorz Poliniewicz,Alan Wos,3,2
11492244,2026-02-22T14:30:00Z,Jakub Glanowski,Maciej Sinicki,3,2
11492243,2026-02-22T14:30:00Z,Rafal Wojcik,Oskar Jadach,2,3
11491181,2026-02-22T14:25:00Z,Karol Sulkowski,Igor Dabrowski,3,1
11487425,2026-02-22T14:15:00Z,Marcin Jadczyk,Maciej Nowalinski,3,1
11487395,2026-02-22T14:10:00Z,Bartlomiej Mleczko,Radoslaw Chrzescian,2,3
11492129,2026-02-22T14:10:00Z,Michal Paszkiewicz,Krzysztof Juszczyk,3,0
11492130,2026-02-22T14:05:00Z,Krzysztof Kotyl,Bartlomiej Wisniewski,1,3
11488789,2026-02-22T14:00:00Z,Sebastian Baran,Kacper Makowski,2,3
11487388,2026-02-22T13:50:00Z,Piotr Chodorski,Petr David,2,3
11487313,2026-02-22T13:45:00Z,Marcin Marchlewski,Kamil Kostyk,3,0
11492131,2026-02-22T13:45:00Z,Patryk Mecik,Lukasz Bernacki,0,3
11492065,2026-02-22T13:40:00Z,Tadeusz Piotrowski,Dawid Poloszczanski,1,3
11492066,2026-02-22T13:35:00Z,Daniel Murawski,Mateusz Trela,2,3
11487305,2026-02-22T13:25:00Z,Karol Wisniewski,Grzegorz Felkel,0,3
11487356,2026-02-22T13:20:00Z,Radoslaw Chrzescian,Grzegorz Poliniewicz,1,3
11492067,2026-02-22T13:20:00Z,Rafal Wojcik,Michal Paszkiewicz,0,3
11491935,2026-02-22T13:15:00Z,Bartlomiej Wisniewski,Jakub Glanowski,1,3
11488790,2026-02-22T13:10:00Z,Kacper Makowski,Karol Sulkowski,1,3
11487384,2026-02-22T13:00:00Z,Petr David,Maciej Nowalinski,3,1
11491936,2026-02-22T12:55:00Z,Lukasz Bernacki,Oskar Jadach,1,3
11487374,2026-02-22T12:55:00Z,Bartlomiej Mleczko,Kamil Kostyk,0,3
11491939,2026-02-22T12:50:00Z,Krzysztof Kotyl,Dawid Poloszczanski,2,3
11491937,2026-02-22T12:45:00Z,Sebastian Baran,Mateusz Trela,3,0
11487321,2026-02-22T12:35:00Z,Marcin Jadczyk,Grzegorz Felkel,3,1
11491874,2026-02-22T12:30:00Z,Patryk Mecik,Krzysztof Juszczyk,1,3
11487440,2026-02-22T12:30:00Z,Marcin Marchlewski,Alan Wos,3,0
11491875,2026-02-22T12:25:00Z,Tadeusz Piotrowski,Maciej Sinicki,3,1
11491877,2026-02-22T12:20:00Z,Daniel Murawski,Igor Dabrowski,3,1
11487390,2026-02-22T12:10:00Z,Piotr Chodorski,Karol Wisniewski,3,2
11487373,2026-02-22T12:05:00Z,Kamil Kostyk,Grzegorz Poliniewicz,2,3
11491818,2026-02-22T12:05:00Z,Michal Paszkiewicz,Rafal Wojcik,1,3
11491819,2026-02-22T12:00:00Z,Dawid Poloszczanski,Jakub Glanowski,3,2
11491182,2026-02-22T11:55:00Z,Mateusz Trela,Karol Sulkowski,0,3
11487376,2026-02-22T11:45:00Z,Petr David,Marcin Jadczyk,1,3
11491727,2026-02-22T11:40:00Z,Oskar Jadach,Krzysztof Juszczyk,3,1
11487389,2026-02-22T11:40:00Z,Radoslaw Chrzescian,Alan Wos,3,1
11491728,2026-02-22T11:35:00Z,Bartlomiej Wisniewski,Maciej Sinicki,1,3
11488791,2026-02-22T11:30:00Z,Kacper Makowski,Igor Dabrowski,3,1
11487312,2026-02-22T11:25:00Z,Karol Wisniewski,Maciej Nowalinski,0,3
11487301,2026-02-22T11:20:00Z,Bartlomiej Mleczko,Marcin Marchlewski,3,1
11491729,2026-02-22T11:20:00Z,Lukasz Bernacki,Patryk Mecik,3,0
11491687,2026-02-22T11:10:00Z,Krzysztof Kotyl,Tadeusz Piotrowski,0,3
11491704,2026-02-22T11:05:00Z,Sebastian Baran,Daniel Murawski,3,0
11487396,2026-02-22T11:00:00Z,Piotr Chodorski,Grzegorz Felkel,3,0
11487355,2026-02-22T10:55:00Z,Kamil Kostyk,Radoslaw Chrzescian,3,1
11491688,2026-02-22T10:55:00Z,Rafal Wojcik,Krzysztof Juszczyk,3,2
11490280,2026-02-22T10:50:00Z,Dawid Poloszczanski,Bartlomiej Wisniewski,3,2
11488792,2026-02-22T10:45:00Z,Mateusz Trela,Kacper Makowski,3,2
11487335,2026-02-22T10:35:00Z,Karol Wisniewski,Petr David,2,3
11491628,2026-02-22T10:30:00Z,Michal Paszkiewicz,Patryk Mecik,2,3
11487354,2026-02-22T10:30:00Z,Marcin Marchlewski,Grzegorz Poliniewicz,3,2
11491659,2026-02-22T10:25:00Z,Tadeusz Piotrowski,Jakub Glanowski,2,3
11491183,2026-02-22T10:20:00Z,Daniel Murawski,Karol Sulkowski,3,1
11487353,2026-02-22T10:10:00Z,Piotr Chodorski,Grzegorz Felkel,0,3
11491482,2026-02-22T10:05:00Z,Lukasz Bernacki,Oskar Jadach,3,1
11487408,2026-02-22T10:05:00Z,Bartlomiej Mleczko,Alan Wos,3,2
11491563,2026-02-22T10:00:00Z,Krzysztof Kotyl,Maciej Sinicki,1,3
11491483,2026-02-22T10:00:00Z,Sebastian Baran,Igor Dabrowski,3,0
11487394,2026-02-22T09:50:00Z,Jan Zandecki,Marcin Jadczyk,0,3
11491484,2026-02-22T09:45:00Z,Patryk Mecik,Rafal Wojcik,1,3
11491485,2026-02-22T09:45:00Z,Pawel Slosarczyk,Marek Tkocz,0,3
11487350,2026-02-22T09:45:00Z,Radoslaw Chrzescian,Marcin Marchlewski,1,3
11488793,2026-02-22T09:35:00Z,Tadeusz Piotrowski,Kacper Makowski,3,1
11487372,2026-02-22T09:25:00Z,Petr David,Grzegorz Felkel,2,3
11491321,2026-02-22T09:20:00Z,Wojciech Urban,Rafal Idaczyk,3,0
11491325,2026-02-22T09:20:00Z,Michal Paszkiewicz,Oskar Jadach,3,1
11487318,2026-02-22T09:20:00Z,Bartlomiej Mleczko,Kamil Kostyk,0,3
11491326,2026-02-22T09:10:00Z,Maciej Sinicki,Dawid Poloszczanski,3,2
11487311,2026-02-22T09:00:00Z,Karol Wisniewski,Marcin Jadczyk,3,2
11491327,2026-02-22T09:00:00Z,Oliver Vincenec,Mariusz Koczyba,1,3
11491328,2026-02-22T08:55:00Z,Lukasz Bernacki,Krzysztof Juszczyk,3,2
11487360,2026-02-22T08:55:00Z,Alan Wos,Karol Sulkowski,1,3
11491329,2026-02-22T08:45:00Z,Krzysztof Kotyl,Jakub Glanowski,0,3
11487309,2026-02-22T08:40:00Z,Jan Zandecki,Piotr Chodorski,3,2
11491276,2026-02-22T08:35:00Z,Marek Tkocz,Rafal Idaczyk,3,1
11487300,2026-02-22T08:35:00Z,Marcin Marchlewski,Kamil Kostyk,3,1
11491297,2026-02-22T08:30:00Z,Sebastian Baran,Daniel Murawski,0,3
11491277,2026-02-22T08:30:00Z,Oskar Jadach,Rafal Wojcik,3,2
11488794,2026-02-22T08:20:00Z,Kacper Makowski,Dawid Poloszczanski,3,2
11487371,2026-02-22T08:15:00Z,Marcin Jadczyk,Petr David,3,2
11491651,2026-02-22T08:10:00Z,Patryk Mecik,Krzysztof Juszczyk,0,3
11491234,2026-02-22T08:10:00Z,Pawel Slosarczyk,Mariusz Koczyba,2,3
11487334,2026-02-22T08:10:00Z,Radoslaw Chrzescian,Karol Sulkowski,0,3
11491266,2026-02-22T08:05:00Z,Mateusz Trela,Igor Dabrowski,2,3
11491231,2026-02-22T07:55:00Z,Tadeusz Piotrowski,Jakub Glanowski,2,3
11491244,2026-02-22T07:45:00Z,Oliver Vincenec,Wojciech Urban,0,3
11491233,2026-02-22T07:45:00Z,Michal Paszkiewicz,Lukasz Bernacki,3,2
11487352,2026-02-22T07:40:00Z,Karol Wisniewski,Piotr Chodorski,1,3
11491208,2026-02-22T07:40:00Z,Daniel Murawski,Igor Dabrowski,1,3
11487392,2026-02-22T07:35:00Z,Alan Wos,Bartlomiej Mleczko,3,1
11491186,2026-02-22T07:30:00Z,Krzysztof Kotyl,Maciej Sinicki,3,2
11491187,2026-02-22T07:25:00Z,Mariusz Koczyba,Marek Tkocz,2,3
11491188,2026-02-22T07:20:00Z,Oskar Jadach,Patryk Mecik,1,3
11487418,2026-02-22T07:15:00Z,Jan Zandecki,Grzegorz Felkel,2,3
11491189,2026-02-22T07:15:00Z,Mateusz Trela,Sebastian Baran,3,0
11487326,2026-02-22T07:10:00Z,Karol Sulkowski,Marcin Marchlewski,3,0
11488795,2026-02-22T07:05:00Z,Jakub Glanowski,Kacper Makowski,3,0
11491170,2026-02-22T07:00:00Z,Pawel Slosarczyk,Wojciech Urban,2,3
11489345,2026-02-22T06:55:00Z,Lukasz Bernacki,Rafal Wojcik,3,1
11491142,2026-02-22T06:50:00Z,Igor Dabrowski,Sebastian Baran,3,0
11487370,2026-02-22T06:50:00Z,Piotr Chodorski,Petr David,2,3
11487349,2026-02-22T06:45:00Z,Radoslaw Chrzescian,Bartlomiej Mleczko,1,3
11491112,2026-02-22T06:40:00Z,Tadeusz Piotrowski,Maciej Sinicki,3,0
11491113,2026-02-22T06:35:00Z,Oliver Vincenec,Rafal Idaczyk,1,3
11488112,2026-02-22T06:30:00Z,Michal Paszkiewicz,Krzysztof Juszczyk,3,1
11487369,2026-02-22T06:25:00Z,Marcin Jadczyk,Grzegorz Felkel,2,3
11491121,2026-02-22T06:25:00Z,Mateusz Trela,Daniel Murawski,0,3
11487348,2026-02-22T06:20:00Z,Alan Wos,Kamil Kostyk,1,3
11491065,2026-02-22T06:15:00Z,Krzysztof Kotyl,Dawid Poloszczanski,0,3
11491171,2026-02-22T06:10:00Z,Wojciech Urban,Marek Tkocz,1,3
11491172,2026-02-22T06:05:00Z,Jakub Nowak,Jakub Michalski,3,0
11487410,2026-02-22T06:05:00Z,Karol Wisniewski,Jan Zandecki,2,3
11491066,2026-02-22T06:00:00Z,Sebastian Baran,Daniel Murawski,1,3
11487304,2026-02-22T06:00:00Z,Bartlomiej Mleczko,Marcin Marchlewski,3,0
11488796,2026-02-22T05:55:00Z,Maciej Sinicki,Kacper Makowski,3,1
11491067,2026-02-22T05:50:00Z,Mariusz Koczyba,Rafal Idaczyk,3,1
11487327,2026-02-22T05:40:00Z,Piotr Chodorski,Marcin Jadczyk,0,3
11491006,2026-02-22T05:40:00Z,Damian Fira,Grzegorz Sawicki,3,2
11487368,2026-02-22T05:35:00Z,Karol Sulkowski,Kamil Kostyk,2,3
11491003,2026-02-22T05:35:00Z,Mateusz Trela,Igor Dabrowski,3,2
11491004,2026-02-22T05:30:00Z,Jakub Glanowski,Dawid Poloszczanski,2,3
11491005,2026-02-22T05:25:00Z,Pawel Slosarczyk,Oliver Vincenec,0,3
11487379,2026-02-22T05:20:00Z,Jan Zandecki,Petr David,2,3
11491007,2026-02-22T05:20:00Z,Piotr Gumulinski,Roman Wiza,3,1
11487364,2026-02-22T05:15:00Z,Radoslaw Chrzescian,Alan Wos,3,0
11490957,2026-02-22T05:10:00Z,Daniel Murawski,Igor Dabrowski,0,3
11490958,2026-02-22T05:10:00Z,Tadeusz Piotrowski,Krzysztof Kotyl,3,1
11487351,2026-02-22T05:00:00Z,Karol Wisniewski,Grzegorz Felkel,3,0
11490504,2026-02-22T05:00:00Z,Wojciech Urban,Mariusz Koczyba,3,0
11491008,2026-02-22T04:55:00Z,Jakub Michalski,Grzegorz Sawicki,0,3
11487367,2026-02-22T04:55:00Z,Bartlomiej Mleczko,Karol Sulkowski,1,3
11487726,2026-02-22T04:50:00Z,Maciej Sinicki,Jakub Glanowski,1,3
11490959,2026-02-22T04:45:00Z,Mateusz Trela,Sebastian Baran,0,3
11487627,2026-02-22T04:35:00Z,Oliver Vincenec,Marek Tkocz,1,3
11491009,2026-02-22T04:30:00Z,Jakub Nowak,Roman Wiza,0,3
11487363,2026-02-22T04:30:00Z,Alan Wos,Marcin Marchlewski,3,1
