GAME_ID,GAME_DATE,TEAM,OPP_TEAM,GF,GA,SF,SA
2025020001,2025-10-07,CHI,FLA,2,3,19,37
2025020001,2025-10-07,FLA,CHI,3,2,37,19
2025020002,2025-10-07,NYR,PIT,0,3,25,31
2025020002,2025-10-07,PIT,NYR,3,0,31,25
2025020003,2025-10-07,COL,LAK,4,1,23,25
2025020003,2025-10-07,LAK,COL,1,4,25,23
2025020004,2025-10-08,MTL,TOR,2,5,31,27
2025020004,2025-10-08,TOR,MTL,5,2,27,31
2025020005,2025-10-08,BOS,WSH,3,1,22,36
2025020005,2025-10-08,WSH,BOS,1,3,36,22
2025020006,2025-10-08,CGY,EDM,3,3,22,35
2025020006,2025-10-08,EDM,CGY,3,3,35,22
2025020007,2025-10-08,LAK,VGK,5,5,26,35
2025020007,2025-10-08,VGK,LAK,5,5,35,26
2025020008,2025-10-09,BOS,CHI,4,3,33,24
2025020008,2025-10-09,CHI,BOS,3,4,24,33
2025020009,2025-10-09,BUF,NYR,0,4,37,33
2025020009,2025-10-09,NYR,BUF,4,0,33,37
2025020010,2025-10-09,DET,MTL,1,5,31,17
2025020010,2025-10-09,MTL,DET,5,1,17,31
2025020011,2025-10-09,OTT,TBL,5,4,34,25
2025020011,2025-10-09,TBL,OTT,4,5,25,34
2025020012,2025-10-09,FLA,PHI,2,1,34,20
2025020012,2025-10-09,PHI,FLA,1,2,20,34
2025020013,2025-10-09,NYI,PIT,3,4,37,28
2025020013,2025-10-09,PIT,NYI,4,3,28,37
2025020014,2025-10-09,CAR,NJD,6,3,33,22
2025020014,2025-10-09,NJD,CAR,3,6,22,33
2025020015,2025-10-09,MIN,STL,5,0,21,26
2025020015,2025-10-09,STL,MIN,0,5,26,21
2025020016,2025-10-09,CBJ,NSH,1,2,39,32
2025020016,2025-10-09,NSH,CBJ,2,1,32,39
2025020017,2025-10-09,DAL,WPG,5,4,37,25
2025020017,2025-10-09,WPG,DAL,4,5,25,37
2025020018,2025-10-09,COL,UTA,2,1,27,33
2025020018,2025-10-09,UTA,COL,1,2,33,27
2025020019,2025-10-09,CGY,VAN,1,5,18,26
2025020019,2025-10-09,VAN,CGY,5,1,26,18
2025020020,2025-10-09,SJS,VGK,3,4,23,31
2025020020,2025-10-09,VGK,SJS,4,3,31,23
2025020021,2025-10-09,ANA,SEA,1,3,36,31
2025020021,2025-10-09,SEA,ANA,3,1,31,36
2025020022,2025-10-11,LAK,WPG,2,3,32,27
2025020022,2025-10-11,WPG,LAK,3,2,27,32
2025020023,2025-10-11,CGY,STL,2,4,29,28
2025020023,2025-10-11,STL,CGY,4,2,28,29
2025020024,2025-10-11,BOS,BUF,3,1,31,22
2025020024,2025-10-11,BUF,BOS,1,3,22,31
2025020025,2025-10-11,DET,TOR,6,3,35,23
2025020025,2025-10-11,TOR,DET,3,6,23,35
2025020026,2025-10-11,NJD,TBL,5,3,31,17
2025020026,2025-10-11,TBL,NJD,3,5,17,31
2025020027,2025-10-11,FLA,OTT,6,2,27,28
2025020027,2025-10-11,OTT,FLA,2,6,28,27
2025020028,2025-10-11,NYI,WSH,2,4,36,29
2025020028,2025-10-11,WSH,NYI,4,2,29,36
2025020029,2025-10-11,NYR,PIT,6,1,30,19
2025020029,2025-10-11,PIT,NYR,1,6,19,30
2025020030,2025-10-11,CAR,PHI,4,3,39,23
2025020030,2025-10-11,PHI,CAR,3,4,23,39
2025020031,2025-10-11,CHI,MTL,2,3,22,28
2025020031,2025-10-11,MTL,CHI,3,2,28,22
2025020032,2025-10-11,NSH,UTA,2,3,23,23
2025020032,2025-10-11,UTA,NSH,3,2,23,23
2025020033,2025-10-11,CBJ,MIN,7,4,32,52
2025020033,2025-10-11,MIN,CBJ,4,7,52,32
2025020034,2025-10-11,COL,DAL,4,4,39,22
2025020034,2025-10-11,DAL,COL,4,4,22,39
2025020035,2025-10-11,EDM,VAN,3,1,37,15
2025020035,2025-10-11,VAN,EDM,1,3,15,37
2025020036,2025-10-11,ANA,SJS,7,6,44,23
2025020036,2025-10-11,SJS,ANA,6,7,23,44
2025020037,2025-10-11,SEA,VGK,2,1,22,27
2025020037,2025-10-11,VGK,SEA,1,2,27,22
2025020038,2025-10-12,NYR,WSH,0,1,35,21
2025020038,2025-10-12,WSH,NYR,1,0,21,35
2025020039,2025-10-13,BUF,COL,1,3,28,37
2025020039,2025-10-13,COL,BUF,3,1,37,28
2025020040,2025-10-13,BOS,TBL,3,4,33,23
2025020040,2025-10-13,TBL,BOS,4,3,23,33
2025020041,2025-10-13,NSH,OTT,4,1,26,32
2025020041,2025-10-13,OTT,NSH,1,4,32,26
2025020042,2025-10-13,NYI,WPG,2,5,35,26
2025020042,2025-10-13,WPG,NYI,5,2,26,35
2025020043,2025-10-13,DET,TOR,3,2,15,40
2025020043,2025-10-13,TOR,DET,2,3,40,15
2025020044,2025-10-13,FLA,PHI,2,5,26,22
2025020044,2025-10-13,PHI,FLA,5,2,22,26
2025020045,2025-10-13,CBJ,NJD,2,3,33,28
2025020045,2025-10-13,NJD,CBJ,3,2,28,33
2025020046,2025-10-13,STL,VAN,5,2,36,29
2025020046,2025-10-13,VAN,STL,2,5,29,36
2025020047,2025-10-13,LAK,MIN,3,3,34,26
2025020047,2025-10-13,MIN,LAK,3,3,26,34
2025020048,2025-10-13,CHI,UTA,3,1,14,22
2025020048,2025-10-13,UTA,CHI,1,3,22,14
2025020049,2025-10-14,NSH,TOR,4,7,30,28
2025020049,2025-10-14,TOR,NSH,7,4,28,30
2025020050,2025-10-14,MTL,SEA,5,4,22,22
2025020050,2025-10-14,SEA,MTL,4,5,22,22
2025020051,2025-10-14,EDM,NYR,2,0,22,30
2025020051,2025-10-14,NYR,EDM,0,2,30,22
2025020052,2025-10-14,TBL,WSH,2,3,19,28
2025020052,2025-10-14,WSH,TBL,3,2,28,19
2025020053,2025-10-14,CGY,VGK,2,4,29,30
2025020053,2025-10-14,VGK,CGY,4,2,30,29
2025020054,2025-10-14,DAL,MIN,5,2,25,41
2025020054,2025-10-14,MIN,DAL,2,5,41,25
2025020055,2025-10-14,CAR,SJS,5,1,43,17
2025020055,2025-10-14,SJS,CAR,1,5,17,43
2025020056,2025-10-14,ANA,PIT,4,3,22,25
2025020056,2025-10-14,PIT,ANA,3,4,25,22
2025020057,2025-10-15,BUF,OTT,8,4,27,37
2025020057,2025-10-15,OTT,BUF,4,8,37,27
2025020058,2025-10-15,DET,FLA,4,1,25,21
2025020058,2025-10-15,FLA,DET,1,4,21,25
2025020059,2025-10-15,CHI,STL,8,3,29,26
2025020059,2025-10-15,STL,CHI,3,8,26,29
2025020060,2025-10-15,CGY,UTA,1,3,20,32
2025020060,2025-10-15,UTA,CGY,3,1,32,20
2025020061,2025-10-16,NYR,TOR,1,2,29,24
2025020061,2025-10-16,TOR,NYR,2,1,24,29
2025020062,2025-10-16,MTL,NSH,3,2,30,19
2025020062,2025-10-16,NSH,MTL,2,3,19,30
2025020063,2025-10-16,OTT,SEA,3,3,23,33
2025020063,2025-10-16,SEA,OTT,3,3,33,23
2025020064,2025-10-16,FLA,NJD,1,3,22,33
2025020064,2025-10-16,NJD,FLA,3,1,33,22
2025020065,2025-10-16,EDM,NYI,2,4,33,25
2025020065,2025-10-16,NYI,EDM,4,2,25,33
2025020066,2025-10-16,PHI,WPG,2,5,17,15
2025020066,2025-10-16,WPG,PHI,5,2,15,17
2025020067,2025-10-16,CBJ,COL,1,4,23,36
2025020067,2025-10-16,COL,CBJ,4,1,36,23
2025020068,2025-10-16,DAL,VAN,3,5,31,26
2025020068,2025-10-16,VAN,DAL,5,3,26,31
2025020069,2025-10-16,BOS,VGK,5,6,24,37
2025020069,2025-10-16,VGK,BOS,6,5,37,24
2025020070,2025-10-16,ANA,CAR,1,4,24,32
2025020070,2025-10-16,CAR,ANA,4,1,32,24
2025020071,2025-10-16,LAK,PIT,2,4,32,26
2025020071,2025-10-16,PIT,LAK,4,2,26,32
2025020072,2025-10-17,DET,TBL,2,1,31,32
2025020072,2025-10-17,TBL,DET,1,2,32,31
2025020073,2025-10-17,MIN,WSH,1,5,14,45
2025020073,2025-10-17,WSH,MIN,5,1,45,14
2025020074,2025-10-17,CHI,VAN,2,2,33,32
2025020074,2025-10-17,VAN,CHI,2,2,32,33
2025020075,2025-10-17,SJS,UTA,3,6,21,34
2025020075,2025-10-17,UTA,SJS,6,3,34,21
2025020076,2025-10-18,BUF,FLA,3,0,31,32
2025020076,2025-10-18,FLA,BUF,0,3,32,31
2025020077,2025-10-18,NYI,OTT,5,4,23,32
2025020077,2025-10-18,OTT,NYI,4,5,32,23
2025020078,2025-10-18,EDM,NJD,3,5,30,23
2025020078,2025-10-18,NJD,EDM,5,3,23,30
2025020079,2025-10-18,SEA,TOR,4,3,28,30
2025020079,2025-10-18,TOR,SEA,3,4,30,28
2025020080,2025-10-18,MTL,NYR,3,4,24,22
2025020080,2025-10-18,NYR,MTL,4,3,22,24
2025020081,2025-10-18,MIN,PHI,1,2,16,21
2025020081,2025-10-18,PHI,MIN,2,1,21,16
2025020082,2025-10-18,CBJ,TBL,3,2,31,24
2025020082,2025-10-18,TBL,CBJ,2,3,24,31
2025020083,2025-10-18,DAL,STL,1,3,19,22
2025020083,2025-10-18,STL,DAL,3,1,22,19
2025020084,2025-10-18,NSH,WPG,1,4,31,24
2025020084,2025-10-18,WPG,NSH,4,1,24,31
2025020085,2025-10-18,BOS,COL,1,4,14,38
2025020085,2025-10-18,COL,BOS,4,1,38,14
2025020086,2025-10-18,CAR,LAK,4,3,40,28
2025020086,2025-10-18,LAK,CAR,3,4,28,40
2025020087,2025-10-18,CGY,VGK,1,6,27,28
2025020087,2025-10-18,VGK,CGY,6,1,28,27
2025020088,2025-10-18,PIT,SJS,3,0,27,31
2025020088,2025-10-18,SJS,PIT,0,3,31,27
2025020089,2025-10-19,VAN,WSH,4,3,24,31
2025020089,2025-10-19,WSH,VAN,3,4,31,24
2025020090,2025-10-19,DET,EDM,4,2,25,18
2025020090,2025-10-19,EDM,DET,2,4,18,25
2025020091,2025-10-19,ANA,CHI,1,2,39,30
2025020091,2025-10-19,CHI,ANA,2,1,30,39
2025020092,2025-10-19,BOS,UTA,2,3,26,27
2025020092,2025-10-19,UTA,BOS,3,2,27,26
2025020093,2025-10-20,MIN,NYR,3,1,32,24
2025020093,2025-10-20,NYR,MIN,1,3,24,32
2025020094,2025-10-20,PHI,SEA,5,2,27,23
2025020094,2025-10-20,SEA,PHI,2,5,23,27
2025020095,2025-10-20,BUF,MTL,2,4,32,32
2025020095,2025-10-20,MTL,BUF,4,2,32,32
2025020096,2025-10-20,CGY,WPG,1,2,33,27
2025020096,2025-10-20,WPG,CGY,2,1,27,33
2025020097,2025-10-20,CAR,VGK,1,4,27,26
2025020097,2025-10-20,VGK,CAR,4,1,26,27
2025020098,2025-10-21,NJD,TOR,5,2,35,25
2025020098,2025-10-21,TOR,NJD,2,5,25,35
2025020099,2025-10-21,EDM,OTT,3,2,25,21
2025020099,2025-10-21,OTT,EDM,2,3,21,25
2025020100,2025-10-21,NYI,SJS,4,3,27,36
2025020100,2025-10-21,SJS,NYI,3,4,36,27
2025020101,2025-10-21,PIT,VAN,5,1,26,24
2025020101,2025-10-21,VAN,PIT,1,5,24,26
2025020102,2025-10-21,SEA,WSH,1,4,19,34
2025020102,2025-10-21,WSH,SEA,4,1,34,19
2025020103,2025-10-21,BOS,FLA,3,4,31,23
2025020103,2025-10-21,FLA,BOS,4,3,23,31
2025020104,2025-10-21,LAK,STL,2,1,28,18
2025020104,2025-10-21,STL,LAK,1,2,18,28
2025020105,2025-10-21,ANA,NSH,5,2,32,28
2025020105,2025-10-21,NSH,ANA,2,5,28,32
2025020106,2025-10-21,CBJ,DAL,5,1,29,23
2025020106,2025-10-21,DAL,CBJ,1,5,23,29
2025020107,2025-10-21,COL,UTA,3,4,33,33
2025020107,2025-10-21,UTA,COL,4,3,33,33
2025020108,2025-10-22,MIN,NJD,1,4,31,35
2025020108,2025-10-22,NJD,MIN,4,1,35,31
2025020109,2025-10-22,BUF,DET,4,2,31,31
2025020109,2025-10-22,DET,BUF,2,4,31,31
2025020110,2025-10-22,CGY,MTL,1,2,37,28
2025020110,2025-10-22,MTL,CGY,2,1,28,37
2025020111,2025-10-23,ANA,BOS,7,5,30,42
2025020111,2025-10-23,BOS,ANA,5,7,42,30
2025020112,2025-10-23,OTT,PHI,2,1,33,23
2025020112,2025-10-23,PHI,OTT,1,2,23,33
2025020113,2025-10-23,CHI,TBL,3,2,25,31
2025020113,2025-10-23,TBL,CHI,2,3,31,25
2025020114,2025-10-23,FLA,PIT,3,5,37,17
2025020114,2025-10-23,PIT,FLA,5,3,17,37
2025020115,2025-10-23,DET,NYI,2,7,34,30
2025020115,2025-10-23,NYI,DET,7,2,30,34
2025020116,2025-10-23,NYR,SJS,5,6,27,24
2025020116,2025-10-23,SJS,NYR,6,5,24,27
2025020117,2025-10-23,STL,UTA,4,7,20,25
2025020117,2025-10-23,UTA,STL,7,4,25,20
2025020118,2025-10-23,NSH,VAN,2,1,35,22
2025020118,2025-10-23,VAN,NSH,1,2,22,35
2025020119,2025-10-23,DAL,LAK,2,3,31,25
2025020119,2025-10-23,LAK,DAL,3,2,25,31
2025020120,2025-10-23,SEA,WPG,3,0,28,32
2025020120,2025-10-23,WPG,SEA,0,3,32,28
2025020121,2025-10-23,CAR,COL,4,4,31,48
2025020121,2025-10-23,COL,CAR,4,4,48,31
2025020122,2025-10-23,EDM,MTL,6,5,29,27
2025020122,2025-10-23,MTL,EDM,5,6,27,29
2025020123,2025-10-24,BUF,TOR,5,3,30,34
2025020123,2025-10-24,TOR,BUF,3,5,34,30
2025020124,2025-10-24,NJD,SJS,3,1,29,17
2025020124,2025-10-24,SJS,NJD,1,3,17,29
2025020125,2025-10-24,CBJ,WSH,1,5,35,30
2025020125,2025-10-24,WSH,CBJ,5,1,30,35
2025020126,2025-10-24,CGY,WPG,3,5,33,32
2025020126,2025-10-24,WPG,CGY,5,3,32,33
2025020127,2025-10-25,NYI,PHI,3,3,26,26
2025020127,2025-10-25,PHI,NYI,3,3,26,26
2025020128,2025-10-25,BOS,COL,3,2,19,33
2025020128,2025-10-25,COL,BOS,2,3,33,19
2025020129,2025-10-25,ANA,TBL,3,4,40,33
2025020129,2025-10-25,TBL,ANA,4,3,33,40
2025020130,2025-10-25,FLA,VGK,3,0,26,17
2025020130,2025-10-25,VGK,FLA,0,3,17,26
2025020131,2025-10-25,MIN,UTA,2,6,35,41
2025020131,2025-10-25,UTA,MIN,6,2,41,35
2025020132,2025-10-25,BUF,TOR,3,4,26,23
2025020132,2025-10-25,TOR,BUF,4,3,23,26
2025020133,2025-10-25,DET,STL,6,4,28,29
2025020133,2025-10-25,STL,DET,4,6,29,28
2025020134,2025-10-25,CBJ,PIT,4,4,41,31
2025020134,2025-10-25,PIT,CBJ,4,4,31,41
2025020135,2025-10-25,OTT,WSH,7,1,34,13
2025020135,2025-10-25,WSH,OTT,1,7,13,34
2025020136,2025-10-25,MTL,VAN,4,3,24,31
2025020136,2025-10-25,VAN,MTL,3,4,31,24
2025020137,2025-10-25,LAK,NSH,4,4,40,25
2025020137,2025-10-25,NSH,LAK,4,4,25,40
2025020138,2025-10-25,CAR,DAL,2,3,28,34
2025020138,2025-10-25,DAL,CAR,3,2,34,28
2025020139,2025-10-25,EDM,SEA,2,3,33,23
2025020139,2025-10-25,SEA,EDM,3,2,23,33
2025020140,2025-10-26,COL,NJD,3,4,24,24
2025020140,2025-10-26,NJD,COL,4,3,24,24
2025020141,2025-10-26,TBL,VGK,2,1,28,19
2025020141,2025-10-26,VGK,TBL,1,2,19,28
2025020142,2025-10-26,MIN,SJS,5,6,33,25
2025020142,2025-10-26,SJS,MIN,6,5,25,33
2025020143,2025-10-26,UTA,WPG,3,2,32,30
2025020143,2025-10-26,WPG,UTA,2,3,30,32
2025020144,2025-10-26,CHI,LAK,1,3,23,22
2025020144,2025-10-26,LAK,CHI,3,1,22,23
2025020145,2025-10-26,DAL,NSH,3,2,28,25
2025020145,2025-10-26,NSH,DAL,2,3,25,28
2025020146,2025-10-26,CGY,NYR,5,1,30,31
2025020146,2025-10-26,NYR,CGY,1,5,31,30
2025020147,2025-10-26,EDM,VAN,3,4,29,27
2025020147,2025-10-26,VAN,EDM,4,3,27,29
2025020148,2025-10-27,PIT,STL,6,3,26,28
2025020148,2025-10-27,STL,PIT,3,6,28,26
2025020149,2025-10-27,BOS,OTT,2,7,28,23
2025020149,2025-10-27,OTT,BOS,7,2,23,28
2025020150,2025-10-28,PHI,PIT,2,2,34,26
2025020150,2025-10-28,PIT,PHI,2,2,26,34
2025020151,2025-10-28,CGY,TOR,3,4,29,37
2025020151,2025-10-28,TOR,CGY,4,3,37,29
2025020152,2025-10-28,BUF,CBJ,3,4,38,39
2025020152,2025-10-28,CBJ,BUF,4,3,39,38
2025020153,2025-10-28,ANA,FLA,2,2,17,33
2025020153,2025-10-28,FLA,ANA,2,2,33,17
2025020154,2025-10-28,BOS,NYI,5,2,22,35
2025020154,2025-10-28,NYI,BOS,2,5,35,22
2025020155,2025-10-28,CAR,VGK,3,6,24,35
2025020155,2025-10-28,VGK,CAR,6,3,35,24
2025020156,2025-10-28,NSH,TBL,2,5,20,32
2025020156,2025-10-28,TBL,NSH,5,2,32,20
2025020157,2025-10-28,MIN,WPG,3,4,35,21
2025020157,2025-10-28,WPG,MIN,4,3,21,35
2025020158,2025-10-28,DET,STL,5,2,20,22
2025020158,2025-10-28,STL,DET,2,5,22,20
2025020159,2025-10-28,DAL,WSH,1,0,19,24
2025020159,2025-10-28,WSH,DAL,0,1,24,19
2025020160,2025-10-28,CHI,OTT,7,3,26,24
2025020160,2025-10-28,OTT,CHI,3,7,24,26
2025020161,2025-10-28,COL,NJD,8,4,42,30
2025020161,2025-10-28,NJD,COL,4,8,30,42
2025020162,2025-10-28,EDM,UTA,6,3,24,23
2025020162,2025-10-28,UTA,EDM,3,6,23,24
2025020163,2025-10-28,NYR,VAN,2,0,25,23
2025020163,2025-10-28,VAN,NYR,0,2,23,25
2025020164,2025-10-28,MTL,SEA,4,3,21,21
2025020164,2025-10-28,SEA,MTL,3,4,21,21
2025020165,2025-10-28,LAK,SJS,4,3,14,40
2025020165,2025-10-28,SJS,LAK,3,4,40,14
2025020166,2025-10-29,CBJ,TOR,6,3,24,36
2025020166,2025-10-29,TOR,CBJ,3,6,36,24
2025020167,2025-10-30,BOS,BUF,4,3,22,40
2025020167,2025-10-30,BUF,BOS,3,4,40,22
2025020168,2025-10-30,CGY,OTT,3,3,29,38
2025020168,2025-10-30,OTT,CGY,3,3,38,29
2025020169,2025-10-30,DAL,TBL,1,2,21,33
2025020169,2025-10-30,TBL,DAL,2,1,33,21
2025020170,2025-10-30,NSH,PHI,1,4,33,18
2025020170,2025-10-30,PHI,NSH,4,1,18,33
2025020171,2025-10-30,CAR,NYI,6,2,34,27
2025020171,2025-10-30,NYI,CAR,2,6,27,34
2025020172,2025-10-30,STL,VAN,3,3,39,18
2025020172,2025-10-30,VAN,STL,3,3,18,39
2025020173,2025-10-30,MIN,PIT,1,4,27,34
2025020173,2025-10-30,PIT,MIN,4,1,34,27
2025020174,2025-10-30,CHI,WPG,3,6,24,32
2025020174,2025-10-30,WPG,CHI,6,3,32,24
2025020175,2025-10-30,EDM,NYR,3,4,36,35
2025020175,2025-10-30,NYR,EDM,4,3,35,36
2025020176,2025-10-30,NJD,SJS,2,5,31,28
2025020176,2025-10-30,SJS,NJD,5,2,28,31
2025020177,2025-10-30,DET,LAK,3,3,27,39
2025020177,2025-10-30,LAK,DET,3,3,39,27
2025020178,2025-10-31,COL,VGK,4,2,26,23
2025020178,2025-10-31,VGK,COL,2,4,23,26
2025020179,2025-10-31,NYI,WSH,3,1,23,23
2025020179,2025-10-31,WSH,NYI,1,3,23,23
2025020180,2025-10-31,ANA,DET,5,2,32,30
2025020180,2025-10-31,DET,ANA,2,5,30,32
2025020181,2025-11-01,BOS,CAR,2,1,22,29
2025020181,2025-11-01,CAR,BOS,1,2,29,22
2025020182,2025-11-01,PIT,WPG,2,5,30,34
2025020182,2025-11-01,WPG,PIT,5,2,34,30
2025020183,2025-11-01,CGY,NSH,2,4,35,24
2025020183,2025-11-01,NSH,CGY,4,2,24,35
2025020184,2025-11-01,COL,SJS,2,3,38,23
2025020184,2025-11-01,SJS,COL,3,2,23,38
2025020185,2025-11-01,DAL,FLA,3,3,22,28
2025020185,2025-11-01,FLA,DAL,3,3,28,22
2025020186,2025-11-01,BUF,WSH,3,3,24,34
2025020186,2025-11-01,WSH,BUF,3,3,34,24
2025020187,2025-11-01,MTL,OTT,4,3,27,17
2025020187,2025-11-01,OTT,MTL,3,4,17,27
2025020188,2025-11-01,PHI,TOR,2,5,33,27
2025020188,2025-11-01,TOR,PHI,5,2,27,33
2025020189,2025-11-01,CBJ,STL,3,2,35,39
2025020189,2025-11-01,STL,CBJ,2,3,39,35
2025020190,2025-11-01,MIN,VAN,5,2,28,28
2025020190,2025-11-01,VAN,MIN,2,5,28,28
2025020191,2025-11-01,LAK,NJD,1,4,44,22
2025020191,2025-11-01,NJD,LAK,4,1,22,44
2025020192,2025-11-01,CHI,EDM,2,3,29,30
2025020192,2025-11-01,EDM,CHI,3,2,30,29
2025020193,2025-11-01,NYR,SEA,3,2,27,13
2025020193,2025-11-01,SEA,NYR,2,3,13,27
2025020194,2025-11-02,TBL,UTA,4,2,26,27
2025020194,2025-11-02,UTA,TBL,2,4,27,26
2025020195,2025-11-02,CBJ,NYI,2,3,22,39
2025020195,2025-11-02,NYI,CBJ,3,2,39,22
2025020196,2025-11-02,CGY,PHI,2,1,21,18
2025020196,2025-11-02,PHI,CGY,1,2,18,21
2025020197,2025-11-02,ANA,NJD,4,1,29,33
2025020197,2025-11-02,NJD,ANA,1,4,33,29
2025020198,2025-11-02,DET,SJS,2,2,32,18
2025020198,2025-11-02,SJS,DET,2,2,18,32
2025020199,2025-11-03,PIT,TOR,3,4,37,20
2025020199,2025-11-03,TOR,PIT,4,3,20,37
2025020200,2025-11-03,EDM,STL,2,3,26,22
2025020200,2025-11-03,STL,EDM,3,2,22,26
2025020201,2025-11-03,NSH,VAN,4,5,29,36
2025020201,2025-11-03,VAN,NSH,5,4,36,29
2025020202,2025-11-03,CHI,SEA,1,3,30,24
2025020202,2025-11-03,SEA,CHI,3,1,24,30
2025020203,2025-11-04,BUF,UTA,1,2,18,35
2025020203,2025-11-04,UTA,BUF,2,1,35,18
2025020204,2025-11-04,MTL,PHI,4,4,20,42
2025020204,2025-11-04,PHI,MTL,4,4,42,20
2025020205,2025-11-04,BOS,NYI,3,3,27,33
2025020205,2025-11-04,NYI,BOS,3,3,33,27
2025020206,2025-11-04,CAR,NYR,3,0,32,26
2025020206,2025-11-04,NYR,CAR,0,3,26,32
2025020207,2025-11-04,DAL,EDM,3,3,27,26
2025020207,2025-11-04,EDM,DAL,3,3,26,27
2025020208,2025-11-04,MIN,NSH,3,2,24,34
2025020208,2025-11-04,NSH,MIN,2,3,34,24
2025020209,2025-11-04,COL,TBL,3,2,33,24
2025020209,2025-11-04,TBL,COL,2,3,24,33
2025020210,2025-11-04,DET,VGK,0,1,24,34
2025020210,2025-11-04,VGK,DET,1,0,34,24
2025020211,2025-11-04,ANA,FLA,7,3,32,21
2025020211,2025-11-04,FLA,ANA,3,7,21,32
2025020212,2025-11-04,LAK,WPG,3,0,26,23
2025020212,2025-11-04,WPG,LAK,0,3,23,26
2025020213,2025-11-05,TOR,UTA,5,3,19,24
2025020213,2025-11-05,UTA,TOR,3,5,24,19
2025020214,2025-11-05,STL,WSH,1,6,24,32
2025020214,2025-11-05,WSH,STL,6,1,32,24
2025020215,2025-11-05,CBJ,CGY,1,5,43,26
2025020215,2025-11-05,CGY,CBJ,5,1,26,43
2025020216,2025-11-05,CHI,VAN,5,2,28,45
2025020216,2025-11-05,VAN,CHI,2,5,45,28
2025020217,2025-11-05,SEA,SJS,1,6,30,23
2025020217,2025-11-05,SJS,SEA,6,1,23,30
2025020218,2025-11-06,BOS,OTT,3,2,25,22
2025020218,2025-11-06,OTT,BOS,2,3,22,25
2025020219,2025-11-06,BUF,STL,0,3,28,17
2025020219,2025-11-06,STL,BUF,3,0,17,28
2025020220,2025-11-06,MTL,NJD,3,4,19,28
2025020220,2025-11-06,NJD,MTL,4,3,28,19
2025020221,2025-11-06,PIT,WSH,5,3,31,30
2025020221,2025-11-06,WSH,PIT,3,5,30,31
2025020222,2025-11-06,CAR,MIN,4,3,27,24
2025020222,2025-11-06,MIN,CAR,3,4,24,27
2025020223,2025-11-06,NSH,PHI,1,3,24,26
2025020223,2025-11-06,PHI,NSH,3,1,26,24
2025020224,2025-11-06,ANA,DAL,7,5,25,26
2025020224,2025-11-06,DAL,ANA,5,7,26,25
2025020225,2025-11-06,TBL,VGK,6,3,27,32
2025020225,2025-11-06,VGK,TBL,3,6,32,27
2025020226,2025-11-06,FLA,LAK,5,2,24,26
2025020226,2025-11-06,LAK,FLA,2,5,26,24
2025020227,2025-11-07,DET,NYR,1,4,33,26
2025020227,2025-11-07,NYR,DET,4,1,26,33
2025020228,2025-11-07,MIN,NYI,5,2,26,27
2025020228,2025-11-07,NYI,MIN,2,5,27,26
2025020229,2025-11-07,CGY,CHI,0,4,33,27
2025020229,2025-11-07,CHI,CGY,4,0,27,33
2025020230,2025-11-07,SJS,WPG,2,1,28,33
2025020230,2025-11-07,WPG,SJS,1,2,33,28
2025020231,2025-11-08,NJD,PIT,1,1,24,34
2025020231,2025-11-08,PIT,NJD,1,1,34,24
2025020232,2025-11-08,OTT,PHI,3,2,14,22
2025020232,2025-11-08,PHI,OTT,2,3,22,14
2025020233,2025-11-08,DAL,NSH,5,4,22,21
2025020233,2025-11-08,NSH,DAL,4,5,21,22
2025020234,2025-11-08,BOS,TOR,5,3,39,33
2025020234,2025-11-08,TOR,BOS,3,5,33,39
2025020235,2025-11-08,MTL,UTA,6,2,23,27
2025020235,2025-11-08,UTA,MTL,2,6,27,23
2025020236,2025-11-08,TBL,WSH,3,2,20,30
2025020236,2025-11-08,WSH,TBL,2,3,30,20
2025020237,2025-11-08,NYI,NYR,5,0,26,33
2025020237,2025-11-08,NYR,NYI,0,5,33,26
2025020238,2025-11-08,BUF,CAR,3,6,22,35
2025020238,2025-11-08,CAR,BUF,6,3,35,22
2025020239,2025-11-08,SEA,STL,4,3,30,19
2025020239,2025-11-08,STL,SEA,3,4,19,30
2025020240,2025-11-08,COL,EDM,9,1,34,24
2025020240,2025-11-08,EDM,COL,1,9,24,34
2025020241,2025-11-08,CBJ,VAN,3,4,32,24
2025020241,2025-11-08,VAN,CBJ,4,3,24,32
2025020242,2025-11-08,ANA,VGK,4,3,29,39
2025020242,2025-11-08,VGK,ANA,3,4,39,29
2025020243,2025-11-08,FLA,SJS,1,3,39,23
2025020243,2025-11-08,SJS,FLA,3,1,23,39
2025020244,2025-11-09,CHI,DET,5,1,20,46
2025020244,2025-11-09,DET,CHI,1,5,46,20
2025020245,2025-11-09,LAK,PIT,3,2,27,33
2025020245,2025-11-09,PIT,LAK,2,3,33,27
2025020246,2025-11-09,CAR,TOR,5,4,47,20
2025020246,2025-11-09,TOR,CAR,4,5,20,47
2025020247,2025-11-09,OTT,UTA,4,2,25,31
2025020247,2025-11-09,UTA,OTT,2,4,31,25
2025020248,2025-11-09,DAL,SEA,2,1,25,31
2025020248,2025-11-09,SEA,DAL,1,2,31,25
2025020249,2025-11-09,CGY,MIN,0,2,36,19
2025020249,2025-11-09,MIN,CGY,2,0,19,36
2025020250,2025-11-09,COL,VAN,5,4,32,33
2025020250,2025-11-09,VAN,COL,4,5,33,32
2025020251,2025-11-09,ANA,WPG,4,1,21,24
2025020251,2025-11-09,WPG,ANA,1,4,24,21
2025020252,2025-11-10,NJD,NYI,2,3,35,24
2025020252,2025-11-10,NYI,NJD,3,2,24,35
2025020253,2025-11-10,NSH,NYR,3,6,30,18
2025020253,2025-11-10,NYR,NSH,6,3,18,30
2025020254,2025-11-10,CBJ,EDM,4,5,22,24
2025020254,2025-11-10,EDM,CBJ,5,4,24,22
2025020255,2025-11-10,FLA,VGK,3,2,20,32
2025020255,2025-11-10,VGK,FLA,2,3,32,20
2025020256,2025-11-11,BOS,TOR,5,3,32,33
2025020256,2025-11-11,TOR,BOS,3,5,33,32
2025020257,2025-11-11,LAK,MTL,5,1,26,22
2025020257,2025-11-11,MTL,LAK,1,5,22,26
2025020258,2025-11-11,DAL,OTT,3,2,33,29
2025020258,2025-11-11,OTT,DAL,2,3,29,33
2025020259,2025-11-11,CAR,WSH,1,4,31,28
2025020259,2025-11-11,WSH,CAR,4,1,28,31
2025020260,2025-11-11,CGY,STL,2,3,40,31
2025020260,2025-11-11,STL,CGY,3,2,31,40
2025020261,2025-11-11,MIN,SJS,1,2,29,18
2025020261,2025-11-11,SJS,MIN,2,1,18,29
2025020262,2025-11-11,ANA,COL,1,4,36,36
2025020262,2025-11-11,COL,ANA,4,1,36,36
2025020263,2025-11-11,VAN,WPG,3,5,33,30
2025020263,2025-11-11,WPG,VAN,5,3,30,33
2025020264,2025-11-11,CBJ,SEA,1,1,34,23
2025020264,2025-11-11,SEA,CBJ,1,1,23,34
2025020265,2025-11-12,NYR,TBL,7,3,21,36
2025020265,2025-11-12,TBL,NYR,3,7,36,21
2025020266,2025-11-12,EDM,PHI,2,1,31,21
2025020266,2025-11-12,PHI,EDM,1,2,21,31
2025020267,2025-11-12,BUF,UTA,2,5,19,37
2025020267,2025-11-12,UTA,BUF,5,2,37,19
2025020268,2025-11-12,CHI,NJD,3,4,20,37
2025020268,2025-11-12,NJD,CHI,4,3,37,20
2025020269,2025-11-13,LAK,TOR,4,3,37,15
2025020269,2025-11-13,TOR,LAK,3,4,15,37
2025020270,2025-11-13,DAL,MTL,7,0,19,24
2025020270,2025-11-13,MTL,DAL,0,7,24,19
2025020271,2025-11-13,BOS,OTT,3,5,21,22
2025020271,2025-11-13,OTT,BOS,5,3,22,21
2025020272,2025-11-13,ANA,DET,3,6,28,33
2025020272,2025-11-13,DET,ANA,6,3,33,28
2025020273,2025-11-13,FLA,WSH,6,3,28,40
2025020273,2025-11-13,WSH,FLA,3,6,40,28
2025020274,2025-11-13,CBJ,EDM,5,4,25,29
2025020274,2025-11-13,EDM,CBJ,4,5,29,25
2025020275,2025-11-13,BUF,COL,3,6,21,34
2025020275,2025-11-13,COL,BUF,6,3,34,21
2025020276,2025-11-13,CGY,SJS,2,0,36,17
2025020276,2025-11-13,SJS,CGY,0,2,17,36
2025020277,2025-11-13,NYI,VGK,4,3,24,29
2025020277,2025-11-13,VGK,NYI,3,4,29,24
2025020278,2025-11-13,SEA,WPG,5,3,18,26
2025020278,2025-11-13,WPG,SEA,3,5,26,18
2025020279,2025-11-14,CAR,VAN,4,3,38,17
2025020279,2025-11-14,VAN,CAR,3,4,17,38
2025020280,2025-11-14,PHI,STL,5,5,31,17
2025020280,2025-11-14,STL,PHI,5,5,17,31
2025020281,2025-11-14,NSH,PIT,2,1,30,17
2025020281,2025-11-14,PIT,NSH,1,2,17,30
2025020282,2025-11-14,NYI,UTA,3,2,21,30
2025020282,2025-11-14,UTA,NYI,2,3,30,21
2025020283,2025-11-15,FLA,TBL,1,3,23,20
2025020283,2025-11-15,TBL,FLA,3,1,20,23
2025020284,2025-11-15,ANA,MIN,0,2,28,30
2025020284,2025-11-15,MIN,ANA,2,0,30,28
2025020285,2025-11-15,BOS,MTL,3,2,23,28
2025020285,2025-11-15,MTL,BOS,2,3,28,23
2025020286,2025-11-15,LAK,OTT,1,0,18,17
2025020286,2025-11-15,OTT,LAK,0,1,17,18
2025020287,2025-11-15,BUF,DET,5,4,27,28
2025020287,2025-11-15,DET,BUF,4,5,28,27
2025020288,2025-11-15,NJD,WSH,2,2,31,31
2025020288,2025-11-15,WSH,NJD,2,2,31,31
2025020289,2025-11-15,CAR,EDM,3,4,36,23
2025020289,2025-11-15,EDM,CAR,4,3,23,36
2025020290,2025-11-15,CBJ,NYR,1,1,27,33
2025020290,2025-11-15,NYR,CBJ,1,1,33,27
2025020291,2025-11-15,CHI,TOR,3,2,32,33
2025020291,2025-11-15,TOR,CHI,2,3,33,32
2025020292,2025-11-15,STL,VGK,1,4,23,34
2025020292,2025-11-15,VGK,STL,4,1,34,23
2025020293,2025-11-15,DAL,PHI,5,1,28,21
2025020293,2025-11-15,PHI,DAL,1,5,21,28
2025020294,2025-11-15,CGY,WPG,3,3,34,23
2025020294,2025-11-15,WPG,CGY,3,3,23,34
2025020295,2025-11-15,SEA,SJS,4,1,23,26
2025020295,2025-11-15,SJS,SEA,1,4,26,23
2025020296,2025-11-16,NSH,PIT,0,4,21,22
2025020296,2025-11-16,PIT,NSH,4,0,22,21
2025020297,2025-11-16,TBL,VAN,2,6,30,18
2025020297,2025-11-16,VAN,TBL,6,2,18,30
2025020298,2025-11-16,MIN,VGK,3,2,28,25
2025020298,2025-11-16,VGK,MIN,2,3,25,28
2025020299,2025-11-16,DET,NYR,2,1,42,19
2025020299,2025-11-16,NYR,DET,1,2,19,42
2025020300,2025-11-16,COL,NYI,4,1,28,29
2025020300,2025-11-16,NYI,COL,1,4,29,28
2025020301,2025-11-17,BOS,CAR,1,3,30,32
2025020301,2025-11-17,CAR,BOS,3,1,32,30
2025020302,2025-11-17,BUF,EDM,5,1,28,33
2025020302,2025-11-17,EDM,BUF,1,5,33,28
2025020303,2025-11-17,FLA,VAN,8,5,41,15
2025020303,2025-11-17,VAN,FLA,5,8,15,41
2025020304,2025-11-17,LAK,WSH,1,2,31,25
2025020304,2025-11-17,WSH,LAK,2,1,25,31
2025020305,2025-11-17,CBJ,MTL,3,3,23,32
2025020305,2025-11-17,MTL,CBJ,3,3,32,23
2025020306,2025-11-17,ANA,UTA,3,2,26,18
2025020306,2025-11-17,UTA,ANA,2,3,18,26
2025020307,2025-11-18,STL,TOR,2,3,29,29
2025020307,2025-11-18,TOR,STL,3,2,29,29
2025020308,2025-11-18,DET,SEA,4,2,27,22
2025020308,2025-11-18,SEA,DET,2,4,22,27
2025020309,2025-11-18,NJD,TBL,1,5,32,29
2025020309,2025-11-18,TBL,NJD,5,1,29,32
2025020310,2025-11-18,DAL,NYI,2,3,24,22
2025020310,2025-11-18,NYI,DAL,3,2,22,24
2025020311,2025-11-18,CBJ,WPG,2,5,22,30
2025020311,2025-11-18,WPG,CBJ,5,2,30,22
2025020312,2025-11-18,CGY,CHI,2,5,21,23
2025020312,2025-11-18,CHI,CGY,5,2,23,21
2025020313,2025-11-18,NYR,VGK,2,3,19,26
2025020313,2025-11-18,VGK,NYR,3,2,26,19
2025020314,2025-11-18,SJS,UTA,3,2,22,26
2025020314,2025-11-18,UTA,SJS,2,3,26,22
2025020315,2025-11-19,EDM,WSH,4,7,30,22
2025020315,2025-11-19,WSH,EDM,7,4,22,30
2025020316,2025-11-19,BUF,CGY,2,6,30,35
2025020316,2025-11-19,CGY,BUF,6,2,35,30
2025020317,2025-11-19,CAR,MIN,3,3,45,19
2025020317,2025-11-19,MIN,CAR,3,3,19,45
2025020318,2025-11-19,ANA,BOS,4,3,33,39
2025020318,2025-11-19,BOS,ANA,3,4,39,33
2025020319,2025-11-20,CBJ,TOR,3,2,30,29
2025020319,2025-11-20,TOR,CBJ,2,3,29,30
2025020320,2025-11-20,MTL,WSH,4,8,28,35
2025020320,2025-11-20,WSH,MTL,8,4,35,28
2025020321,2025-11-20,DET,NYI,0,5,29,26
2025020321,2025-11-20,NYI,DET,5,0,26,29
2025020322,2025-11-20,EDM,TBL,1,2,25,35
2025020322,2025-11-20,TBL,EDM,2,1,35,25
2025020323,2025-11-20,FLA,NJD,1,0,24,32
2025020323,2025-11-20,NJD,FLA,0,1,32,24
2025020324,2025-11-20,PHI,STL,3,2,28,29
2025020324,2025-11-20,STL,PHI,2,3,29,28
2025020325,2025-11-20,CHI,SEA,2,3,24,27
2025020325,2025-11-20,SEA,CHI,3,2,27,24
2025020326,2025-11-20,COL,NYR,6,3,35,19
2025020326,2025-11-20,NYR,COL,3,6,19,35
2025020327,2025-11-20,UTA,VGK,1,4,26,33
2025020327,2025-11-20,VGK,UTA,4,1,33,26
2025020328,2025-11-20,DAL,VAN,4,2,24,36
2025020328,2025-11-20,VAN,DAL,2,4,36,24
2025020329,2025-11-20,ANA,OTT,2,3,25,25
2025020329,2025-11-20,OTT,ANA,3,2,25,25
2025020330,2025-11-20,LAK,SJS,3,3,34,24
2025020330,2025-11-20,SJS,LAK,3,3,24,34
2025020331,2025-11-21,BUF,CHI,9,3,31,23
2025020331,2025-11-21,CHI,BUF,3,9,23,31
2025020332,2025-11-21,MIN,PIT,5,0,21,19
2025020332,2025-11-21,PIT,MIN,0,5,19,21
2025020333,2025-11-21,CAR,WPG,4,3,28,28
2025020333,2025-11-21,WPG,CAR,3,4,28,28
2025020334,2025-11-21,BOS,LAK,2,1,26,32
2025020334,2025-11-21,LAK,BOS,1,2,32,26
2025020335,2025-11-22,CBJ,DET,3,4,35,33
2025020335,2025-11-22,DET,CBJ,4,3,33,35
2025020336,2025-11-22,NYI,STL,1,2,30,22
2025020336,2025-11-22,STL,NYI,2,1,22,30
2025020337,2025-11-22,MTL,TOR,5,2,29,26
2025020337,2025-11-22,TOR,MTL,2,5,26,29
2025020338,2025-11-22,EDM,FLA,6,3,31,38
2025020338,2025-11-22,FLA,EDM,3,6,38,31
2025020339,2025-11-22,NJD,PHI,3,6,35,29
2025020339,2025-11-22,PHI,NJD,6,3,29,35
2025020340,2025-11-22,PIT,SEA,2,3,32,21
2025020340,2025-11-22,SEA,PIT,3,2,21,32
2025020341,2025-11-22,TBL,WSH,5,3,16,32
2025020341,2025-11-22,WSH,TBL,3,5,32,16
2025020342,2025-11-22,OTT,SJS,3,2,27,19
2025020342,2025-11-22,SJS,OTT,2,3,19,27
2025020343,2025-11-22,COL,NSH,3,0,26,35
2025020343,2025-11-22,NSH,COL,0,3,35,26
2025020344,2025-11-22,NYR,UTA,2,3,22,34
2025020344,2025-11-22,UTA,NYR,3,2,34,22
2025020345,2025-11-22,CGY,DAL,2,2,33,30
2025020345,2025-11-22,DAL,CGY,2,2,30,33
2025020346,2025-11-22,ANA,VGK,4,3,33,32
2025020346,2025-11-22,VGK,ANA,3,4,32,33
2025020347,2025-11-23,BUF,CAR,4,1,21,30
2025020347,2025-11-23,CAR,BUF,1,4,30,21
2025020348,2025-11-23,MIN,WPG,3,0,30,32
2025020348,2025-11-23,WPG,MIN,0,3,32,30
2025020349,2025-11-23,NYI,SEA,0,0,34,19
2025020349,2025-11-23,SEA,NYI,0,0,19,34
2025020350,2025-11-23,CHI,COL,0,1,22,26
2025020350,2025-11-23,COL,CHI,1,0,26,22
2025020351,2025-11-23,BOS,SJS,1,3,35,31
2025020351,2025-11-23,SJS,BOS,3,1,31,35
2025020352,2025-11-23,CGY,VAN,5,2,21,31
2025020352,2025-11-23,VAN,CGY,2,5,31,21
2025020353,2025-11-24,PHI,TBL,0,3,20,18
2025020353,2025-11-24,TBL,PHI,3,0,18,20
2025020354,2025-11-24,DET,NJD,3,4,35,20
2025020354,2025-11-24,NJD,DET,4,3,20,35
2025020355,2025-11-24,NYR,STL,3,2,21,21
2025020355,2025-11-24,STL,NYR,2,3,21,21
2025020356,2025-11-24,CBJ,WSH,1,5,23,31
2025020356,2025-11-24,WSH,CBJ,5,1,31,23
2025020357,2025-11-24,FLA,NSH,8,3,26,39
2025020357,2025-11-24,NSH,FLA,3,8,39,26
2025020358,2025-11-24,UTA,VGK,5,1,23,34
2025020358,2025-11-24,VGK,UTA,1,5,34,23
2025020359,2025-11-24,LAK,OTT,2,1,22,28
2025020359,2025-11-24,OTT,LAK,1,2,28,22
2025020360,2025-11-25,DAL,EDM,8,3,30,25
2025020360,2025-11-25,EDM,DAL,3,8,25,30
2025020361,2025-11-26,DET,NSH,3,6,31,29
2025020361,2025-11-26,NSH,DET,6,3,29,31
2025020362,2025-11-26,CGY,TBL,1,5,32,23
2025020362,2025-11-26,TBL,CGY,5,1,23,32
2025020363,2025-11-26,FLA,PHI,2,4,27,18
2025020363,2025-11-26,PHI,FLA,4,2,18,27
2025020364,2025-11-26,NJD,STL,3,2,29,23
2025020364,2025-11-26,STL,NJD,2,3,23,29
2025020365,2025-11-26,BOS,NYI,3,1,14,44
2025020365,2025-11-26,NYI,BOS,1,3,44,14
2025020366,2025-11-26,BUF,PIT,2,4,31,19
2025020366,2025-11-26,PIT,BUF,4,2,19,31
2025020367,2025-11-26,WPG,WSH,3,4,21,35
2025020367,2025-11-26,WSH,WPG,4,3,35,21
2025020368,2025-11-26,CAR,NYR,2,4,38,18
2025020368,2025-11-26,NYR,CAR,4,2,18,38
2025020369,2025-11-26,CBJ,TOR,1,2,36,24
2025020369,2025-11-26,TOR,CBJ,2,1,24,36
2025020370,2025-11-26,CHI,MIN,3,4,37,24
2025020370,2025-11-26,MIN,CHI,4,3,24,37
2025020371,2025-11-26,COL,SJS,6,0,42,26
2025020371,2025-11-26,SJS,COL,0,6,26,42
2025020372,2025-11-26,MTL,UTA,4,3,17,34
2025020372,2025-11-26,UTA,MTL,3,4,34,17
2025020373,2025-11-26,OTT,VGK,3,3,22,35
2025020373,2025-11-26,VGK,OTT,3,3,35,22
2025020374,2025-11-26,ANA,VAN,4,5,41,28
2025020374,2025-11-26,VAN,ANA,5,4,28,41
2025020375,2025-11-26,DAL,SEA,3,2,21,28
2025020375,2025-11-26,SEA,DAL,2,3,28,21
2025020376,2025-11-28,BOS,NYR,2,6,21,37
2025020376,2025-11-28,NYR,BOS,6,2,37,21
2025020377,2025-11-28,DET,TBL,3,6,37,27
2025020377,2025-11-28,TBL,DET,6,3,27,37
2025020378,2025-11-28,COL,MIN,2,2,41,39
2025020378,2025-11-28,MIN,COL,2,2,39,41
2025020379,2025-11-28,BUF,NJD,0,5,42,23
2025020379,2025-11-28,NJD,BUF,5,0,23,42
2025020380,2025-11-28,CGY,FLA,5,3,34,41
2025020380,2025-11-28,FLA,CGY,3,5,41,34
2025020381,2025-11-28,NYI,PHI,3,3,31,21
2025020381,2025-11-28,PHI,NYI,3,3,21,31
2025020382,2025-11-28,OTT,STL,3,4,28,31
2025020382,2025-11-28,STL,OTT,4,3,31,28
2025020383,2025-11-28,MTL,VGK,4,1,19,31
2025020383,2025-11-28,VGK,MTL,1,4,31,19
2025020384,2025-11-28,ANA,LAK,4,4,31,27
2025020384,2025-11-28,LAK,ANA,4,4,27,31
2025020385,2025-11-28,SJS,VAN,3,2,24,34
2025020385,2025-11-28,VAN,SJS,2,3,34,24
2025020386,2025-11-28,TOR,WSH,2,4,22,34
2025020386,2025-11-28,WSH,TOR,4,2,34,22
2025020387,2025-11-28,CAR,WPG,5,1,35,13
2025020387,2025-11-28,WPG,CAR,1,5,13,35
2025020388,2025-11-28,CBJ,PIT,3,4,29,24
2025020388,2025-11-28,PIT,CBJ,4,3,24,29
2025020389,2025-11-28,CHI,NSH,3,4,27,29
2025020389,2025-11-28,NSH,CHI,4,3,29,27
2025020390,2025-11-28,DAL,UTA,4,3,28,30
2025020390,2025-11-28,UTA,DAL,3,4,30,28
2025020391,2025-11-29,NYR,TBL,1,4,13,35
2025020391,2025-11-29,TBL,NYR,4,1,35,13
2025020392,2025-11-29,COL,MTL,7,2,36,23
2025020392,2025-11-29,MTL,COL,2,7,23,36
2025020393,2025-11-29,EDM,SEA,4,0,25,26
2025020393,2025-11-29,SEA,EDM,0,4,26,25
2025020394,2025-11-29,BOS,DET,2,2,20,26
2025020394,2025-11-29,DET,BOS,2,2,26,20
2025020395,2025-11-29,NJD,PHI,3,5,32,31
2025020395,2025-11-29,PHI,NJD,5,3,31,32
2025020396,2025-11-29,PIT,TOR,2,7,35,23
2025020396,2025-11-29,TOR,PIT,7,2,23,35
2025020397,2025-11-29,NSH,WPG,2,5,23,27
2025020397,2025-11-29,WPG,NSH,5,2,27,23
2025020398,2025-11-29,STL,UTA,1,0,19,18
2025020398,2025-11-29,UTA,STL,0,1,18,19
2025020399,2025-11-29,BUF,MIN,2,2,33,24
2025020399,2025-11-29,MIN,BUF,2,2,24,33
2025020400,2025-11-29,SJS,VGK,3,4,21,24
2025020400,2025-11-29,VGK,SJS,4,3,24,21
2025020401,2025-11-29,LAK,VAN,2,1,23,20
2025020401,2025-11-29,VAN,LAK,1,2,20,23
2025020402,2025-11-30,NYI,WSH,1,4,31,19
2025020402,2025-11-30,WSH,NYI,4,1,19,31
2025020403,2025-11-30,ANA,CHI,3,5,26,18
2025020403,2025-11-30,CHI,ANA,5,3,18,26
2025020404,2025-11-30,CAR,CGY,1,0,17,16
2025020404,2025-11-30,CGY,CAR,0,1,16,17
2025020405,2025-11-30,DAL,OTT,6,1,26,16
2025020405,2025-11-30,OTT,DAL,1,6,16,26
2025020406,2025-12-01,CBJ,NJD,5,3,25,33
2025020406,2025-12-01,NJD,CBJ,3,5,33,25
2025020407,2025-12-01,PHI,PIT,1,5,29,27
2025020407,2025-12-01,PIT,PHI,5,1,27,29
2025020408,2025-12-01,BUF,WPG,5,1,31,24
2025020408,2025-12-01,WPG,BUF,1,5,24,31
2025020409,2025-12-01,ANA,STL,4,1,26,22
2025020409,2025-12-01,STL,ANA,1,4,22,26
2025020410,2025-12-01,SJS,UTA,6,3,30,34
2025020410,2025-12-01,UTA,SJS,3,6,34,30
2025020411,2025-12-02,MTL,OTT,2,5,22,29
2025020411,2025-12-02,OTT,MTL,5,2,29,22
2025020412,2025-12-02,BOS,DET,4,5,38,32
2025020412,2025-12-02,DET,BOS,5,4,32,38
2025020413,2025-12-02,FLA,TOR,1,4,26,31
2025020413,2025-12-02,TOR,FLA,4,1,31,26
2025020414,2025-12-02,NYI,TBL,2,1,24,31
2025020414,2025-12-02,TBL,NYI,1,2,31,24
2025020415,2025-12-02,DAL,NYR,2,3,26,41
2025020415,2025-12-02,NYR,DAL,3,2,41,26
2025020416,2025-12-02,CGY,NSH,1,5,28,28
2025020416,2025-12-02,NSH,CGY,5,1,28,28
2025020417,2025-12-02,COL,VAN,3,1,31,21
2025020417,2025-12-02,VAN,COL,1,3,21,31
2025020418,2025-12-02,EDM,MIN,0,1,33,24
2025020418,2025-12-02,MIN,EDM,1,0,24,33
2025020419,2025-12-02,CHI,VGK,3,3,30,28
2025020419,2025-12-02,VGK,CHI,3,3,28,30
2025020420,2025-12-02,LAK,WSH,1,3,25,25
2025020420,2025-12-02,WSH,LAK,3,1,25,25
2025020421,2025-12-03,DAL,NJD,3,0,28,30
2025020421,2025-12-03,NJD,DAL,0,3,30,28
2025020422,2025-12-03,MTL,WPG,2,2,31,32
2025020422,2025-12-03,WPG,MTL,2,2,32,31
2025020423,2025-12-03,BUF,PHI,2,5,29,35
2025020423,2025-12-03,PHI,BUF,5,2,35,29
2025020424,2025-12-03,ANA,UTA,0,7,27,34
2025020424,2025-12-03,UTA,ANA,7,0,34,27
2025020425,2025-12-03,SJS,WSH,1,7,24,31
2025020425,2025-12-03,WSH,SJS,7,1,31,24
2025020426,2025-12-04,BOS,STL,5,2,27,39
2025020426,2025-12-04,STL,BOS,2,5,39,27
2025020427,2025-12-04,NYR,OTT,4,2,28,27
2025020427,2025-12-04,OTT,NYR,2,4,27,28
2025020428,2025-12-04,PIT,TBL,4,3,31,40
2025020428,2025-12-04,TBL,PIT,3,4,40,31
2025020429,2025-12-04,FLA,NSH,1,2,31,29
2025020429,2025-12-04,NSH,FLA,2,1,29,31
2025020430,2025-12-04,COL,NYI,3,6,38,42
2025020430,2025-12-04,NYI,COL,6,3,42,38
2025020431,2025-12-04,CAR,TOR,1,5,33,24
2025020431,2025-12-04,TOR,CAR,5,1,24,33
2025020432,2025-12-04,CBJ,DET,5,5,32,33
2025020432,2025-12-04,DET,CBJ,5,5,33,32
2025020433,2025-12-04,CGY,MIN,4,1,31,27
2025020433,2025-12-04,MIN,CGY,1,4,27,31
2025020434,2025-12-04,EDM,SEA,9,4,32,31
2025020434,2025-12-04,SEA,EDM,4,9,31,32
2025020435,2025-12-04,CHI,LAK,2,1,36,27
2025020435,2025-12-04,LAK,CHI,1,2,27,36
2025020436,2025-12-05,NJD,VGK,0,3,24,25
2025020436,2025-12-05,VGK,NJD,3,0,25,24
2025020437,2025-12-05,BUF,WPG,1,4,35,23
2025020437,2025-12-05,WPG,BUF,4,1,23,35
2025020438,2025-12-05,DAL,SJS,4,1,24,17
2025020438,2025-12-05,SJS,DAL,1,4,17,24
2025020439,2025-12-05,UTA,VAN,4,1,18,33
2025020439,2025-12-05,VAN,UTA,1,4,33,18
2025020440,2025-12-05,ANA,WSH,3,3,38,21
2025020440,2025-12-05,WSH,ANA,3,3,21,38
2025020441,2025-12-06,COL,NYR,3,2,42,27
2025020441,2025-12-06,NYR,COL,2,3,27,42
2025020442,2025-12-06,CBJ,FLA,6,7,31,40
2025020442,2025-12-06,FLA,CBJ,7,6,40,31
2025020443,2025-12-06,BOS,NJD,4,1,22,30
2025020443,2025-12-06,NJD,BOS,1,4,30,22
2025020444,2025-12-06,MTL,TOR,1,1,34,23
2025020444,2025-12-06,TOR,MTL,1,1,23,34
2025020445,2025-12-06,OTT,STL,1,2,42,20
2025020445,2025-12-06,STL,OTT,2,1,20,42
2025020446,2025-12-06,NYI,TBL,2,0,19,32
2025020446,2025-12-06,TBL,NYI,0,2,32,19
2025020447,2025-12-06,CAR,NSH,6,3,40,22
2025020447,2025-12-06,NSH,CAR,3,6,22,40
2025020448,2025-12-06,CGY,UTA,2,0,23,28
2025020448,2025-12-06,UTA,CGY,0,2,28,23
2025020449,2025-12-06,CHI,LAK,0,6,23,32
2025020449,2025-12-06,LAK,CHI,6,0,32,23
2025020450,2025-12-06,EDM,WPG,6,2,27,21
2025020450,2025-12-06,WPG,EDM,2,6,21,27
2025020451,2025-12-06,MIN,VAN,2,4,30,21
2025020451,2025-12-06,VAN,MIN,4,2,21,30
2025020452,2025-12-06,DET,SEA,4,3,25,27
2025020452,2025-12-06,SEA,DET,3,4,27,25
2025020453,2025-12-07,COL,PHI,3,2,28,25
2025020453,2025-12-07,PHI,COL,2,3,25,28
2025020454,2025-12-07,FLA,NYI,4,1,30,21
2025020454,2025-12-07,NYI,FLA,1,4,21,30
2025020455,2025-12-07,CAR,SJS,1,4,29,23
2025020455,2025-12-07,SJS,CAR,4,1,23,29
2025020456,2025-12-07,DAL,PIT,2,2,23,29
2025020456,2025-12-07,PIT,DAL,2,2,29,23
2025020457,2025-12-07,MTL,STL,3,4,26,18
2025020457,2025-12-07,STL,MTL,4,3,18,26
2025020458,2025-12-07,NYR,VGK,2,3,24,28
2025020458,2025-12-07,VGK,NYR,3,2,28,24
2025020459,2025-12-07,CBJ,WSH,0,2,39,38
2025020459,2025-12-07,WSH,CBJ,2,0,38,39
2025020460,2025-12-07,ANA,CHI,7,1,53,20
2025020460,2025-12-07,CHI,ANA,1,7,20,53
2025020461,2025-12-08,TBL,TOR,0,2,29,25
2025020461,2025-12-08,TOR,TBL,2,0,25,29
2025020462,2025-12-08,LAK,UTA,4,2,27,21
2025020462,2025-12-08,UTA,LAK,2,4,21,27
2025020463,2025-12-08,BUF,CGY,4,7,29,28
2025020463,2025-12-08,CGY,BUF,7,4,28,29
2025020464,2025-12-08,DET,VAN,4,0,21,39
2025020464,2025-12-08,VAN,DET,0,4,39,21
2025020465,2025-12-08,MIN,SEA,4,1,29,24
2025020465,2025-12-08,SEA,MIN,1,4,24,29
2025020466,2025-12-09,MTL,TBL,1,6,27,27
2025020466,2025-12-09,TBL,MTL,6,1,27,27
2025020467,2025-12-09,NJD,OTT,4,3,32,38
2025020467,2025-12-09,OTT,NJD,3,4,38,32
2025020468,2025-12-09,NYI,VGK,4,4,27,37
2025020468,2025-12-09,VGK,NYI,4,4,37,27
2025020469,2025-12-09,PHI,SJS,4,1,30,18
2025020469,2025-12-09,SJS,PHI,1,4,18,30
2025020470,2025-12-09,ANA,PIT,3,3,28,47
2025020470,2025-12-09,PIT,ANA,3,3,47,28
2025020471,2025-12-09,CAR,CBJ,4,1,32,24
2025020471,2025-12-09,CBJ,CAR,1,4,24,32
2025020472,2025-12-09,BOS,STL,5,2,31,26
2025020472,2025-12-09,STL,BOS,2,5,26,31
2025020473,2025-12-09,DAL,WPG,4,3,19,33
2025020473,2025-12-09,WPG,DAL,3,4,33,19
2025020474,2025-12-09,BUF,EDM,4,3,28,30
2025020474,2025-12-09,EDM,BUF,3,4,30,28
2025020475,2025-12-09,COL,NSH,3,3,42,31
2025020475,2025-12-09,NSH,COL,3,3,31,42
2025020476,2025-12-10,CHI,NYR,3,0,25,20
2025020476,2025-12-10,NYR,CHI,0,3,20,25
2025020477,2025-12-10,CGY,DET,3,4,37,29
2025020477,2025-12-10,DET,CGY,4,3,29,37
2025020478,2025-12-10,FLA,UTA,4,3,36,30
2025020478,2025-12-10,UTA,FLA,3,4,30,36
2025020479,2025-12-10,LAK,SEA,2,3,26,33
2025020479,2025-12-10,SEA,LAK,3,2,33,26
2025020480,2025-12-11,SJS,TOR,3,2,32,30
2025020480,2025-12-11,TOR,SJS,2,3,30,32
2025020481,2025-12-11,NJD,TBL,4,8,37,35
2025020481,2025-12-11,TBL,NJD,8,4,35,37
2025020482,2025-12-11,ANA,NYI,2,5,33,37
2025020482,2025-12-11,NYI,ANA,5,2,37,33
2025020483,2025-12-11,PHI,VGK,2,3,19,22
2025020483,2025-12-11,VGK,PHI,3,2,22,19
2025020484,2025-12-11,MTL,PIT,4,2,29,38
2025020484,2025-12-11,PIT,MTL,2,4,38,29
2025020485,2025-12-11,CAR,WSH,2,2,39,25
2025020485,2025-12-11,WSH,CAR,2,2,25,39
2025020486,2025-12-11,CBJ,OTT,3,6,27,29
2025020486,2025-12-11,OTT,CBJ,6,3,29,27
2025020487,2025-12-11,NSH,STL,7,2,32,26
2025020487,2025-12-11,STL,NSH,2,7,26,32
2025020488,2025-12-11,DAL,MIN,2,5,18,32
2025020488,2025-12-11,MIN,DAL,5,2,32,18
2025020489,2025-12-11,BOS,WPG,6,3,24,29
2025020489,2025-12-11,WPG,BOS,3,6,29,24
2025020490,2025-12-11,COL,FLA,6,2,42,25
2025020490,2025-12-11,FLA,COL,2,6,25,42
2025020491,2025-12-11,DET,EDM,1,4,28,29
2025020491,2025-12-11,EDM,DET,4,1,29,28
2025020492,2025-12-11,BUF,VAN,3,2,15,32
2025020492,2025-12-11,VAN,BUF,2,3,32,15
2025020493,2025-12-12,CHI,STL,2,3,29,26
2025020493,2025-12-12,STL,CHI,3,2,26,29
2025020494,2025-12-12,SEA,UTA,3,5,37,33
2025020494,2025-12-12,UTA,SEA,5,3,33,37
2025020495,2025-12-13,ANA,NJD,1,4,31,22
2025020495,2025-12-13,NJD,ANA,4,1,22,31
2025020496,2025-12-13,MIN,OTT,3,2,25,36
2025020496,2025-12-13,OTT,MIN,2,3,36,25
2025020497,2025-12-13,PIT,SJS,5,6,43,31
2025020497,2025-12-13,SJS,PIT,6,5,31,43
2025020498,2025-12-13,NYI,TBL,2,2,17,34
2025020498,2025-12-13,TBL,NYI,2,2,34,17
2025020499,2025-12-13,EDM,TOR,6,3,37,28
2025020499,2025-12-13,TOR,EDM,3,6,28,37
2025020500,2025-12-13,MTL,NYR,4,5,17,29
2025020500,2025-12-13,NYR,MTL,5,4,29,17
2025020501,2025-12-13,CAR,PHI,3,3,21,18
2025020501,2025-12-13,PHI,CAR,3,3,18,21
2025020502,2025-12-13,CBJ,VGK,2,3,30,26
2025020502,2025-12-13,VGK,CBJ,3,2,26,30
2025020503,2025-12-13,WPG,WSH,5,1,35,25
2025020503,2025-12-13,WSH,WPG,1,5,25,35
2025020504,2025-12-13,CHI,DET,0,4,26,24
2025020504,2025-12-13,DET,CHI,4,0,24,26
2025020505,2025-12-13,DAL,FLA,0,4,15,23
2025020505,2025-12-13,FLA,DAL,4,0,23,15
2025020506,2025-12-13,COL,NSH,4,2,41,29
2025020506,2025-12-13,NSH,COL,2,4,29,41
2025020507,2025-12-13,CGY,LAK,2,1,38,22
2025020507,2025-12-13,LAK,CGY,1,2,22,38
2025020508,2025-12-14,NJD,VAN,1,2,26,15
2025020508,2025-12-14,VAN,NJD,2,1,15,26
2025020509,2025-12-14,PIT,UTA,4,5,16,36
2025020509,2025-12-14,UTA,PIT,5,4,36,16
2025020510,2025-12-14,CAR,PHI,2,2,32,26
2025020510,2025-12-14,PHI,CAR,2,2,26,32
2025020511,2025-12-14,BOS,MIN,2,6,31,31
2025020511,2025-12-14,MIN,BOS,6,2,31,31
2025020512,2025-12-14,EDM,MTL,1,4,28,27
2025020512,2025-12-14,MTL,EDM,4,1,27,28
2025020513,2025-12-14,BUF,SEA,3,1,23,24
2025020513,2025-12-14,SEA,BUF,1,3,24,23
2025020514,2025-12-15,FLA,TBL,5,2,24,28
2025020514,2025-12-15,TBL,FLA,2,5,28,24
2025020515,2025-12-15,ANA,NYR,4,1,26,27
2025020515,2025-12-15,NYR,ANA,1,4,27,26
2025020516,2025-12-15,OTT,WPG,3,2,31,25
2025020516,2025-12-15,WPG,OTT,2,3,25,31
2025020517,2025-12-15,NSH,STL,5,2,26,22
2025020517,2025-12-15,STL,NSH,2,5,22,26
2025020518,2025-12-15,DAL,LAK,4,1,26,28
2025020518,2025-12-15,LAK,DAL,1,4,28,26
2025020519,2025-12-16,BOS,UTA,4,1,23,21
2025020519,2025-12-16,UTA,BOS,1,4,21,23
2025020520,2025-12-16,CHI,TOR,2,3,25,27
2025020520,2025-12-16,TOR,CHI,3,2,27,25
2025020521,2025-12-16,MTL,PHI,1,4,22,21
2025020521,2025-12-16,PHI,MTL,4,1,21,22
2025020522,2025-12-16,DET,NYI,3,2,21,18
2025020522,2025-12-16,NYI,DET,2,3,18,21
2025020523,2025-12-16,NYR,VAN,0,3,23,17
2025020523,2025-12-16,VAN,NYR,3,0,17,23
2025020524,2025-12-16,EDM,PIT,6,4,23,30
2025020524,2025-12-16,PIT,EDM,4,6,30,23
2025020525,2025-12-16,ANA,CBJ,3,4,27,28
2025020525,2025-12-16,CBJ,ANA,4,3,28,27
2025020526,2025-12-16,MIN,WSH,5,0,32,25
2025020526,2025-12-16,WSH,MIN,0,5,25,32
2025020527,2025-12-16,CGY,SJS,3,6,30,26
2025020527,2025-12-16,SJS,CGY,6,3,26,30
2025020528,2025-12-16,COL,SEA,5,3,39,38
2025020528,2025-12-16,SEA,COL,3,5,38,39
2025020529,2025-12-17,FLA,LAK,3,2,29,29
2025020529,2025-12-17,LAK,FLA,2,3,29,29
2025020530,2025-12-17,DET,UTA,1,4,28,28
2025020530,2025-12-17,UTA,DET,4,1,28,28
2025020531,2025-12-17,STL,WPG,1,0,26,24
2025020531,2025-12-17,WPG,STL,0,1,24,26
2025020532,2025-12-17,CAR,NSH,4,1,37,26
2025020532,2025-12-17,NSH,CAR,1,4,26,37
2025020533,2025-12-17,NJD,VGK,1,1,33,37
2025020533,2025-12-17,VGK,NJD,1,1,37,33
2025020534,2025-12-18,BOS,EDM,1,3,26,25
2025020534,2025-12-18,EDM,BOS,3,1,25,26
2025020535,2025-12-18,BUF,PHI,5,3,28,27
2025020535,2025-12-18,PHI,BUF,3,5,27,28
2025020536,2025-12-18,CHI,MTL,1,4,15,35
2025020536,2025-12-18,MTL,CHI,4,1,35,15
2025020537,2025-12-18,OTT,PIT,4,0,26,25
2025020537,2025-12-18,PIT,OTT,0,4,25,26
2025020538,2025-12-18,LAK,TBL,2,1,20,32
2025020538,2025-12-18,TBL,LAK,1,2,32,20
2025020539,2025-12-18,TOR,WSH,0,4,22,29
2025020539,2025-12-18,WSH,TOR,4,0,29,22
2025020540,2025-12-18,CBJ,MIN,2,5,29,28
2025020540,2025-12-18,MIN,CBJ,5,2,28,29
2025020541,2025-12-18,NYR,STL,2,1,31,27
2025020541,2025-12-18,STL,NYR,1,2,27,31
2025020542,2025-12-18,CGY,SEA,4,2,46,23
2025020542,2025-12-18,SEA,CGY,2,4,23,46
2025020543,2025-12-18,DAL,SJS,5,3,30,37
2025020543,2025-12-18,SJS,DAL,3,5,37,30
2025020544,2025-12-19,CAR,FLA,3,3,29,41
2025020544,2025-12-19,FLA,CAR,3,3,41,29
2025020545,2025-12-19,NYI,VAN,1,4,24,31
2025020545,2025-12-19,VAN,NYI,4,1,31,24
2025020546,2025-12-19,COL,WPG,3,2,26,22
2025020546,2025-12-19,WPG,COL,2,3,22,26
2025020547,2025-12-19,NJD,UTA,2,1,22,33
2025020547,2025-12-19,UTA,NJD,1,2,33,22
2025020548,2025-12-19,ANA,DAL,3,8,25,25
2025020548,2025-12-19,DAL,ANA,8,3,25,25
2025020549,2025-12-20,NYR,PHI,4,4,27,32
2025020549,2025-12-20,PHI,NYR,4,4,32,27
2025020550,2025-12-20,DET,WSH,5,2,41,26
2025020550,2025-12-20,WSH,DET,2,5,26,41
2025020551,2025-12-20,CHI,OTT,4,6,24,40
2025020551,2025-12-20,OTT,CHI,6,4,40,24
2025020552,2025-12-20,EDM,MIN,2,5,30,37
2025020552,2025-12-20,MIN,EDM,5,2,37,30
2025020553,2025-12-20,BUF,NYI,2,2,32,34
2025020553,2025-12-20,NYI,BUF,2,2,34,32
2025020554,2025-12-20,FLA,STL,2,6,29,32
2025020554,2025-12-20,STL,FLA,6,2,32,29
2025020555,2025-12-20,BOS,VAN,4,4,43,23
2025020555,2025-12-20,VAN,BOS,4,4,23,43
2025020556,2025-12-20,MTL,PIT,4,0,21,31
2025020556,2025-12-20,PIT,MTL,0,4,31,21
2025020557,2025-12-20,CAR,TBL,4,6,22,29
2025020557,2025-12-20,TBL,CAR,6,4,29,22
2025020558,2025-12-20,NSH,TOR,5,3,34,22
2025020558,2025-12-20,TOR,NSH,3,5,22,34
2025020559,2025-12-20,CGY,VGK,6,3,26,37
2025020559,2025-12-20,VGK,CGY,3,6,37,26
2025020560,2025-12-20,ANA,CBJ,4,3,28,26
2025020560,2025-12-20,CBJ,ANA,3,4,26,28
2025020561,2025-12-20,SEA,SJS,4,2,32,36
2025020561,2025-12-20,SJS,SEA,2,4,36,32
2025020562,2025-12-21,DET,WSH,3,2,27,33
2025020562,2025-12-21,WSH,DET,2,3,33,27
2025020563,2025-12-21,COL,MIN,5,1,42,29
2025020563,2025-12-21,MIN,COL,1,5,29,42
2025020564,2025-12-21,BOS,OTT,2,6,20,28
2025020564,2025-12-21,OTT,BOS,6,2,28,20
2025020565,2025-12-21,BUF,NJD,3,1,25,27
2025020565,2025-12-21,NJD,BUF,1,3,27,25
2025020566,2025-12-21,MTL,PIT,3,3,25,31
2025020566,2025-12-21,PIT,MTL,3,3,31,25
2025020567,2025-12-21,NSH,NYR,2,1,32,17
2025020567,2025-12-21,NYR,NSH,1,2,17,32
2025020568,2025-12-21,DAL,TOR,5,1,22,28
2025020568,2025-12-21,TOR,DAL,1,5,28,22
2025020569,2025-12-21,UTA,WPG,4,3,22,26
2025020569,2025-12-21,WPG,UTA,3,4,26,22
2025020570,2025-12-21,EDM,VGK,4,3,21,31
2025020570,2025-12-21,VGK,EDM,3,4,31,21
2025020571,2025-12-22,STL,TBL,1,4,24,17
2025020571,2025-12-22,TBL,STL,4,1,17,24
2025020572,2025-12-22,PHI,VAN,5,2,39,25
2025020572,2025-12-22,VAN,PHI,2,5,25,39
2025020573,2025-12-22,ANA,SEA,1,3,41,21
2025020573,2025-12-22,SEA,ANA,3,1,21,41
2025020574,2025-12-22,CBJ,LAK,3,1,30,24
2025020574,2025-12-22,LAK,CBJ,1,3,24,30
2025020575,2025-12-23,PIT,TOR,3,6,32,31
2025020575,2025-12-23,TOR,PIT,6,3,31,32
2025020576,2025-12-23,NYR,WSH,7,3,21,32
2025020576,2025-12-23,WSH,NYR,3,7,32,21
2025020577,2025-12-23,BOS,MTL,2,6,28,29
2025020577,2025-12-23,MTL,BOS,6,2,29,28
2025020578,2025-12-23,BUF,OTT,3,2,25,26
2025020578,2025-12-23,OTT,BUF,2,3,26,25
2025020579,2025-12-23,DAL,DET,3,4,22,25
2025020579,2025-12-23,DET,DAL,4,3,25,22
2025020580,2025-12-23,NJD,NYI,1,2,32,25
2025020580,2025-12-23,NYI,NJD,2,1,25,32
2025020581,2025-12-23,CAR,FLA,2,5,19,22
2025020581,2025-12-23,FLA,CAR,5,2,22,19
2025020582,2025-12-23,MIN,NSH,2,3,32,29
2025020582,2025-12-23,NSH,MIN,3,2,29,32
2025020583,2025-12-23,CHI,PHI,1,3,21,26
2025020583,2025-12-23,PHI,CHI,3,1,26,21
2025020584,2025-12-23,COL,UTA,1,0,26,32
2025020584,2025-12-23,UTA,COL,0,1,32,26
2025020585,2025-12-23,CGY,EDM,1,5,19,39
2025020585,2025-12-23,EDM,CGY,5,1,39,19
2025020586,2025-12-23,SJS,VGK,2,7,23,26
2025020586,2025-12-23,VGK,SJS,7,2,26,23
2025020587,2025-12-23,LAK,SEA,2,3,37,28
2025020587,2025-12-23,SEA,LAK,3,2,28,37
2025020588,2025-12-27,NYI,NYR,2,0,26,27
2025020588,2025-12-27,NYR,NYI,0,2,27,26
2025020589,2025-12-27,BOS,BUF,1,4,23,34
2025020589,2025-12-27,BUF,BOS,4,1,34,23
2025020590,2025-12-27,OTT,TOR,5,7,31,33
2025020590,2025-12-27,TOR,OTT,7,5,33,31
2025020591,2025-12-27,FLA,TBL,2,4,26,25
2025020591,2025-12-27,TBL,FLA,4,2,25,26
2025020592,2025-12-27,NJD,WSH,3,4,38,33
2025020592,2025-12-27,WSH,NJD,4,3,33,38
2025020593,2025-12-27,CAR,DET,5,2,38,20
2025020593,2025-12-27,DET,CAR,2,5,20,38
2025020594,2025-12-27,MIN,WPG,4,3,19,26
2025020594,2025-12-27,WPG,MIN,3,4,26,19
2025020595,2025-12-27,NSH,STL,2,3,32,20
2025020595,2025-12-27,STL,NSH,3,2,20,32
2025020596,2025-12-27,CHI,DAL,3,3,33,31
2025020596,2025-12-27,DAL,CHI,3,3,31,33
2025020597,2025-12-27,ANA,LAK,1,6,26,30
2025020597,2025-12-27,LAK,ANA,6,1,30,26
2025020598,2025-12-27,CGY,EDM,3,2,32,31
2025020598,2025-12-27,EDM,CGY,2,3,31,32
2025020599,2025-12-27,SJS,VAN,6,3,37,27
2025020599,2025-12-27,VAN,SJS,3,6,27,37
2025020600,2025-12-27,COL,VGK,5,5,39,25
2025020600,2025-12-27,VGK,COL,5,5,25,39
2025020601,2025-12-28,DET,TOR,3,2,36,27
2025020601,2025-12-28,TOR,DET,2,3,27,36
2025020602,2025-12-28,MTL,TBL,4,4,35,21
2025020602,2025-12-28,TBL,MTL,4,4,21,35
2025020603,2025-12-28,CBJ,NYI,4,2,35,26
2025020603,2025-12-28,NYI,CBJ,2,4,26,35
2025020604,2025-12-28,CHI,PIT,3,7,24,24
2025020604,2025-12-28,PIT,CHI,7,3,24,24
2025020605,2025-12-28,PHI,SEA,1,4,33,20
2025020605,2025-12-28,SEA,PHI,4,1,20,33
2025020606,2025-12-29,CBJ,OTT,4,1,22,28
2025020606,2025-12-29,OTT,CBJ,1,4,28,22
2025020607,2025-12-29,FLA,WSH,5,3,29,27
2025020607,2025-12-29,WSH,FLA,3,5,27,29
2025020608,2025-12-29,CAR,NYR,3,2,35,20
2025020608,2025-12-29,NYR,CAR,2,3,20,35
2025020609,2025-12-29,EDM,WPG,3,1,21,42
2025020609,2025-12-29,WPG,EDM,1,3,42,21
2025020610,2025-12-29,BUF,STL,4,2,34,18
2025020610,2025-12-29,STL,BUF,2,4,18,34
2025020611,2025-12-29,COL,LAK,5,2,26,25
2025020611,2025-12-29,LAK,COL,2,5,25,26
2025020612,2025-12-29,NSH,UTA,4,3,26,31
2025020612,2025-12-29,UTA,NSH,3,4,31,26
2025020613,2025-12-29,BOS,CGY,1,2,26,20
2025020613,2025-12-29,CGY,BOS,2,1,20,26
2025020614,2025-12-29,MIN,VGK,5,2,27,16
2025020614,2025-12-29,VGK,MIN,2,5,16,27
2025020615,2025-12-29,ANA,SJS,4,5,42,13
2025020615,2025-12-29,SJS,ANA,5,4,13,42
2025020616,2025-12-29,SEA,VAN,2,2,39,24
2025020616,2025-12-29,VAN,SEA,2,2,24,39
2025020617,2025-12-30,NJD,TOR,0,4,33,30
2025020617,2025-12-30,TOR,NJD,4,0,30,33
2025020618,2025-12-30,FLA,MTL,2,3,30,29
2025020618,2025-12-30,MTL,FLA,3,2,29,30
2025020619,2025-12-30,CAR,PIT,1,5,28,28
2025020619,2025-12-30,PIT,CAR,5,1,28,28
2025020620,2025-12-30,CHI,NYI,2,2,19,21
2025020620,2025-12-30,NYI,CHI,2,2,21,19
2025020621,2025-12-30,PHI,VAN,6,3,33,35
2025020621,2025-12-30,VAN,PHI,3,6,35,33
2025020622,2025-12-31,NYR,WSH,3,6,25,27
2025020622,2025-12-31,WSH,NYR,6,3,27,25
2025020623,2025-12-31,NSH,VGK,4,2,19,31
2025020623,2025-12-31,VGK,NSH,2,4,31,19
2025020624,2025-12-31,ANA,TBL,3,4,28,29
2025020624,2025-12-31,TBL,ANA,4,3,29,28
2025020625,2025-12-31,MIN,SJS,3,3,23,28
2025020625,2025-12-31,SJS,MIN,3,3,28,23
2025020626,2025-12-31,DET,WPG,2,1,19,24
2025020626,2025-12-31,WPG,DET,1,2,24,19
2025020627,2025-12-31,CBJ,NJD,2,3,35,33
2025020627,2025-12-31,NJD,CBJ,3,2,33,35
2025020628,2025-12-31,BUF,DAL,4,1,31,29
2025020628,2025-12-31,DAL,BUF,1,4,29,31
2025020629,2025-12-31,COL,STL,6,1,43,13
2025020629,2025-12-31,STL,COL,1,6,13,43
2025020630,2025-12-31,CGY,PHI,5,1,25,26
2025020630,2025-12-31,PHI,CGY,1,5,26,25
2025020631,2025-12-31,BOS,EDM,6,2,29,36
2025020631,2025-12-31,EDM,BOS,2,6,36,29
2025020632,2026-01-01,OTT,WSH,4,3,32,29
2025020632,2026-01-01,WSH,OTT,3,4,29,32
2025020633,2026-01-01,NYI,UTA,2,7,22,21
2025020633,2026-01-01,UTA,NYI,7,2,21,22
2025020634,2026-01-01,TOR,WPG,6,5,30,40
2025020634,2026-01-01,WPG,TOR,5,6,40,30
2025020635,2026-01-01,DET,PIT,3,4,27,31
2025020635,2026-01-01,PIT,DET,4,3,31,27
2025020636,2026-01-01,CAR,MTL,5,7,25,23
2025020636,2026-01-01,MTL,CAR,7,5,23,25
2025020637,2026-01-01,CHI,DAL,4,3,21,25
2025020637,2026-01-01,DAL,CHI,3,4,25,21
2025020638,2026-01-01,NSH,SEA,1,4,25,23
2025020638,2026-01-01,SEA,NSH,4,1,23,25
2025020639,2026-01-01,LAK,TBL,3,5,20,24
2025020639,2026-01-01,TBL,LAK,5,3,24,20
2025020640,2026-01-02,STL,VGK,4,3,19,24
2025020640,2026-01-02,VGK,STL,3,4,24,19
2025020641,2026-01-02,FLA,NYR,1,5,37,20
2025020641,2026-01-02,NYR,FLA,5,1,20,37
2025020642,2026-01-02,SEA,VAN,3,3,28,23
2025020642,2026-01-02,VAN,SEA,3,3,23,28
2025020643,2026-01-02,ANA,MIN,2,5,28,34
2025020643,2026-01-02,MIN,ANA,5,2,34,28
2025020644,2026-01-03,DET,PIT,1,4,12,31
2025020644,2026-01-03,PIT,DET,4,1,31,12
2025020645,2026-01-03,NJD,UTA,4,1,30,31
2025020645,2026-01-03,UTA,NJD,1,4,31,30
2025020646,2026-01-03,BUF,CBJ,1,5,33,34
2025020646,2026-01-03,CBJ,BUF,5,1,34,33
2025020647,2026-01-03,EDM,PHI,2,5,25,29
2025020647,2026-01-03,PHI,EDM,5,2,29,25
2025020648,2026-01-03,MTL,STL,0,2,26,19
2025020648,2026-01-03,STL,MTL,2,0,19,26
2025020649,2026-01-03,SJS,TBL,3,7,22,26
2025020649,2026-01-03,TBL,SJS,7,3,26,22
2025020650,2026-01-03,OTT,WPG,4,2,27,23
2025020650,2026-01-03,WPG,OTT,2,4,23,27
2025020651,2026-01-03,NYI,TOR,4,3,25,21
2025020651,2026-01-03,TOR,NYI,3,4,21,25
2025020652,2026-01-03,CHI,WSH,2,2,33,34
2025020652,2026-01-03,WSH,CHI,2,2,34,33
2025020653,2026-01-03,CAR,COL,3,5,28,34
2025020653,2026-01-03,COL,CAR,5,3,34,28
2025020654,2026-01-03,CGY,NSH,3,4,23,36
2025020654,2026-01-03,NSH,CGY,4,3,36,23
2025020655,2026-01-03,LAK,MIN,4,4,38,28
2025020655,2026-01-03,MIN,LAK,4,4,28,38
2025020656,2026-01-03,BOS,VAN,3,2,21,33
2025020656,2026-01-03,VAN,BOS,2,3,33,21
2025020657,2026-01-04,DAL,MTL,3,4,27,29
2025020657,2026-01-04,MTL,DAL,4,3,29,27
2025020658,2026-01-04,CBJ,PIT,4,5,25,43
2025020658,2026-01-04,PIT,CBJ,5,4,43,25
2025020659,2026-01-04,COL,FLA,1,2,28,25
2025020659,2026-01-04,FLA,COL,2,1,25,28
2025020660,2026-01-04,CAR,NJD,3,1,29,29
2025020660,2026-01-04,NJD,CAR,1,3,29,29
2025020661,2026-01-04,CHI,VGK,3,2,20,15
2025020661,2026-01-04,VGK,CHI,2,3,15,20
2025020662,2026-01-05,NYR,UTA,2,3,24,27
2025020662,2026-01-05,UTA,NYR,3,2,27,24
2025020663,2026-01-05,ANA,WSH,4,7,45,29
2025020663,2026-01-05,WSH,ANA,7,4,29,45
2025020664,2026-01-05,DET,OTT,5,3,21,37
2025020664,2026-01-05,OTT,DET,3,5,37,21
2025020665,2026-01-05,CGY,SEA,1,5,42,28
2025020665,2026-01-05,SEA,CGY,5,1,28,42
2025020666,2026-01-05,LAK,MIN,4,2,33,35
2025020666,2026-01-05,MIN,LAK,2,4,35,33
2025020667,2026-01-06,BUF,VAN,5,3,20,35
2025020667,2026-01-06,VAN,BUF,3,5,35,20
2025020668,2026-01-06,COL,TBL,2,4,33,28
2025020668,2026-01-06,TBL,COL,4,2,28,33
2025020669,2026-01-06,NJD,NYI,0,9,44,24
2025020669,2026-01-06,NYI,NJD,9,0,24,44
2025020670,2026-01-06,ANA,PHI,2,5,18,39
2025020670,2026-01-06,PHI,ANA,5,2,39,18
2025020671,2026-01-06,CAR,DAL,6,3,32,22
2025020671,2026-01-06,DAL,CAR,3,6,22,32
2025020672,2026-01-06,FLA,TOR,1,4,32,23
2025020672,2026-01-06,TOR,FLA,4,1,23,32
2025020673,2026-01-06,VGK,WPG,4,3,31,20
2025020673,2026-01-06,WPG,VGK,3,4,20,31
2025020674,2026-01-06,EDM,NSH,6,2,43,26
2025020674,2026-01-06,NSH,EDM,2,6,26,43
2025020675,2026-01-06,CBJ,SJS,2,5,36,36
2025020675,2026-01-06,SJS,CBJ,5,2,36,36
2025020676,2026-01-06,BOS,SEA,4,7,36,27
2025020676,2026-01-06,SEA,BOS,7,4,27,36
2025020677,2026-01-07,DAL,WSH,4,1,36,24
2025020677,2026-01-07,WSH,DAL,1,4,24,36
2025020678,2026-01-07,CGY,MTL,1,4,29,35
2025020678,2026-01-07,MTL,CGY,4,1,35,29
2025020679,2026-01-07,CHI,STL,7,3,35,30
2025020679,2026-01-07,STL,CHI,3,7,30,35
2025020680,2026-01-07,OTT,UTA,1,3,33,21
2025020680,2026-01-07,UTA,OTT,3,1,21,33
2025020681,2026-01-07,LAK,SJS,3,4,26,28
2025020681,2026-01-07,SJS,LAK,4,3,28,26
2025020682,2026-01-08,BOS,CGY,4,1,30,29
2025020682,2026-01-08,CGY,BOS,1,4,29,30
2025020683,2026-01-08,FLA,MTL,2,6,27,19
2025020683,2026-01-08,MTL,FLA,6,2,19,27
2025020684,2026-01-08,DET,VAN,5,1,25,24
2025020684,2026-01-08,VAN,DET,1,5,24,25
2025020685,2026-01-08,BUF,NYR,5,2,21,32
2025020685,2026-01-08,NYR,BUF,2,5,32,21
2025020686,2026-01-08,PHI,TOR,1,2,23,23
2025020686,2026-01-08,TOR,PHI,2,1,23,23
2025020687,2026-01-08,NJD,PIT,1,4,29,29
2025020687,2026-01-08,PIT,NJD,4,1,29,29
2025020688,2026-01-08,ANA,CAR,2,5,13,35
2025020688,2026-01-08,CAR,ANA,5,2,35,13
2025020689,2026-01-08,NSH,NYI,1,1,27,31
2025020689,2026-01-08,NYI,NSH,1,1,31,27
2025020690,2026-01-08,EDM,WPG,4,3,30,16
2025020690,2026-01-08,WPG,EDM,3,4,16,30
2025020691,2026-01-08,COL,OTT,8,2,34,31
2025020691,2026-01-08,OTT,COL,2,8,31,34
2025020692,2026-01-08,CBJ,VGK,3,5,24,26
2025020692,2026-01-08,VGK,CBJ,5,3,26,24
2025020693,2026-01-08,MIN,SEA,3,2,34,28
2025020693,2026-01-08,SEA,MIN,2,3,28,34
2025020694,2026-01-09,CHI,WSH,1,5,24,24
2025020694,2026-01-09,WSH,CHI,5,1,24,24
2025020695,2026-01-09,LAK,WPG,1,5,24,19
2025020695,2026-01-09,WPG,LAK,5,1,19,24
2025020696,2026-01-09,STL,UTA,2,4,28,23
2025020696,2026-01-09,UTA,STL,4,2,23,28
2025020697,2026-01-10,BOS,NYR,10,2,34,29
2025020697,2026-01-10,NYR,BOS,2,10,29,34
2025020698,2026-01-10,CGY,PIT,2,1,25,28
2025020698,2026-01-10,PIT,CGY,1,2,28,25
2025020699,2026-01-10,CBJ,COL,0,4,29,31
2025020699,2026-01-10,COL,CBJ,4,0,31,29
2025020700,2026-01-10,DAL,SJS,4,5,20,31
2025020700,2026-01-10,SJS,DAL,5,4,31,20
2025020701,2026-01-10,ANA,BUF,3,5,34,32
2025020701,2026-01-10,BUF,ANA,5,3,32,34
2025020702,2026-01-10,TOR,VAN,5,0,24,29
2025020702,2026-01-10,VAN,TOR,0,5,29,24
2025020703,2026-01-10,DET,MTL,4,0,24,27
2025020703,2026-01-10,MTL,DET,0,4,27,24
2025020704,2026-01-10,FLA,OTT,3,2,21,19
2025020704,2026-01-10,OTT,FLA,2,3,19,21
2025020705,2026-01-10,PHI,TBL,2,7,20,23
2025020705,2026-01-10,TBL,PHI,7,2,23,20
2025020706,2026-01-10,CAR,SEA,3,2,34,12
2025020706,2026-01-10,SEA,CAR,2,3,12,34
2025020707,2026-01-10,CHI,NSH,3,0,21,36
2025020707,2026-01-10,NSH,CHI,0,3,36,21
2025020708,2026-01-10,MIN,NYI,3,4,36,27
2025020708,2026-01-10,NYI,MIN,4,3,27,36
2025020709,2026-01-10,EDM,LAK,3,3,24,30
2025020709,2026-01-10,LAK,EDM,3,3,30,24
2025020710,2026-01-10,STL,VGK,2,4,19,25
2025020710,2026-01-10,VGK,STL,4,2,25,19
2025020711,2026-01-11,NJD,WPG,3,4,27,22
2025020711,2026-01-11,WPG,NJD,4,3,22,27
2025020712,2026-01-11,BOS,PIT,1,0,18,27
2025020712,2026-01-11,PIT,BOS,0,1,27,18
2025020713,2026-01-11,NSH,WSH,3,2,21,30
2025020713,2026-01-11,WSH,NSH,2,3,30,21
2025020714,2026-01-11,CBJ,UTA,3,2,36,27
2025020714,2026-01-11,UTA,CBJ,2,3,27,36
2025020715,2026-01-11,SJS,VGK,2,7,20,33
2025020715,2026-01-11,VGK,SJS,7,2,33,20
2025020716,2026-01-12,BUF,FLA,3,4,23,32
2025020716,2026-01-12,FLA,BUF,4,3,32,23
2025020717,2026-01-12,CAR,DET,3,4,34,18
2025020717,2026-01-12,DET,CAR,4,3,18,34
2025020718,2026-01-12,NYR,SEA,2,4,22,29
2025020718,2026-01-12,SEA,NYR,4,2,29,22
2025020719,2026-01-12,PHI,TBL,1,5,21,26
2025020719,2026-01-12,TBL,PHI,5,1,26,21
2025020720,2026-01-12,MTL,VAN,6,3,41,23
2025020720,2026-01-12,VAN,MTL,3,6,23,41
2025020721,2026-01-12,MIN,NJD,2,5,23,29
2025020721,2026-01-12,NJD,MIN,5,2,29,23
2025020722,2026-01-12,CHI,EDM,1,4,30,37
2025020722,2026-01-12,EDM,CHI,4,1,37,30
2025020723,2026-01-12,COL,TOR,3,4,34,31
2025020723,2026-01-12,TOR,COL,4,3,31,34
2025020724,2026-01-12,DAL,LAK,3,1,18,25
2025020724,2026-01-12,LAK,DAL,1,3,25,18
2025020725,2026-01-13,OTT,VAN,2,1,40,20
2025020725,2026-01-13,VAN,OTT,1,2,20,40
2025020726,2026-01-13,PIT,TBL,1,1,27,31
2025020726,2026-01-13,TBL,PIT,1,1,31,27
2025020727,2026-01-13,MTL,WSH,2,3,25,42
2025020727,2026-01-13,WSH,MTL,3,2,42,25
2025020728,2026-01-13,CBJ,CGY,5,3,43,32
2025020728,2026-01-13,CGY,CBJ,3,5,32,43
2025020729,2026-01-13,BOS,DET,3,0,41,24
2025020729,2026-01-13,DET,BOS,0,3,24,41
2025020730,2026-01-13,CAR,STL,0,3,33,31
2025020730,2026-01-13,STL,CAR,3,0,31,33
2025020731,2026-01-13,EDM,NSH,3,4,31,27
2025020731,2026-01-13,NSH,EDM,4,3,27,31
2025020732,2026-01-13,NYI,WPG,4,5,27,22
2025020732,2026-01-13,WPG,NYI,5,4,22,27
2025020733,2026-01-13,TOR,UTA,1,6,20,41
2025020733,2026-01-13,UTA,TOR,6,1,41,20
2025020734,2026-01-13,ANA,DAL,3,1,25,25
2025020734,2026-01-13,DAL,ANA,1,3,25,25
2025020735,2026-01-14,NJD,SEA,3,2,26,17
2025020735,2026-01-14,SEA,NJD,2,3,17,26
2025020736,2026-01-14,BUF,PHI,5,2,14,22
2025020736,2026-01-14,PHI,BUF,2,5,22,14
2025020737,2026-01-14,NYR,OTT,4,8,22,30
2025020737,2026-01-14,OTT,NYR,8,4,30,22
2025020738,2026-01-14,LAK,VGK,2,3,24,27
2025020738,2026-01-14,VGK,LAK,3,2,27,24
2025020739,2026-01-15,BOS,SEA,4,2,24,26
2025020739,2026-01-15,SEA,BOS,2,4,26,24
2025020740,2026-01-15,BUF,MTL,5,3,27,23
2025020740,2026-01-15,MTL,BUF,3,5,23,27
2025020741,2026-01-15,PHI,PIT,3,6,33,30
2025020741,2026-01-15,PIT,PHI,6,3,30,33
2025020742,2026-01-15,SJS,WSH,3,2,26,23
2025020742,2026-01-15,WSH,SJS,2,3,23,26
2025020743,2026-01-15,CBJ,VAN,4,1,36,31
2025020743,2026-01-15,VAN,CBJ,1,4,31,36
2025020744,2026-01-15,MIN,WPG,2,6,34,29
2025020744,2026-01-15,WPG,MIN,6,2,29,34
2025020745,2026-01-15,CGY,CHI,3,1,23,23
2025020745,2026-01-15,CHI,CGY,1,3,23,23
2025020746,2026-01-15,DAL,UTA,1,2,27,27
2025020746,2026-01-15,UTA,DAL,2,1,27,27
2025020747,2026-01-15,EDM,NYI,0,1,35,18
2025020747,2026-01-15,NYI,EDM,1,0,18,35
2025020748,2026-01-15,TOR,VGK,5,6,28,33
2025020748,2026-01-15,VGK,TOR,6,5,33,28
2025020749,2026-01-16,DET,SJS,4,2,25,22
2025020749,2026-01-16,SJS,DET,2,4,22,25
2025020750,2026-01-16,CAR,FLA,9,1,35,16
2025020750,2026-01-16,FLA,CAR,1,9,16,35
2025020751,2026-01-16,STL,TBL,2,2,21,36
2025020751,2026-01-16,TBL,STL,2,2,36,21
2025020752,2026-01-16,COL,NSH,3,7,42,30
2025020752,2026-01-16,NSH,COL,7,3,30,42
2025020753,2026-01-16,ANA,LAK,2,2,28,28
2025020753,2026-01-16,LAK,ANA,2,2,28,28
2025020754,2026-01-17,BUF,MIN,4,5,24,35
2025020754,2026-01-17,MIN,BUF,5,4,35,24
2025020755,2026-01-17,NYR,PHI,6,3,28,28
2025020755,2026-01-17,PHI,NYR,3,6,28,28
2025020756,2026-01-17,CGY,NYI,4,2,19,30
2025020756,2026-01-17,NYI,CGY,2,4,30,19
2025020757,2026-01-17,SEA,UTA,3,6,21,30
2025020757,2026-01-17,UTA,SEA,6,3,30,21
2025020758,2026-01-17,MTL,OTT,6,5,19,34
2025020758,2026-01-17,OTT,MTL,5,6,34,19
2025020759,2026-01-17,CAR,NJD,4,1,35,30
2025020759,2026-01-17,NJD,CAR,1,4,30,35
2025020760,2026-01-17,CBJ,PIT,3,3,25,32
2025020760,2026-01-17,PIT,CBJ,3,3,32,25
2025020761,2026-01-17,FLA,WSH,5,2,31,24
2025020761,2026-01-17,WSH,FLA,2,5,24,31
2025020762,2026-01-17,TOR,WPG,4,3,37,30
2025020762,2026-01-17,WPG,TOR,3,4,30,37
2025020763,2026-01-17,BOS,CHI,5,2,23,24
2025020763,2026-01-17,CHI,BOS,2,5,24,23
2025020764,2026-01-17,EDM,VAN,6,0,35,31
2025020764,2026-01-17,VAN,EDM,0,6,31,35
2025020765,2026-01-17,NSH,VGK,2,7,29,36
2025020765,2026-01-17,VGK,NSH,7,2,36,29
2025020766,2026-01-17,ANA,LAK,2,1,33,18
2025020766,2026-01-17,LAK,ANA,1,2,18,33
2025020767,2026-01-18,DAL,TBL,1,4,20,26
2025020767,2026-01-18,TBL,DAL,4,1,26,20
2025020768,2026-01-18,DET,OTT,4,3,34,22
2025020768,2026-01-18,OTT,DET,3,4,22,34
2025020769,2026-01-18,EDM,STL,5,0,28,27
2025020769,2026-01-18,STL,EDM,0,5,27,28
2025020770,2026-01-19,BUF,CAR,1,2,18,28
2025020770,2026-01-19,CAR,BUF,2,1,28,18
2025020771,2026-01-19,COL,WSH,5,2,44,24
2025020771,2026-01-19,WSH,COL,2,5,24,44
2025020772,2026-01-19,PIT,SEA,6,3,32,23
2025020772,2026-01-19,SEA,PIT,3,6,23,32
2025020773,2026-01-19,FLA,SJS,1,4,36,28
2025020773,2026-01-19,SJS,FLA,4,1,28,36
2025020774,2026-01-19,MIN,TOR,6,3,38,30
2025020774,2026-01-19,TOR,MIN,3,6,30,38
2025020775,2026-01-19,PHI,VGK,2,1,17,25
2025020775,2026-01-19,VGK,PHI,1,2,25,17
2025020776,2026-01-19,CHI,WPG,2,0,24,32
2025020776,2026-01-19,WPG,CHI,0,2,32,24
2025020777,2026-01-19,CGY,NJD,1,2,22,31
2025020777,2026-01-19,NJD,CGY,2,1,31,22
2025020778,2026-01-19,NYI,VAN,4,3,32,32
2025020778,2026-01-19,VAN,NYI,3,4,32,32
2025020779,2026-01-19,ANA,NYR,5,3,26,22
2025020779,2026-01-19,NYR,ANA,3,5,22,26
2025020780,2026-01-20,MIN,MTL,3,4,20,33
2025020780,2026-01-20,MTL,MIN,4,3,33,20
2025020781,2026-01-20,SJS,TBL,1,4,23,20
2025020781,2026-01-20,TBL,SJS,4,1,20,23
2025020782,2026-01-20,CBJ,OTT,1,4,22,21
2025020782,2026-01-20,OTT,CBJ,4,1,21,22
2025020783,2026-01-20,BOS,DAL,2,6,18,37
2025020783,2026-01-20,DAL,BOS,6,2,37,18
2025020784,2026-01-20,BUF,NSH,5,3,32,34
2025020784,2026-01-20,NSH,BUF,3,5,34,32
2025020785,2026-01-20,STL,WPG,1,3,23,16
2025020785,2026-01-20,WPG,STL,3,1,16,23
2025020786,2026-01-20,EDM,NJD,1,2,23,17
2025020786,2026-01-20,NJD,EDM,2,1,17,23
2025020787,2026-01-20,LAK,NYR,4,3,27,36
2025020787,2026-01-20,NYR,LAK,3,4,36,27
2025020788,2026-01-21,DET,TOR,2,1,41,31
2025020788,2026-01-21,TOR,DET,1,2,31,41
2025020789,2026-01-21,ANA,COL,1,1,16,41
2025020789,2026-01-21,COL,ANA,1,1,41,16
2025020790,2026-01-21,PHI,UTA,4,5,29,27
2025020790,2026-01-21,UTA,PHI,5,4,27,29
2025020791,2026-01-21,CGY,PIT,1,4,19,25
2025020791,2026-01-21,PIT,CGY,4,1,25,19
2025020792,2026-01-21,VAN,WSH,4,3,25,32
2025020792,2026-01-21,WSH,VAN,3,4,32,25
2025020793,2026-01-21,NYI,SEA,1,4,25,25
2025020793,2026-01-21,SEA,NYI,4,1,25,25
2025020794,2026-01-22,BOS,VGK,4,3,29,33
2025020794,2026-01-22,VGK,BOS,3,4,33,29
2025020795,2026-01-22,BUF,MTL,4,2,17,34
2025020795,2026-01-22,MTL,BUF,2,4,34,17
2025020796,2026-01-22,CAR,CHI,3,3,31,22
2025020796,2026-01-22,CHI,CAR,3,3,22,31
2025020797,2026-01-22,CBJ,DAL,1,0,22,28
2025020797,2026-01-22,DAL,CBJ,0,1,28,22
2025020798,2026-01-22,NSH,OTT,5,3,27,26
2025020798,2026-01-22,OTT,NSH,3,5,26,27
2025020799,2026-01-22,FLA,WPG,1,1,20,18
2025020799,2026-01-22,WPG,FLA,1,1,18,20
2025020800,2026-01-22,EDM,PIT,2,6,32,23
2025020800,2026-01-22,PIT,EDM,6,2,23,32
2025020801,2026-01-22,DET,MIN,3,4,33,39
2025020801,2026-01-22,MIN,DET,4,3,39,33
2025020802,2026-01-23,TOR,VGK,3,6,21,31
2025020802,2026-01-23,VGK,TOR,6,3,31,21
2025020803,2026-01-23,CHI,TBL,1,1,19,31
2025020803,2026-01-23,TBL,CHI,1,1,31,19
2025020804,2026-01-23,DAL,STL,3,2,19,22
2025020804,2026-01-23,STL,DAL,2,3,22,19
2025020805,2026-01-23,COL,PHI,3,7,35,20
2025020805,2026-01-23,PHI,COL,7,3,20,35
2025020806,2026-01-23,CGY,WSH,1,3,26,38
2025020806,2026-01-23,WSH,CGY,3,1,38,26
2025020807,2026-01-23,NJD,VAN,5,4,24,25
2025020807,2026-01-23,VAN,NJD,4,5,25,24
2025020808,2026-01-23,NYR,SJS,1,3,29,32
2025020808,2026-01-23,SJS,NYR,3,1,32,29
2025020809,2026-01-23,ANA,SEA,4,2,31,22
2025020809,2026-01-23,SEA,ANA,2,4,22,31
2025020810,2026-01-24,BUF,NYI,5,0,21,26
2025020810,2026-01-24,NYI,BUF,0,5,26,21
2025020811,2026-01-24,NSH,UTA,2,5,29,30
2025020811,2026-01-24,UTA,NSH,5,2,30,29
2025020812,2026-01-24,BOS,MTL,4,3,21,25
2025020812,2026-01-24,MTL,BOS,3,4,25,21
2025020813,2026-01-24,CAR,OTT,4,1,19,36
2025020813,2026-01-24,OTT,CAR,1,4,36,19
2025020814,2026-01-24,CBJ,TBL,8,5,31,30
2025020814,2026-01-24,TBL,CBJ,5,8,30,31
2025020815,2026-01-24,DET,WPG,5,1,31,27
2025020815,2026-01-24,WPG,DET,1,5,27,31
2025020816,2026-01-24,LAK,STL,4,4,28,29
2025020816,2026-01-24,STL,LAK,4,4,29,28
2025020817,2026-01-24,FLA,MIN,4,3,34,21
2025020817,2026-01-24,MIN,FLA,3,4,21,34
2025020818,2026-01-24,EDM,WSH,6,5,40,27
2025020818,2026-01-24,WSH,EDM,5,6,27,40
2025020819,2026-01-25,COL,TOR,4,1,37,33
2025020819,2026-01-25,TOR,COL,1,4,33,37
2025020820,2026-01-25,NJD,SEA,2,4,29,19
2025020820,2026-01-25,SEA,NJD,4,2,19,29
2025020821,2026-01-25,OTT,VGK,7,1,31,20
2025020821,2026-01-25,VGK,OTT,1,7,20,31
2025020822,2026-01-25,PIT,VAN,3,2,25,32
2025020822,2026-01-25,VAN,PIT,2,3,32,25
2025020823,2026-01-25,CHI,FLA,1,5,20,25
2025020823,2026-01-25,FLA,CHI,5,1,25,20
2025020824,2026-01-25,ANA,CGY,4,3,21,35
2025020824,2026-01-25,CGY,ANA,3,4,35,21
2025020825,2026-01-26,TBL,UTA,2,0,29,28
2025020825,2026-01-26,UTA,TBL,0,2,28,29
2025020826,2026-01-26,BOS,NYR,3,4,24,28
2025020826,2026-01-26,NYR,BOS,4,3,28,24
2025020827,2026-01-26,NYI,PHI,4,0,23,21
2025020827,2026-01-26,PHI,NYI,0,4,21,23
2025020829,2026-01-26,ANA,EDM,4,7,41,32
2025020829,2026-01-26,EDM,ANA,7,4,32,41
2025020830,2026-01-27,BOS,NSH,3,2,28,30
2025020830,2026-01-27,NSH,BOS,2,3,30,28
2025020831,2026-01-27,BUF,TOR,7,4,31,23
2025020831,2026-01-27,TOR,BUF,4,7,23,31
2025020832,2026-01-27,MTL,VGK,3,2,26,34
2025020832,2026-01-27,VGK,MTL,2,3,34,26
2025020833,2026-01-27,DET,LAK,1,3,28,22
2025020833,2026-01-27,LAK,DET,3,1,22,28
2025020834,2026-01-27,FLA,UTA,3,4,30,20
2025020834,2026-01-27,UTA,FLA,4,3,20,30
2025020835,2026-01-27,NJD,WPG,3,4,29,26
2025020835,2026-01-27,WPG,NJD,4,3,26,29
2025020836,2026-01-27,DAL,STL,4,3,24,26
2025020836,2026-01-27,STL,DAL,3,4,26,24
2025020837,2026-01-27,CHI,MIN,3,3,32,23
2025020837,2026-01-27,MIN,CHI,3,3,23,32
2025020838,2026-01-27,SJS,VAN,5,2,33,25
2025020838,2026-01-27,VAN,SJS,2,5,25,33
2025020839,2026-01-27,SEA,WSH,5,1,32,20
2025020839,2026-01-27,WSH,SEA,1,5,20,32
2025020840,2026-01-28,CBJ,PHI,5,3,31,27
2025020840,2026-01-28,PHI,CBJ,3,5,27,31
2025020841,2026-01-28,COL,OTT,2,5,18,23
2025020841,2026-01-28,OTT,COL,5,2,23,18
2025020842,2026-01-28,NYI,NYR,5,2,36,16
2025020842,2026-01-28,NYR,NYI,2,5,16,36
2025020843,2026-01-29,BOS,PHI,6,3,27,36
2025020843,2026-01-29,PHI,BOS,3,6,36,27
2025020844,2026-01-29,BUF,LAK,4,1,32,38
2025020844,2026-01-29,LAK,BUF,1,4,38,32
2025020845,2026-01-29,COL,MTL,3,7,29,28
2025020845,2026-01-29,MTL,COL,7,3,28,29
2025020846,2026-01-29,DET,WSH,3,3,21,23
2025020846,2026-01-29,WSH,DET,3,3,23,21
2025020847,2026-01-29,TBL,WPG,4,1,37,24
2025020847,2026-01-29,WPG,TBL,1,4,24,37
2025020848,2026-01-29,NJD,NSH,3,2,35,29
2025020848,2026-01-29,NSH,NJD,2,3,29,35
2025020849,2026-01-29,NYI,NYR,2,1,21,21
2025020849,2026-01-29,NYR,NYI,1,2,21,21
2025020850,2026-01-29,CHI,PIT,2,6,20,45
2025020850,2026-01-29,PIT,CHI,6,2,45,20
2025020851,2026-01-29,CAR,UTA,5,4,33,25
2025020851,2026-01-29,UTA,CAR,4,5,25,33
2025020852,2026-01-29,FLA,STL,4,5,20,31
2025020852,2026-01-29,STL,FLA,5,4,31,20
2025020853,2026-01-29,CGY,MIN,1,4,30,24
2025020853,2026-01-29,MIN,CGY,4,1,24,30
2025020854,2026-01-29,EDM,SJS,4,3,32,21
2025020854,2026-01-29,SJS,EDM,3,4,21,32
2025020855,2026-01-29,ANA,VAN,0,2,33,26
2025020855,2026-01-29,VAN,ANA,2,0,26,33
2025020856,2026-01-29,DAL,VGK,4,4,27,21
2025020856,2026-01-29,VGK,DAL,4,4,21,27
2025020857,2026-01-29,SEA,TOR,5,2,22,31
2025020857,2026-01-29,TOR,SEA,2,5,31,22
2025020858,2026-01-30,CBJ,CHI,4,2,26,24
2025020858,2026-01-30,CHI,CBJ,2,4,24,26
2025020859,2026-01-31,LAK,PHI,3,2,21,21
2025020859,2026-01-31,PHI,LAK,2,3,21,21
2025020860,2026-01-31,COL,DET,5,0,21,28
2025020860,2026-01-31,DET,COL,0,5,28,21
2025020861,2026-01-31,NYR,PIT,5,6,20,34
2025020861,2026-01-31,PIT,NYR,6,5,34,20
2025020862,2026-01-31,FLA,WPG,1,2,28,21
2025020862,2026-01-31,WPG,FLA,2,1,21,28
2025020863,2026-01-31,CGY,SJS,3,2,42,25
2025020863,2026-01-31,SJS,CGY,2,3,25,42
2025020864,2026-01-31,CAR,WSH,3,4,22,42
2025020864,2026-01-31,WSH,CAR,4,3,42,22
2025020865,2026-01-31,BUF,MTL,2,4,38,31
2025020865,2026-01-31,MTL,BUF,4,2,31,38
2025020866,2026-01-31,NJD,OTT,1,4,27,34
2025020866,2026-01-31,OTT,NJD,4,1,34,27
2025020867,2026-01-31,NSH,NYI,4,3,42,30
2025020867,2026-01-31,NYI,NSH,3,4,30,42
2025020868,2026-01-31,CBJ,STL,5,3,23,33
2025020868,2026-01-31,STL,CBJ,3,5,33,23
2025020869,2026-01-31,TOR,VAN,2,2,41,30
2025020869,2026-01-31,VAN,TOR,2,2,30,41
2025020870,2026-01-31,DAL,UTA,3,2,32,14
2025020870,2026-01-31,UTA,DAL,2,3,14,32
2025020871,2026-01-31,EDM,MIN,3,7,42,29
2025020871,2026-01-31,MIN,EDM,7,3,29,42
2025020872,2026-01-31,SEA,VGK,3,2,22,29
2025020872,2026-01-31,VGK,SEA,2,3,29,22
2025020873,2026-02-01,BOS,TBL,5,5,34,46
2025020873,2026-02-01,TBL,BOS,5,5,46,34
2025020874,2026-02-01,CAR,LAK,3,2,34,13
2025020874,2026-02-01,LAK,CAR,2,3,13,34
2025020875,2026-02-01,ANA,VGK,4,3,23,31
2025020875,2026-02-01,VGK,ANA,3,4,31,23
2025020876,2026-02-02,BUF,FLA,5,3,20,42
2025020876,2026-02-02,FLA,BUF,3,5,42,20
2025020877,2026-02-02,OTT,PIT,3,2,31,16
2025020877,2026-02-02,PIT,OTT,2,3,16,31
2025020878,2026-02-02,NYI,WSH,1,4,30,25
2025020878,2026-02-02,WSH,NYI,4,1,25,30
2025020879,2026-02-02,MIN,MTL,4,3,24,20
2025020879,2026-02-02,MTL,MIN,3,4,20,24
2025020880,2026-02-02,NSH,STL,6,5,28,34
2025020880,2026-02-02,STL,NSH,5,6,34,28
2025020881,2026-02-02,CHI,SJS,6,3,17,27
2025020881,2026-02-02,SJS,CHI,3,6,27,17
2025020882,2026-02-02,DAL,WPG,4,3,28,27
2025020882,2026-02-02,WPG,DAL,3,4,27,28
2025020883,2026-02-02,COL,DET,0,2,21,25
2025020883,2026-02-02,DET,COL,2,0,25,21
2025020884,2026-02-02,UTA,VAN,6,2,19,24
2025020884,2026-02-02,VAN,UTA,2,6,24,19
2025020885,2026-02-02,CGY,TOR,2,4,30,22
2025020885,2026-02-02,TOR,CGY,4,2,22,30
2025020886,2026-02-03,BUF,TBL,3,4,26,35
2025020886,2026-02-03,TBL,BUF,4,3,35,26
2025020887,2026-02-03,CBJ,NJD,3,0,25,24
2025020887,2026-02-03,NJD,CBJ,0,3,24,25
2025020888,2026-02-03,NYI,PIT,5,4,23,35
2025020888,2026-02-03,PIT,NYI,4,5,35,23
2025020889,2026-02-03,PHI,WSH,4,2,22,28
2025020889,2026-02-03,WSH,PHI,2,4,28,22
2025020890,2026-02-03,CAR,OTT,4,3,18,25
2025020890,2026-02-03,OTT,CAR,3,4,25,18
2025020891,2026-02-03,EDM,TOR,2,5,36,27
2025020891,2026-02-03,TOR,EDM,5,2,27,36
2025020892,2026-02-03,ANA,SEA,4,2,31,28
2025020892,2026-02-03,SEA,ANA,2,4,28,31
2025020893,2026-02-04,BOS,FLA,4,4,29,26
2025020893,2026-02-04,FLA,BOS,4,4,26,29
2025020894,2026-02-04,CBJ,CHI,4,0,20,20
2025020894,2026-02-04,CHI,CBJ,0,4,20,20
2025020895,2026-02-04,MTL,WPG,5,1,27,37
2025020895,2026-02-04,WPG,MTL,1,5,37,27
2025020896,2026-02-04,MIN,NSH,6,5,43,35
2025020896,2026-02-04,NSH,MIN,5,6,35,43
2025020897,2026-02-04,COL,SJS,4,2,42,25
2025020897,2026-02-04,SJS,COL,2,4,25,42
2025020898,2026-02-04,DET,UTA,1,4,30,25
2025020898,2026-02-04,UTA,DET,4,1,25,30
2025020899,2026-02-04,DAL,STL,5,4,28,18
2025020899,2026-02-04,STL,DAL,4,5,18,28
2025020900,2026-02-04,CGY,EDM,4,3,25,39
2025020900,2026-02-04,EDM,CGY,3,4,39,25
2025020901,2026-02-04,VAN,VGK,2,5,23,31
2025020901,2026-02-04,VGK,VAN,5,2,31,23
2025020902,2026-02-04,LAK,SEA,2,4,27,23
2025020902,2026-02-04,SEA,LAK,4,2,23,27
2025020903,2026-02-05,BUF,PIT,2,5,27,32
2025020903,2026-02-05,PIT,BUF,5,2,32,27
2025020904,2026-02-05,FLA,TBL,1,6,34,28
2025020904,2026-02-05,TBL,FLA,6,1,28,34
2025020905,2026-02-05,NJD,NYI,1,3,24,14
2025020905,2026-02-05,NYI,NJD,3,1,14,24
2025020906,2026-02-05,CAR,NYR,2,0,43,16
2025020906,2026-02-05,NYR,CAR,0,2,16,43
2025020907,2026-02-05,OTT,PHI,2,1,27,16
2025020907,2026-02-05,PHI,OTT,1,2,16,27
2025020908,2026-02-05,NSH,WSH,2,4,29,30
2025020908,2026-02-05,WSH,NSH,4,2,30,29
2025020909,2026-02-05,LAK,VGK,1,4,33,22
2025020909,2026-02-05,VGK,LAK,4,1,22,33
2025090001,2026-02-11,FIN,SVK,1,4,40,25
2025090001,2026-02-11,SVK,FIN,4,1,25,40
2025090002,2026-02-11,ITA,SWE,2,5,21,60
2025090002,2026-02-11,SWE,ITA,5,2,60,21
2025090003,2026-02-12,FRA,SUI,0,4,27,43
2025090003,2026-02-12,SUI,FRA,4,0,43,27
2025090004,2026-02-12,CAN,CZE,0,0,0,0
2025090004,2026-02-12,CZE,CAN,0,0,0,0
2025090005,2026-02-12,LAT,USA,1,5,18,38
2025090005,2026-02-12,USA,LAT,5,1,38,18
2025090006,2026-02-12,DEN,GER,1,3,38,26
2025090006,2026-02-12,GER,DEN,3,1,26,38
2025090007,2026-02-13,FIN,SWE,4,1,24,35
2025090007,2026-02-13,SWE,FIN,1,4,35,24
2025090008,2026-02-13,ITA,SVK,2,3,22,38
2025090008,2026-02-13,SVK,ITA,3,2,38,22
2025090009,2026-02-13,CZE,FRA,6,3,38,12
2025090009,2026-02-13,FRA,CZE,3,6,12,38
2025090010,2026-02-13,CAN,SUI,5,1,39,25
2025090010,2026-02-13,SUI,CAN,1,5,25,39
2025090011,2026-02-14,SVK,SWE,3,5,32,51
2025090011,2026-02-14,SWE,SVK,5,3,51,32
2025090012,2026-02-14,GER,LAT,3,4,29,22
2025090012,2026-02-14,LAT,GER,4,3,22,29
2025090013,2026-02-14,FIN,ITA,11,0,62,15
2025090013,2026-02-14,ITA,FIN,0,11,15,62
2025090014,2026-02-14,DEN,USA,3,6,21,47
2025090014,2026-02-14,USA,DEN,6,3,47,21
